Analyte Name,Sample ID,Sample Type,Control Level,Patient ID,Expected Value,Result,Unit,Run Date,Instrument,Operator,Batch ID,QC Flag
HbA1c,C001,CONTROL,L1,,5.20,5.13,%,2026-08-10,ARCH-c8000,J. Varade,HB-2026-08-C01,TRUE
HbA1c,C002,CONTROL,L2,,8.50,8.58,%,2026-08-11,ARCH-c4000,M. Kulkarni,HB-2026-08-C02,TRUE
HbA1c,C003,CONTROL,L3,,11.80,11.91,%,2026-08-12,ARCH-c8000,S. Rao,HB-2026-08-C03,TRUE
HbA1c,C004,CONTROL,L1,,5.20,5.21,%,2026-08-13,ARCH-c4000,J. Varade,HB-2026-08-C01,TRUE
HbA1c,C005,CONTROL,L2,,8.50,8.50,%,2026-08-14,ARCH-c8000,M. Kulkarni,HB-2026-08-C02,TRUE
HbA1c,C006,CONTROL,L3,,11.80,11.90,%,2026-08-10,ARCH-c4000,S. Rao,HB-2026-08-C03,TRUE
HbA1c,C007,CONTROL,L1,,5.20,5.23,%,2026-08-11,ARCH-c8000,J. Varade,HB-2026-08-C01,TRUE
HbA1c,C008,CONTROL,L2,,8.50,8.61,%,2026-08-12,ARCH-c4000,M. Kulkarni,HB-2026-08-C02,TRUE
HbA1c,C009,CONTROL,L3,,11.80,11.67,%,2026-08-13,ARCH-c8000,S. Rao,HB-2026-08-C03,TRUE
HbA1c,C010,CONTROL,L1,,5.20,5.15,%,2026-08-14,ARCH-c4000,J. Varade,HB-2026-08-C01,TRUE
HbA1c,C011,CONTROL,L2,,8.50,8.40,%,2026-08-10,ARCH-c8000,M. Kulkarni,HB-2026-08-C02,TRUE
HbA1c,C012,CONTROL,L3,,11.80,11.85,%,2026-08-11,ARCH-c4000,S. Rao,HB-2026-08-C03,TRUE
HbA1c,C013,CONTROL,L1,,5.20,5.13,%,2026-08-12,ARCH-c8000,J. Varade,HB-2026-08-C01,TRUE
HbA1c,C014,CONTROL,L2,,8.50,8.59,%,2026-08-13,ARCH-c4000,M. Kulkarni,HB-2026-08-C02,TRUE
HbA1c,C015,CONTROL,L3,,11.80,11.71,%,2026-08-14,ARCH-c8000,S. Rao,HB-2026-08-C03,TRUE
HbA1c,C016,CONTROL,L1,,5.20,5.24,%,2026-08-10,ARCH-c4000,J. Varade,HB-2026-08-C01,TRUE
HbA1c,C017,CONTROL,L2,,8.50,8.46,%,2026-08-11,ARCH-c8000,M. Kulkarni,HB-2026-08-C02,TRUE
HbA1c,C018,CONTROL,L3,,11.80,11.76,%,2026-08-12,ARCH-c4000,S. Rao,HB-2026-08-C03,TRUE
HbA1c,C019,CONTROL,L1,,5.20,5.19,%,2026-08-13,ARCH-c8000,J. Varade,HB-2026-08-C01,TRUE
HbA1c,C020,CONTROL,L2,,8.50,8.59,%,2026-08-14,ARCH-c4000,M. Kulkarni,HB-2026-08-C02,TRUE
HbA1c,CAL001,CALIBRATION,L1,,5.20,5.22,%,2026-08-10,ARCH-c8000,M. Kulkarni,HB-2026-08-K01,TRUE
HbA1c,CAL002,CALIBRATION,L2,,7.40,7.32,%,2026-08-11,ARCH-c4000,S. Rao,HB-2026-08-K02,TRUE
HbA1c,CAL003,CALIBRATION,L3,,9.60,9.52,%,2026-08-12,ARCH-c8000,J. Varade,HB-2026-08-K01,TRUE
HbA1c,CAL004,CALIBRATION,L4,,11.80,13.16,%,2026-08-13,ARCH-c4000,M. Kulkarni,HB-2026-08-K02,TRUE
HbA1c,CAL005,CALIBRATION,L5,,14.00,14.03,%,2026-08-10,ARCH-c8000,S. Rao,HB-2026-08-K01,TRUE
HbA1c,CAL006,CALIBRATION,L1,,5.20,5.21,%,2026-08-11,ARCH-c4000,J. Varade,HB-2026-08-K02,TRUE
HbA1c,CAL007,CALIBRATION,L2,,7.40,7.45,%,2026-08-12,ARCH-c8000,M. Kulkarni,HB-2026-08-K01,TRUE
HbA1c,CAL008,CALIBRATION,L3,,9.60,9.55,%,2026-08-13,ARCH-c4000,S. Rao,HB-2026-08-K02,TRUE
HbA1c,CAL009,CALIBRATION,L4,,11.80,11.69,%,2026-08-10,ARCH-c8000,J. Varade,HB-2026-08-K01,TRUE
HbA1c,CAL010,CALIBRATION,L5,,14.00,14.14,%,2026-08-11,ARCH-c4000,M. Kulkarni,HB-2026-08-K02,TRUE
HbA1c,P0001,PATIENT,,PAT0001,,7.5,%,2026-08-10,ARCH-c8000,J. Varade,HB-2026-08-P01,FALSE
HbA1c,P0002,PATIENT,,PAT0002,,7.5,%,2026-08-11,ARCH-c4000,M. Kulkarni,HB-2026-08-P02,TRUE
HbA1c,P0003,PATIENT,,PAT0003,,5.8,%,2026-08-12,ARCH-c8000,S. Rao,HB-2026-08-P03,TRUE
HbA1c,P0004,PATIENT,,PAT0004,,6.0,%,2026-08-13,ARCH-c4000,J. Varade,HB-2026-08-P04,TRUE
HbA1c,P0005,PATIENT,,PAT0005,,6.2,%,2026-08-14,ARCH-c8000,M. Kulkarni,HB-2026-08-P05,TRUE
HbA1c,P0006,PATIENT,,PAT0006,,6.9,%,2026-08-15,ARCH-c4000,S. Rao,HB-2026-08-P06,TRUE
HbA1c,P0007,PATIENT,,PAT0007,,6.7,%,2026-08-10,ARCH-c8000,J. Varade,HB-2026-08-P07,TRUE
HbA1c,P0008,PATIENT,,PAT0008,,7.3,%,2026-08-11,ARCH-c4000,M. Kulkarni,HB-2026-08-P08,TRUE
HbA1c,P0009,PATIENT,,PAT0009,,7.4,%,2026-08-12,ARCH-c8000,S. Rao,HB-2026-08-P09,TRUE
HbA1c,P0010,PATIENT,,PAT0010,,5.7,%,2026-08-13,ARCH-c4000,J. Varade,HB-2026-08-P10,TRUE
HbA1c,P0011,PATIENT,,PAT0011,,7.2,%,2026-08-14,ARCH-c8000,M. Kulkarni,HB-2026-08-P11,TRUE
HbA1c,P0012,PATIENT,,PAT0012,,7.2,%,2026-08-15,ARCH-c4000,S. Rao,HB-2026-08-P12,TRUE
HbA1c,P0013,PATIENT,,PAT0013,,7.5,%,2026-08-10,ARCH-c8000,J. Varade,HB-2026-08-P01,TRUE
HbA1c,P0014,PATIENT,,PAT0014,,5.3,%,2026-08-11,ARCH-c4000,M. Kulkarni,HB-2026-08-P02,TRUE
HbA1c,P0015,PATIENT,,PAT0015,,8.4,%,2026-08-12,ARCH-c8000,S. Rao,HB-2026-08-P03,TRUE
HbA1c,P0016,PATIENT,,PAT0016,,6.2,%,2026-08-13,ARCH-c4000,J. Varade,HB-2026-08-P04,TRUE
HbA1c,P0017,PATIENT,,PAT0017,,7.1,%,2026-08-14,ARCH-c8000,M. Kulkarni,HB-2026-08-P05,TRUE
HbA1c,P0018,PATIENT,,PAT0018,,6.4,%,2026-08-15,ARCH-c4000,S. Rao,HB-2026-08-P06,TRUE
HbA1c,P0019,PATIENT,,PAT0019,,5.3,%,2026-08-10,ARCH-c8000,J. Varade,HB-2026-08-P07,TRUE
HbA1c,P0020,PATIENT,,PAT0020,,4.4,%,2026-08-11,ARCH-c4000,M. Kulkarni,HB-2026-08-P08,TRUE
HbA1c,P0021,PATIENT,,PAT0021,,7.3,%,2026-08-12,ARCH-c8000,S. Rao,HB-2026-08-P09,TRUE
HbA1c,P0022,PATIENT,,PAT0022,,6.7,%,2026-08-13,ARCH-c4000,J. Varade,HB-2026-08-P10,TRUE
HbA1c,P0023,PATIENT,,PAT0023,,7.6,%,2026-08-14,ARCH-c8000,M. Kulkarni,HB-2026-08-P11,TRUE
HbA1c,P0024,PATIENT,,PAT0024,,5.6,%,2026-08-15,ARCH-c4000,S. Rao,HB-2026-08-P12,TRUE
HbA1c,P0025,PATIENT,,PAT0025,,7.7,%,2026-08-10,ARCH-c8000,J. Varade,HB-2026-08-P01,TRUE
HbA1c,P0026,PATIENT,,PAT0026,,6.8,%,2026-08-11,ARCH-c4000,M. Kulkarni,HB-2026-08-P02,TRUE
HbA1c,P0027,PATIENT,,PAT0027,,7.4,%,2026-08-12,ARCH-c8000,S. Rao,HB-2026-08-P03,TRUE
HbA1c,P0028,PATIENT,,PAT0028,,5.1,%,2026-08-13,ARCH-c4000,J. Varade,HB-2026-08-P04,TRUE
HbA1c,P0029,PATIENT,,PAT0029,,7.1,%,2026-08-14,ARCH-c8000,M. Kulkarni,HB-2026-08-P05,TRUE
HbA1c,P0030,PATIENT,,PAT0030,,8.0,%,2026-08-15,ARCH-c4000,S. Rao,HB-2026-08-P06,TRUE
HbA1c,P0031,PATIENT,,PAT0031,,10.3,%,2026-08-10,ARCH-c8000,J. Varade,HB-2026-08-P07,TRUE
HbA1c,P0032,PATIENT,,PAT0032,,5.4,%,2026-08-11,ARCH-c4000,M. Kulkarni,HB-2026-08-P08,TRUE
HbA1c,P0033,PATIENT,,PAT0033,,6.8,%,2026-08-12,ARCH-c8000,S. Rao,HB-2026-08-P09,TRUE
HbA1c,P0034,PATIENT,,PAT0034,,6.8,%,2026-08-13,ARCH-c4000,J. Varade,HB-2026-08-P10,TRUE
HbA1c,P0035,PATIENT,,PAT0035,,6.4,%,2026-08-14,ARCH-c8000,M. Kulkarni,HB-2026-08-P11,TRUE
HbA1c,P0036,PATIENT,,PAT0036,,7.4,%,2026-08-15,ARCH-c4000,S. Rao,HB-2026-08-P12,TRUE
HbA1c,P0037,PATIENT,,PAT0037,,8.5,%,2026-08-10,ARCH-c8000,J. Varade,HB-2026-08-P01,TRUE
HbA1c,P0038,PATIENT,,PAT0038,,7.4,%,2026-08-11,ARCH-c4000,M. Kulkarni,HB-2026-08-P02,TRUE
HbA1c,P0039,PATIENT,,PAT0039,,6.4,%,2026-08-12,ARCH-c8000,S. Rao,HB-2026-08-P03,TRUE
HbA1c,P0040,PATIENT,,PAT0040,,6.6,%,2026-08-13,ARCH-c4000,J. Varade,HB-2026-08-P04,TRUE
HbA1c,P0041,PATIENT,,PAT0041,,7.1,%,2026-08-14,ARCH-c8000,M. Kulkarni,HB-2026-08-P05,TRUE
HbA1c,P0042,PATIENT,,PAT0042,,7.8,%,2026-08-15,ARCH-c4000,S. Rao,HB-2026-08-P06,TRUE
HbA1c,P0043,PATIENT,,PAT0043,,6.7,%,2026-08-10,ARCH-c8000,J. Varade,HB-2026-08-P07,TRUE
HbA1c,P0044,PATIENT,,PAT0044,,7.3,%,2026-08-11,ARCH-c4000,M. Kulkarni,HB-2026-08-P08,TRUE
HbA1c,P0045,PATIENT,,PAT0045,,6.2,%,2026-08-12,ARCH-c8000,S. Rao,HB-2026-08-P09,TRUE
HbA1c,P0046,PATIENT,,PAT0046,,7.9,%,2026-08-13,ARCH-c4000,J. Varade,HB-2026-08-P10,TRUE
HbA1c,P0047,PATIENT,,PAT0047,,8.0,%,2026-08-14,ARCH-c8000,M. Kulkarni,HB-2026-08-P11,TRUE
HbA1c,P0048,PATIENT,,PAT0048,,6.0,%,2026-08-15,ARCH-c4000,S. Rao,HB-2026-08-P12,TRUE
HbA1c,P0049,PATIENT,,PAT0049,,6.3,%,2026-08-10,ARCH-c8000,J. Varade,HB-2026-08-P01,TRUE
HbA1c,P0050,PATIENT,,PAT0050,,6.3,%,2026-08-11,ARCH-c4000,M. Kulkarni,HB-2026-08-P02,TRUE
HbA1c,P0051,PATIENT,,PAT0051,,6.5,%,2026-08-12,ARCH-c8000,S. Rao,HB-2026-08-P03,TRUE
HbA1c,P0052,PATIENT,,PAT0052,,8.5,%,2026-08-13,ARCH-c4000,J. Varade,HB-2026-08-P04,TRUE
HbA1c,P0053,PATIENT,,PAT0053,,5.5,%,2026-08-14,ARCH-c8000,M. Kulkarni,HB-2026-08-P05,TRUE
HbA1c,P0054,PATIENT,,PAT0054,,7.5,%,2026-08-15,ARCH-c4000,S. Rao,HB-2026-08-P06,TRUE
HbA1c,P0055,PATIENT,,PAT0055,,7.5,%,2026-08-10,ARCH-c8000,J. Varade,HB-2026-08-P07,TRUE
HbA1c,P0056,PATIENT,,PAT0056,,5.8,%,2026-08-11,ARCH-c4000,M. Kulkarni,HB-2026-08-P08,TRUE
HbA1c,P0057,PATIENT,,PAT0057,,8.1,%,2026-08-12,ARCH-c8000,S. Rao,HB-2026-08-P09,TRUE
HbA1c,P0058,PATIENT,,PAT0058,,8.1,%,2026-08-13,ARCH-c4000,J. Varade,HB-2026-08-P10,TRUE
HbA1c,P0059,PATIENT,,PAT0059,,7.3,%,2026-08-14,ARCH-c8000,M. Kulkarni,HB-2026-08-P11,TRUE
HbA1c,P0060,PATIENT,,PAT0060,,6.2,%,2026-08-15,ARCH-c4000,S. Rao,HB-2026-08-P12,TRUE
HbA1c,P0061,PATIENT,,PAT0061,,6.5,%,2026-08-10,ARCH-c8000,J. Varade,HB-2026-08-P01,TRUE
HbA1c,P0062,PATIENT,,PAT0062,,5.4,%,2026-08-11,ARCH-c4000,M. Kulkarni,HB-2026-08-P02,TRUE
HbA1c,P0063,PATIENT,,PAT0063,,8.1,%,2026-08-12,ARCH-c8000,S. Rao,HB-2026-08-P03,TRUE
HbA1c,P0064,PATIENT,,PAT0064,,6.4,%,2026-08-13,ARCH-c4000,J. Varade,HB-2026-08-P04,TRUE
HbA1c,P0065,PATIENT,,PAT0065,,8.0,%,2026-08-14,ARCH-c8000,M. Kulkarni,HB-2026-08-P05,TRUE
HbA1c,P0066,PATIENT,,PAT0066,,6.2,%,2026-08-15,ARCH-c4000,S. Rao,HB-2026-08-P06,TRUE
HbA1c,P0067,PATIENT,,PAT0067,,6.9,%,2026-08-10,ARCH-c8000,J. Varade,HB-2026-08-P07,TRUE
HbA1c,P0068,PATIENT,,PAT0068,,5.7,%,2026-08-11,ARCH-c4000,M. Kulkarni,HB-2026-08-P08,TRUE
HbA1c,P0069,PATIENT,,PAT0069,,7.5,%,2026-08-12,ARCH-c8000,S. Rao,HB-2026-08-P09,TRUE
HbA1c,P0070,PATIENT,,PAT0070,,5.6,%,2026-08-13,ARCH-c4000,J. Varade,HB-2026-08-P10,TRUE
HbA1c,P0071,PATIENT,,PAT0071,,5.9,%,2026-08-14,ARCH-c8000,M. Kulkarni,HB-2026-08-P11,TRUE
HbA1c,P0072,PATIENT,,PAT0072,,8.0,%,2026-08-15,ARCH-c4000,S. Rao,HB-2026-08-P12,TRUE
HbA1c,P0073,PATIENT,,PAT0073,,6.8,%,2026-08-10,ARCH-c8000,J. Varade,HB-2026-08-P01,TRUE
HbA1c,P0074,PATIENT,,PAT0074,,5.8,%,2026-08-11,ARCH-c4000,M. Kulkarni,HB-2026-08-P02,TRUE
HbA1c,P0075,PATIENT,,PAT0075,,7.4,%,2026-08-12,ARCH-c8000,S. Rao,HB-2026-08-P03,TRUE
HbA1c,P0076,PATIENT,,PAT0076,,8.3,%,2026-08-13,ARCH-c4000,J. Varade,HB-2026-08-P04,TRUE
HbA1c,P0077,PATIENT,,PAT0077,,7.0,%,2026-08-14,ARCH-c8000,M. Kulkarni,HB-2026-08-P05,TRUE
HbA1c,P0078,PATIENT,,PAT0078,,6.5,%,2026-08-15,ARCH-c4000,S. Rao,HB-2026-08-P06,TRUE
HbA1c,P0079,PATIENT,,PAT0079,,6.6,%,2026-08-10,ARCH-c8000,J. Varade,HB-2026-08-P07,TRUE
HbA1c,P0080,PATIENT,,PAT0080,,6.6,%,2026-08-11,ARCH-c4000,M. Kulkarni,HB-2026-08-P08,TRUE
HbA1c,P0081,PATIENT,,PAT0081,,7.1,%,2026-08-12,ARCH-c8000,S. Rao,HB-2026-08-P09,TRUE
HbA1c,P0082,PATIENT,,PAT0082,,5.3,%,2026-08-13,ARCH-c4000,J. Varade,HB-2026-08-P10,TRUE
HbA1c,P0083,PATIENT,,PAT0083,,7.9,%,2026-08-14,ARCH-c8000,M. Kulkarni,HB-2026-08-P11,TRUE
HbA1c,P0084,PATIENT,,PAT0084,,6.8,%,2026-08-15,ARCH-c4000,S. Rao,HB-2026-08-P12,TRUE
HbA1c,P0085,PATIENT,,PAT0085,,6.4,%,2026-08-10,ARCH-c8000,J. Varade,HB-2026-08-P01,TRUE
HbA1c,P0086,PATIENT,,PAT0086,,8.1,%,2026-08-11,ARCH-c4000,M. Kulkarni,HB-2026-08-P02,TRUE
HbA1c,P0087,PATIENT,,PAT0087,,8.1,%,2026-08-12,ARCH-c8000,S. Rao,HB-2026-08-P03,TRUE
HbA1c,P0088,PATIENT,,PAT0088,,7.0,%,2026-08-13,ARCH-c4000,J. Varade,HB-2026-08-P04,TRUE
HbA1c,P0089,PATIENT,,PAT0089,,9.2,%,2026-08-14,ARCH-c8000,M. Kulkarni,HB-2026-08-P05,TRUE
HbA1c,P0090,PATIENT,,PAT0090,,7.3,%,2026-08-15,ARCH-c4000,S. Rao,HB-2026-08-P06,TRUE
HbA1c,P0091,PATIENT,,PAT0091,,7.9,%,2026-08-10,ARCH-c8000,J. Varade,HB-2026-08-P07,TRUE
HbA1c,P0092,PATIENT,,PAT0092,,2.2,%,2026-08-11,ARCH-c4000,M. Kulkarni,HB-2026-08-P08,TRUE
HbA1c,P0093,PATIENT,,PAT0093,,6.1,%,2026-08-12,ARCH-c8000,S. Rao,HB-2026-08-P09,TRUE
HbA1c,P0094,PATIENT,,PAT0094,,6.5,%,2026-08-13,ARCH-c4000,J. Varade,HB-2026-08-P10,TRUE
HbA1c,P0095,PATIENT,,PAT0095,,6.9,%,2026-08-14,ARCH-c8000,M. Kulkarni,HB-2026-08-P11,TRUE
HbA1c,P0096,PATIENT,,PAT0096,,7.9,%,2026-08-15,ARCH-c4000,S. Rao,HB-2026-08-P12,TRUE
HbA1c,P0097,PATIENT,,PAT0097,,7.9,%,2026-08-10,ARCH-c8000,J. Varade,HB-2026-08-P01,TRUE
HbA1c,P0098,PATIENT,,PAT0098,,6.8,%,2026-08-11,ARCH-c4000,M. Kulkarni,HB-2026-08-P02,FALSE
HbA1c,P0099,PATIENT,,PAT0099,,6.9,%,2026-08-12,ARCH-c8000,S. Rao,HB-2026-08-P03,TRUE
HbA1c,P0100,PATIENT,,PAT0100,,6.9,%,2026-08-13,ARCH-c4000,J. Varade,HB-2026-08-P04,TRUE
HbA1c,P0101,PATIENT,,PAT0101,,8.4,%,2026-08-14,ARCH-c8000,M. Kulkarni,HB-2026-08-P05,TRUE
HbA1c,P0102,PATIENT,,PAT0102,,7.5,%,2026-08-15,ARCH-c4000,S. Rao,HB-2026-08-P06,TRUE
HbA1c,P0103,PATIENT,,PAT0103,,6.7,%,2026-08-10,ARCH-c8000,J. Varade,HB-2026-08-P07,TRUE
HbA1c,P0104,PATIENT,,PAT0104,,7.0,%,2026-08-11,ARCH-c4000,M. Kulkarni,HB-2026-08-P08,TRUE
HbA1c,P0105,PATIENT,,PAT0105,,5.9,%,2026-08-12,ARCH-c8000,S. Rao,HB-2026-08-P09,TRUE
HbA1c,P0106,PATIENT,,PAT0106,,6.4,%,2026-08-13,ARCH-c4000,J. Varade,HB-2026-08-P10,TRUE
HbA1c,P0107,PATIENT,,PAT0107,,8.1,%,2026-08-14,ARCH-c8000,M. Kulkarni,HB-2026-08-P11,TRUE
HbA1c,P0108,PATIENT,,PAT0108,,6.4,%,2026-08-15,ARCH-c4000,S. Rao,HB-2026-08-P12,TRUE
HbA1c,P0109,PATIENT,,PAT0109,,5.8,%,2026-08-10,ARCH-c8000,J. Varade,HB-2026-08-P01,TRUE
HbA1c,P0110,PATIENT,,PAT0110,,2.9,%,2026-08-11,ARCH-c4000,M. Kulkarni,HB-2026-08-P02,TRUE
HbA1c,P0111,PATIENT,,PAT0111,,6.6,%,2026-08-12,ARCH-c8000,S. Rao,HB-2026-08-P03,TRUE
HbA1c,P0112,PATIENT,,PAT0112,,7.2,%,2026-08-13,ARCH-c4000,J. Varade,HB-2026-08-P04,TRUE
HbA1c,P0113,PATIENT,,PAT0113,,5.4,%,2026-08-14,ARCH-c8000,M. Kulkarni,HB-2026-08-P05,TRUE
HbA1c,P0114,PATIENT,,PAT0114,,8.3,%,2026-08-15,ARCH-c4000,S. Rao,HB-2026-08-P06,TRUE
HbA1c,P0115,PATIENT,,PAT0115,,6.1,%,2026-08-10,ARCH-c8000,J. Varade,HB-2026-08-P07,TRUE
HbA1c,P0116,PATIENT,,PAT0116,,8.3,%,2026-08-11,ARCH-c4000,M. Kulkarni,HB-2026-08-P08,TRUE
HbA1c,P0117,PATIENT,,PAT0117,,7.4,%,2026-08-12,ARCH-c8000,S. Rao,HB-2026-08-P09,TRUE
HbA1c,P0118,PATIENT,,PAT0118,,8.1,%,2026-08-13,ARCH-c4000,J. Varade,HB-2026-08-P10,TRUE
HbA1c,P0119,PATIENT,,PAT0119,,6.5,%,2026-08-14,ARCH-c8000,M. Kulkarni,HB-2026-08-P11,TRUE
HbA1c,P0120,PATIENT,,PAT0120,,7.2,%,2026-08-15,ARCH-c4000,S. Rao,HB-2026-08-P12,TRUE
HbA1c,P0121,PATIENT,,PAT0121,,5.9,%,2026-08-10,ARCH-c8000,J. Varade,HB-2026-08-P01,TRUE
HbA1c,P0122,PATIENT,,PAT0122,,5.3,%,2026-08-11,ARCH-c4000,M. Kulkarni,HB-2026-08-P02,TRUE
HbA1c,P0123,PATIENT,,PAT0123,,8.8,%,2026-08-12,ARCH-c8000,S. Rao,HB-2026-08-P03,TRUE
HbA1c,P0124,PATIENT,,PAT0124,,7.5,%,2026-08-13,ARCH-c4000,J. Varade,HB-2026-08-P04,TRUE
HbA1c,P0125,PATIENT,,PAT0125,,7.3,%,2026-08-14,ARCH-c8000,M. Kulkarni,HB-2026-08-P05,TRUE
HbA1c,P0126,PATIENT,,PAT0126,,6.3,%,2026-08-15,ARCH-c4000,S. Rao,HB-2026-08-P06,TRUE
HbA1c,P0127,PATIENT,,PAT0127,,7.8,%,2026-08-10,ARCH-c8000,J. Varade,HB-2026-08-P07,TRUE
HbA1c,P0128,PATIENT,,PAT0128,,6.6,%,2026-08-11,ARCH-c4000,M. Kulkarni,HB-2026-08-P08,TRUE
HbA1c,P0129,PATIENT,,PAT0129,,7.5,%,2026-08-12,ARCH-c8000,S. Rao,HB-2026-08-P09,TRUE
HbA1c,P0130,PATIENT,,PAT0130,,4.9,%,2026-08-13,ARCH-c4000,J. Varade,HB-2026-08-P10,TRUE
HbA1c,P0131,PATIENT,,PAT0131,,4.2,%,2026-08-14,ARCH-c8000,M. Kulkarni,HB-2026-08-P11,TRUE
HbA1c,P0132,PATIENT,,PAT0132,,7.1,%,2026-08-15,ARCH-c4000,S. Rao,HB-2026-08-P12,TRUE
HbA1c,P0133,PATIENT,,PAT0133,,7.0,%,2026-08-10,ARCH-c8000,J. Varade,HB-2026-08-P01,TRUE
HbA1c,P0134,PATIENT,,PAT0134,,6.1,%,2026-08-11,ARCH-c4000,M. Kulkarni,HB-2026-08-P02,TRUE
HbA1c,P0135,PATIENT,,PAT0135,,7.2,%,2026-08-12,ARCH-c8000,S. Rao,HB-2026-08-P03,TRUE
HbA1c,P0136,PATIENT,,PAT0136,,8.8,%,2026-08-13,ARCH-c4000,J. Varade,HB-2026-08-P04,TRUE
HbA1c,P0137,PATIENT,,PAT0137,,5.9,%,2026-08-14,ARCH-c8000,M. Kulkarni,HB-2026-08-P05,TRUE
HbA1c,P0138,PATIENT,,PAT0138,,6.6,%,2026-08-15,ARCH-c4000,S. Rao,HB-2026-08-P06,TRUE
HbA1c,P0139,PATIENT,,PAT0139,,8.2,%,2026-08-10,ARCH-c8000,J. Varade,HB-2026-08-P07,TRUE
HbA1c,P0140,PATIENT,,PAT0140,,15.5,%,2026-08-11,ARCH-c4000,M. Kulkarni,HB-2026-08-P08,TRUE
HbA1c,P0141,PATIENT,,PAT0141,,6.8,%,2026-08-12,ARCH-c8000,S. Rao,HB-2026-08-P09,TRUE
HbA1c,P0142,PATIENT,,PAT0142,,6.3,%,2026-08-13,ARCH-c4000,J. Varade,HB-2026-08-P10,TRUE
HbA1c,P0143,PATIENT,,PAT0143,,6.6,%,2026-08-14,ARCH-c8000,M. Kulkarni,HB-2026-08-P11,TRUE
HbA1c,P0144,PATIENT,,PAT0144,,6.2,%,2026-08-15,ARCH-c4000,S. Rao,HB-2026-08-P12,TRUE
HbA1c,P0145,PATIENT,,PAT0145,,2.9,%,2026-08-10,ARCH-c8000,J. Varade,HB-2026-08-P01,TRUE
HbA1c,P0146,PATIENT,,PAT0146,,6.5,%,2026-08-11,ARCH-c4000,M. Kulkarni,HB-2026-08-P02,TRUE
HbA1c,P0147,PATIENT,,PAT0147,,7.1,%,2026-08-12,ARCH-c8000,S. Rao,HB-2026-08-P03,TRUE
HbA1c,P0148,PATIENT,,PAT0148,,6.3,%,2026-08-13,ARCH-c4000,J. Varade,HB-2026-08-P04,TRUE
HbA1c,P0149,PATIENT,,PAT0149,,6.4,%,2026-08-14,ARCH-c8000,M. Kulkarni,HB-2026-08-P05,TRUE
HbA1c,P0150,PATIENT,,PAT0150,,8.2,%,2026-08-15,ARCH-c4000,S. Rao,HB-2026-08-P06,TRUE
HbA1c,P0151,PATIENT,,PAT0151,,6.5,%,2026-08-10,ARCH-c8000,J. Varade,HB-2026-08-P07,TRUE
HbA1c,P0152,PATIENT,,PAT0152,,8.9,%,2026-08-11,ARCH-c4000,M. Kulkarni,HB-2026-08-P08,TRUE
HbA1c,P0153,PATIENT,,PAT0153,,5.2,%,2026-08-12,ARCH-c8000,S. Rao,HB-2026-08-P09,TRUE
HbA1c,P0154,PATIENT,,PAT0154,,6.3,%,2026-08-13,ARCH-c4000,J. Varade,HB-2026-08-P10,TRUE
HbA1c,P0155,PATIENT,,PAT0155,,8.4,%,2026-08-14,ARCH-c8000,M. Kulkarni,HB-2026-08-P11,TRUE
HbA1c,P0156,PATIENT,,PAT0156,,9.3,%,2026-08-15,ARCH-c4000,S. Rao,HB-2026-08-P12,TRUE
HbA1c,P0157,PATIENT,,PAT0157,,7.5,%,2026-08-10,ARCH-c8000,J. Varade,HB-2026-08-P01,TRUE
HbA1c,P0158,PATIENT,,PAT0158,,6.9,%,2026-08-11,ARCH-c4000,M. Kulkarni,HB-2026-08-P02,TRUE
HbA1c,P0159,PATIENT,,PAT0159,,7.7,%,2026-08-12,ARCH-c8000,S. Rao,HB-2026-08-P03,TRUE
HbA1c,P0160,PATIENT,,PAT0160,,6.9,%,2026-08-13,ARCH-c4000,J. Varade,HB-2026-08-P04,TRUE
HbA1c,P0161,PATIENT,,PAT0161,,6.0,%,2026-08-14,ARCH-c8000,M. Kulkarni,HB-2026-08-P05,TRUE
HbA1c,P0162,PATIENT,,PAT0162,,10.5,%,2026-08-15,ARCH-c4000,S. Rao,HB-2026-08-P06,TRUE
HbA1c,P0163,PATIENT,,PAT0163,,5.8,%,2026-08-10,ARCH-c8000,J. Varade,HB-2026-08-P07,TRUE
HbA1c,P0164,PATIENT,,PAT0164,,7.5,%,2026-08-11,ARCH-c4000,M. Kulkarni,HB-2026-08-P08,TRUE
HbA1c,P0165,PATIENT,,PAT0165,,6.7,%,2026-08-12,ARCH-c8000,S. Rao,HB-2026-08-P09,TRUE
HbA1c,P0166,PATIENT,,PAT0166,,8.1,%,2026-08-13,ARCH-c4000,J. Varade,HB-2026-08-P10,TRUE
HbA1c,P0167,PATIENT,,PAT0167,,8.1,%,2026-08-14,ARCH-c8000,M. Kulkarni,HB-2026-08-P11,TRUE
HbA1c,P0168,PATIENT,,PAT0168,,7.2,%,2026-08-15,ARCH-c4000,S. Rao,HB-2026-08-P12,TRUE
HbA1c,P0169,PATIENT,,PAT0169,,5.5,%,2026-08-10,ARCH-c8000,J. Varade,HB-2026-08-P01,TRUE
HbA1c,P0170,PATIENT,,PAT0170,,6.7,%,2026-08-11,ARCH-c4000,M. Kulkarni,HB-2026-08-P02,TRUE
HbA1c,P0171,PATIENT,,PAT0171,,5.0,%,2026-08-12,ARCH-c8000,S. Rao,HB-2026-08-P03,TRUE
HbA1c,P0172,PATIENT,,PAT0172,,7.0,%,2026-08-13,ARCH-c4000,J. Varade,HB-2026-08-P04,TRUE
HbA1c,P0173,PATIENT,,PAT0173,,6.0,%,2026-08-14,ARCH-c8000,M. Kulkarni,HB-2026-08-P05,TRUE
HbA1c,P0174,PATIENT,,PAT0174,,6.6,%,2026-08-15,ARCH-c4000,S. Rao,HB-2026-08-P06,TRUE
HbA1c,P0175,PATIENT,,PAT0175,,5.4,%,2026-08-10,ARCH-c8000,J. Varade,HB-2026-08-P07,TRUE
HbA1c,P0176,PATIENT,,PAT0176,,4.8,%,2026-08-11,ARCH-c4000,M. Kulkarni,HB-2026-08-P08,TRUE
HbA1c,P0177,PATIENT,,PAT0177,,4.9,%,2026-08-12,ARCH-c8000,S. Rao,HB-2026-08-P09,TRUE
HbA1c,P0178,PATIENT,,PAT0178,,5.3,%,2026-08-13,ARCH-c4000,J. Varade,HB-2026-08-P10,TRUE
HbA1c,P0179,PATIENT,,PAT0179,,6.3,%,2026-08-14,ARCH-c8000,M. Kulkarni,HB-2026-08-P11,TRUE
HbA1c,P0180,PATIENT,,PAT0180,,8.0,%,2026-08-15,ARCH-c4000,S. Rao,HB-2026-08-P12,TRUE
HbA1c,P0181,PATIENT,,PAT0181,,13.4,%,2026-08-10,ARCH-c8000,J. Varade,HB-2026-08-P01,TRUE
HbA1c,P0182,PATIENT,,PAT0182,,6.8,%,2026-08-11,ARCH-c4000,M. Kulkarni,HB-2026-08-P02,TRUE
HbA1c,P0183,PATIENT,,PAT0183,,6.2,%,2026-08-12,ARCH-c8000,S. Rao,HB-2026-08-P03,TRUE
HbA1c,P0184,PATIENT,,PAT0184,,7.1,%,2026-08-13,ARCH-c4000,J. Varade,HB-2026-08-P04,TRUE
HbA1c,P0185,PATIENT,,PAT0185,,6.0,%,2026-08-14,ARCH-c8000,M. Kulkarni,HB-2026-08-P05,TRUE
HbA1c,P0186,PATIENT,,PAT0186,,7.4,%,2026-08-15,ARCH-c4000,S. Rao,HB-2026-08-P06,TRUE
HbA1c,P0187,PATIENT,,PAT0187,,7.1,%,2026-08-10,ARCH-c8000,J. Varade,HB-2026-08-P07,TRUE
HbA1c,P0188,PATIENT,,PAT0188,,6.7,%,2026-08-11,ARCH-c4000,M. Kulkarni,HB-2026-08-P08,TRUE
HbA1c,P0189,PATIENT,,PAT0189,,7.0,%,2026-08-12,ARCH-c8000,S. Rao,HB-2026-08-P09,TRUE
HbA1c,P0190,PATIENT,,PAT0190,,8.0,%,2026-08-13,ARCH-c4000,J. Varade,HB-2026-08-P10,TRUE
HbA1c,P0191,PATIENT,,PAT0191,,16.8,%,2026-08-14,ARCH-c8000,M. Kulkarni,HB-2026-08-P11,TRUE
HbA1c,P0192,PATIENT,,PAT0192,,7.9,%,2026-08-15,ARCH-c4000,S. Rao,HB-2026-08-P12,TRUE
HbA1c,P0193,PATIENT,,PAT0193,,6.5,%,2026-08-10,ARCH-c8000,J. Varade,HB-2026-08-P01,TRUE
HbA1c,P0194,PATIENT,,PAT0194,,5.6,%,2026-08-11,ARCH-c4000,M. Kulkarni,HB-2026-08-P02,TRUE
HbA1c,P0195,PATIENT,,PAT0195,,8.5,%,2026-08-12,ARCH-c8000,S. Rao,HB-2026-08-P03,FALSE
HbA1c,P0196,PATIENT,,PAT0196,,4.4,%,2026-08-13,ARCH-c4000,J. Varade,HB-2026-08-P04,TRUE
HbA1c,P0197,PATIENT,,PAT0197,,7.1,%,2026-08-14,ARCH-c8000,M. Kulkarni,HB-2026-08-P05,TRUE
HbA1c,P0198,PATIENT,,PAT0198,,8.2,%,2026-08-15,ARCH-c4000,S. Rao,HB-2026-08-P06,TRUE
HbA1c,P0199,PATIENT,,PAT0199,,6.2,%,2026-08-10,ARCH-c8000,J. Varade,HB-2026-08-P07,TRUE
HbA1c,P0200,PATIENT,,PAT0200,,6.9,%,2026-08-11,ARCH-c4000,M. Kulkarni,HB-2026-08-P08,TRUE
HbA1c,P0201,PATIENT,,PAT0201,,8.4,%,2026-08-12,ARCH-c8000,S. Rao,HB-2026-08-P09,TRUE
HbA1c,P0202,PATIENT,,PAT0202,,10.1,%,2026-08-13,ARCH-c4000,J. Varade,HB-2026-08-P10,TRUE
HbA1c,P0203,PATIENT,,PAT0203,,5.6,%,2026-08-14,ARCH-c8000,M. Kulkarni,HB-2026-08-P11,TRUE
HbA1c,P0204,PATIENT,,PAT0204,,7.4,%,2026-08-15,ARCH-c4000,S. Rao,HB-2026-08-P12,TRUE
HbA1c,P0205,PATIENT,,PAT0205,,16.4,%,2026-08-10,ARCH-c8000,J. Varade,HB-2026-08-P01,TRUE
HbA1c,P0206,PATIENT,,PAT0206,,4.7,%,2026-08-11,ARCH-c4000,M. Kulkarni,HB-2026-08-P02,TRUE
HbA1c,P0207,PATIENT,,PAT0207,,6.9,%,2026-08-12,ARCH-c8000,S. Rao,HB-2026-08-P03,TRUE
HbA1c,P0208,PATIENT,,PAT0208,,8.2,%,2026-08-13,ARCH-c4000,J. Varade,HB-2026-08-P04,TRUE
HbA1c,P0209,PATIENT,,PAT0209,,8.1,%,2026-08-14,ARCH-c8000,M. Kulkarni,HB-2026-08-P05,TRUE
HbA1c,P0210,PATIENT,,PAT0210,,8.0,%,2026-08-15,ARCH-c4000,S. Rao,HB-2026-08-P06,TRUE
HbA1c,P0211,PATIENT,,PAT0211,,8.2,%,2026-08-10,ARCH-c8000,J. Varade,HB-2026-08-P07,TRUE
HbA1c,P0212,PATIENT,,PAT0212,,6.7,%,2026-08-11,ARCH-c4000,M. Kulkarni,HB-2026-08-P08,TRUE
HbA1c,P0213,PATIENT,,PAT0213,,6.6,%,2026-08-12,ARCH-c8000,S. Rao,HB-2026-08-P09,TRUE
HbA1c,P0214,PATIENT,,PAT0214,,7.9,%,2026-08-13,ARCH-c4000,J. Varade,HB-2026-08-P10,TRUE
HbA1c,P0215,PATIENT,,PAT0215,,5.4,%,2026-08-14,ARCH-c8000,M. Kulkarni,HB-2026-08-P11,TRUE
HbA1c,P0216,PATIENT,,PAT0216,,7.2,%,2026-08-15,ARCH-c4000,S. Rao,HB-2026-08-P12,TRUE
HbA1c,P0217,PATIENT,,PAT0217,,5.6,%,2026-08-10,ARCH-c8000,J. Varade,HB-2026-08-P01,TRUE
HbA1c,P0218,PATIENT,,PAT0218,,6.1,%,2026-08-11,ARCH-c4000,M. Kulkarni,HB-2026-08-P02,TRUE
HbA1c,P0219,PATIENT,,PAT0219,,5.9,%,2026-08-12,ARCH-c8000,S. Rao,HB-2026-08-P03,TRUE
HbA1c,P0220,PATIENT,,PAT0220,,4.4,%,2026-08-13,ARCH-c4000,J. Varade,HB-2026-08-P04,TRUE
HbA1c,P0221,PATIENT,,PAT0221,,6.0,%,2026-08-14,ARCH-c8000,M. Kulkarni,HB-2026-08-P05,TRUE
HbA1c,P0222,PATIENT,,PAT0222,,7.9,%,2026-08-15,ARCH-c4000,S. Rao,HB-2026-08-P06,TRUE
HbA1c,P0223,PATIENT,,PAT0223,,6.9,%,2026-08-10,ARCH-c8000,J. Varade,HB-2026-08-P07,TRUE
HbA1c,P0224,PATIENT,,PAT0224,,5.7,%,2026-08-11,ARCH-c4000,M. Kulkarni,HB-2026-08-P08,TRUE
HbA1c,P0225,PATIENT,,PAT0225,,9.3,%,2026-08-12,ARCH-c8000,S. Rao,HB-2026-08-P09,TRUE
HbA1c,P0226,PATIENT,,PAT0226,,8.9,%,2026-08-13,ARCH-c4000,J. Varade,HB-2026-08-P10,TRUE
HbA1c,P0227,PATIENT,,PAT0227,,7.1,%,2026-08-14,ARCH-c8000,M. Kulkarni,HB-2026-08-P11,TRUE
HbA1c,P0228,PATIENT,,PAT0228,,6.0,%,2026-08-15,ARCH-c4000,S. Rao,HB-2026-08-P12,TRUE
HbA1c,P0229,PATIENT,,PAT0229,,6.8,%,2026-08-10,ARCH-c8000,J. Varade,HB-2026-08-P01,TRUE
HbA1c,P0230,PATIENT,,PAT0230,,7.4,%,2026-08-11,ARCH-c4000,M. Kulkarni,HB-2026-08-P02,TRUE
HbA1c,P0231,PATIENT,,PAT0231,,5.8,%,2026-08-12,ARCH-c8000,S. Rao,HB-2026-08-P03,TRUE
HbA1c,P0232,PATIENT,,PAT0232,,7.5,%,2026-08-13,ARCH-c4000,J. Varade,HB-2026-08-P04,TRUE
HbA1c,P0233,PATIENT,,PAT0233,,2.4,%,2026-08-14,ARCH-c8000,M. Kulkarni,HB-2026-08-P05,TRUE
HbA1c,P0234,PATIENT,,PAT0234,,8.3,%,2026-08-15,ARCH-c4000,S. Rao,HB-2026-08-P06,TRUE
HbA1c,P0235,PATIENT,,PAT0235,,7.7,%,2026-08-10,ARCH-c8000,J. Varade,HB-2026-08-P07,TRUE
HbA1c,P0236,PATIENT,,PAT0236,,6.3,%,2026-08-11,ARCH-c4000,M. Kulkarni,HB-2026-08-P08,TRUE
HbA1c,P0237,PATIENT,,PAT0237,,7.1,%,2026-08-12,ARCH-c8000,S. Rao,HB-2026-08-P09,TRUE
HbA1c,P0238,PATIENT,,PAT0238,,13.1,%,2026-08-13,ARCH-c4000,J. Varade,HB-2026-08-P10,TRUE
HbA1c,P0239,PATIENT,,PAT0239,,6.4,%,2026-08-14,ARCH-c8000,M. Kulkarni,HB-2026-08-P11,TRUE
HbA1c,P0240,PATIENT,,PAT0240,,7.1,%,2026-08-15,ARCH-c4000,S. Rao,HB-2026-08-P12,TRUE
HbA1c,P0241,PATIENT,,PAT0241,,10.3,%,2026-08-10,ARCH-c8000,J. Varade,HB-2026-08-P01,TRUE
HbA1c,P0242,PATIENT,,PAT0242,,4.3,%,2026-08-11,ARCH-c4000,M. Kulkarni,HB-2026-08-P02,TRUE
HbA1c,P0243,PATIENT,,PAT0243,,6.8,%,2026-08-12,ARCH-c8000,S. Rao,HB-2026-08-P03,TRUE
HbA1c,P0244,PATIENT,,PAT0244,,6.6,%,2026-08-13,ARCH-c4000,J. Varade,HB-2026-08-P04,TRUE
HbA1c,P0245,PATIENT,,PAT0245,,7.3,%,2026-08-14,ARCH-c8000,M. Kulkarni,HB-2026-08-P05,TRUE
HbA1c,P0246,PATIENT,,PAT0246,,6.2,%,2026-08-15,ARCH-c4000,S. Rao,HB-2026-08-P06,TRUE
HbA1c,P0247,PATIENT,,PAT0247,,6.5,%,2026-08-10,ARCH-c8000,J. Varade,HB-2026-08-P07,TRUE
HbA1c,P0248,PATIENT,,PAT0248,,6.3,%,2026-08-11,ARCH-c4000,M. Kulkarni,HB-2026-08-P08,TRUE
HbA1c,P0249,PATIENT,,PAT0249,,5.3,%,2026-08-12,ARCH-c8000,S. Rao,HB-2026-08-P09,TRUE
HbA1c,P0250,PATIENT,,PAT0250,,7.7,%,2026-08-13,ARCH-c4000,J. Varade,HB-2026-08-P10,TRUE
HbA1c,P0251,PATIENT,,PAT0251,,8.1,%,2026-08-14,ARCH-c8000,M. Kulkarni,HB-2026-08-P11,TRUE
HbA1c,P0252,PATIENT,,PAT0252,,6.6,%,2026-08-15,ARCH-c4000,S. Rao,HB-2026-08-P12,TRUE
HbA1c,P0253,PATIENT,,PAT0253,,6.5,%,2026-08-10,ARCH-c8000,J. Varade,HB-2026-08-P01,TRUE
HbA1c,P0254,PATIENT,,PAT0254,,7.3,%,2026-08-11,ARCH-c4000,M. Kulkarni,HB-2026-08-P02,TRUE
HbA1c,P0255,PATIENT,,PAT0255,,7.8,%,2026-08-12,ARCH-c8000,S. Rao,HB-2026-08-P03,TRUE
HbA1c,P0256,PATIENT,,PAT0256,,6.2,%,2026-08-13,ARCH-c4000,J. Varade,HB-2026-08-P04,TRUE
HbA1c,P0257,PATIENT,,PAT0257,,7.7,%,2026-08-14,ARCH-c8000,M. Kulkarni,HB-2026-08-P05,TRUE
HbA1c,P0258,PATIENT,,PAT0258,,6.8,%,2026-08-15,ARCH-c4000,S. Rao,HB-2026-08-P06,TRUE
HbA1c,P0259,PATIENT,,PAT0259,,7.3,%,2026-08-10,ARCH-c8000,J. Varade,HB-2026-08-P07,TRUE
HbA1c,P0260,PATIENT,,PAT0260,,7.5,%,2026-08-11,ARCH-c4000,M. Kulkarni,HB-2026-08-P08,TRUE
HbA1c,P0261,PATIENT,,PAT0261,,6.5,%,2026-08-12,ARCH-c8000,S. Rao,HB-2026-08-P09,TRUE
HbA1c,P0262,PATIENT,,PAT0262,,6.8,%,2026-08-13,ARCH-c4000,J. Varade,HB-2026-08-P10,TRUE
HbA1c,P0263,PATIENT,,PAT0263,,6.5,%,2026-08-14,ARCH-c8000,M. Kulkarni,HB-2026-08-P11,TRUE
HbA1c,P0264,PATIENT,,PAT0264,,14.5,%,2026-08-15,ARCH-c4000,S. Rao,HB-2026-08-P12,TRUE
HbA1c,P0265,PATIENT,,PAT0265,,4.2,%,2026-08-10,ARCH-c8000,J. Varade,HB-2026-08-P01,TRUE
HbA1c,P0266,PATIENT,,PAT0266,,7.0,%,2026-08-11,ARCH-c4000,M. Kulkarni,HB-2026-08-P02,TRUE
HbA1c,P0267,PATIENT,,PAT0267,,4.8,%,2026-08-12,ARCH-c8000,S. Rao,HB-2026-08-P03,TRUE
HbA1c,P0268,PATIENT,,PAT0268,,7.3,%,2026-08-13,ARCH-c4000,J. Varade,HB-2026-08-P04,TRUE
HbA1c,P0269,PATIENT,,PAT0269,,5.8,%,2026-08-14,ARCH-c8000,M. Kulkarni,HB-2026-08-P05,TRUE
HbA1c,P0270,PATIENT,,PAT0270,,6.7,%,2026-08-15,ARCH-c4000,S. Rao,HB-2026-08-P06,TRUE
HbA1c,P0271,PATIENT,,PAT0271,,7.3,%,2026-08-10,ARCH-c8000,J. Varade,HB-2026-08-P07,TRUE
HbA1c,P0272,PATIENT,,PAT0272,,7.6,%,2026-08-11,ARCH-c4000,M. Kulkarni,HB-2026-08-P08,TRUE
HbA1c,P0273,PATIENT,,PAT0273,,7.7,%,2026-08-12,ARCH-c8000,S. Rao,HB-2026-08-P09,TRUE
HbA1c,P0274,PATIENT,,PAT0274,,7.8,%,2026-08-13,ARCH-c4000,J. Varade,HB-2026-08-P10,TRUE
HbA1c,P0275,PATIENT,,PAT0275,,4.8,%,2026-08-14,ARCH-c8000,M. Kulkarni,HB-2026-08-P11,TRUE
HbA1c,P0276,PATIENT,,PAT0276,,6.8,%,2026-08-15,ARCH-c4000,S. Rao,HB-2026-08-P12,TRUE
HbA1c,P0277,PATIENT,,PAT0277,,6.9,%,2026-08-10,ARCH-c8000,J. Varade,HB-2026-08-P01,TRUE
HbA1c,P0278,PATIENT,,PAT0278,,5.9,%,2026-08-11,ARCH-c4000,M. Kulkarni,HB-2026-08-P02,TRUE
HbA1c,P0279,PATIENT,,PAT0279,,6.3,%,2026-08-12,ARCH-c8000,S. Rao,HB-2026-08-P03,TRUE
HbA1c,P0280,PATIENT,,PAT0280,,7.1,%,2026-08-13,ARCH-c4000,J. Varade,HB-2026-08-P04,TRUE
HbA1c,P0281,PATIENT,,PAT0281,,5.1,%,2026-08-14,ARCH-c8000,M. Kulkarni,HB-2026-08-P05,TRUE
HbA1c,P0282,PATIENT,,PAT0282,,7.1,%,2026-08-15,ARCH-c4000,S. Rao,HB-2026-08-P06,TRUE
HbA1c,P0283,PATIENT,,PAT0283,,7.3,%,2026-08-10,ARCH-c8000,J. Varade,HB-2026-08-P07,TRUE
HbA1c,P0284,PATIENT,,PAT0284,,7.6,%,2026-08-11,ARCH-c4000,M. Kulkarni,HB-2026-08-P08,TRUE
HbA1c,P0285,PATIENT,,PAT0285,,5.8,%,2026-08-12,ARCH-c8000,S. Rao,HB-2026-08-P09,TRUE
HbA1c,P0286,PATIENT,,PAT0286,,7.3,%,2026-08-13,ARCH-c4000,J. Varade,HB-2026-08-P10,TRUE
HbA1c,P0287,PATIENT,,PAT0287,,5.9,%,2026-08-14,ARCH-c8000,M. Kulkarni,HB-2026-08-P11,TRUE
HbA1c,P0288,PATIENT,,PAT0288,,5.2,%,2026-08-15,ARCH-c4000,S. Rao,HB-2026-08-P12,TRUE
HbA1c,P0289,PATIENT,,PAT0289,,6.9,%,2026-08-10,ARCH-c8000,J. Varade,HB-2026-08-P01,TRUE
HbA1c,P0290,PATIENT,,PAT0290,,6.0,%,2026-08-11,ARCH-c4000,M. Kulkarni,HB-2026-08-P02,TRUE
HbA1c,P0291,PATIENT,,PAT0291,,6.3,%,2026-08-12,ARCH-c8000,S. Rao,HB-2026-08-P03,TRUE
HbA1c,P0292,PATIENT,,PAT0292,,6.4,%,2026-08-13,ARCH-c4000,J. Varade,HB-2026-08-P04,FALSE
HbA1c,P0293,PATIENT,,PAT0293,,5.5,%,2026-08-14,ARCH-c8000,M. Kulkarni,HB-2026-08-P05,TRUE
HbA1c,P0294,PATIENT,,PAT0294,,6.1,%,2026-08-15,ARCH-c4000,S. Rao,HB-2026-08-P06,TRUE
HbA1c,P0295,PATIENT,,PAT0295,,5.7,%,2026-08-10,ARCH-c8000,J. Varade,HB-2026-08-P07,TRUE
HbA1c,P0296,PATIENT,,PAT0296,,5.7,%,2026-08-11,ARCH-c4000,M. Kulkarni,HB-2026-08-P08,TRUE
HbA1c,P0297,PATIENT,,PAT0297,,6.7,%,2026-08-12,ARCH-c8000,S. Rao,HB-2026-08-P09,TRUE
HbA1c,P0298,PATIENT,,PAT0298,,8.5,%,2026-08-13,ARCH-c4000,J. Varade,HB-2026-08-P10,TRUE
HbA1c,P0299,PATIENT,,PAT0299,,15.2,%,2026-08-14,ARCH-c8000,M. Kulkarni,HB-2026-08-P11,TRUE
HbA1c,P0300,PATIENT,,PAT0300,,7.0,%,2026-08-15,ARCH-c4000,S. Rao,HB-2026-08-P12,TRUE
HbA1c,P0301,PATIENT,,PAT0301,,6.7,%,2026-08-10,ARCH-c8000,J. Varade,HB-2026-08-P01,TRUE
HbA1c,P0302,PATIENT,,PAT0302,,6.5,%,2026-08-11,ARCH-c4000,M. Kulkarni,HB-2026-08-P02,TRUE
HbA1c,P0303,PATIENT,,PAT0303,,10.2,%,2026-08-12,ARCH-c8000,S. Rao,HB-2026-08-P03,TRUE
HbA1c,P0304,PATIENT,,PAT0304,,6.8,%,2026-08-13,ARCH-c4000,J. Varade,HB-2026-08-P04,TRUE
HbA1c,P0305,PATIENT,,PAT0305,,8.1,%,2026-08-14,ARCH-c8000,M. Kulkarni,HB-2026-08-P05,TRUE
HbA1c,P0306,PATIENT,,PAT0306,,6.1,%,2026-08-15,ARCH-c4000,S. Rao,HB-2026-08-P06,TRUE
HbA1c,P0307,PATIENT,,PAT0307,,7.3,%,2026-08-10,ARCH-c8000,J. Varade,HB-2026-08-P07,TRUE
HbA1c,P0308,PATIENT,,PAT0308,,7.1,%,2026-08-11,ARCH-c4000,M. Kulkarni,HB-2026-08-P08,TRUE
HbA1c,P0309,PATIENT,,PAT0309,,8.5,%,2026-08-12,ARCH-c8000,S. Rao,HB-2026-08-P09,TRUE
HbA1c,P0310,PATIENT,,PAT0310,,6.4,%,2026-08-13,ARCH-c4000,J. Varade,HB-2026-08-P10,TRUE
HbA1c,P0311,PATIENT,,PAT0311,,6.7,%,2026-08-14,ARCH-c8000,M. Kulkarni,HB-2026-08-P11,TRUE
HbA1c,P0312,PATIENT,,PAT0312,,7.2,%,2026-08-15,ARCH-c4000,S. Rao,HB-2026-08-P12,TRUE
HbA1c,P0313,PATIENT,,PAT0313,,7.6,%,2026-08-10,ARCH-c8000,J. Varade,HB-2026-08-P01,TRUE
HbA1c,P0314,PATIENT,,PAT0314,,5.3,%,2026-08-11,ARCH-c4000,M. Kulkarni,HB-2026-08-P02,TRUE
HbA1c,P0315,PATIENT,,PAT0315,,7.0,%,2026-08-12,ARCH-c8000,S. Rao,HB-2026-08-P03,TRUE
HbA1c,P0316,PATIENT,,PAT0316,,7.0,%,2026-08-13,ARCH-c4000,J. Varade,HB-2026-08-P04,TRUE
HbA1c,P0317,PATIENT,,PAT0317,,8.0,%,2026-08-14,ARCH-c8000,M. Kulkarni,HB-2026-08-P05,TRUE
HbA1c,P0318,PATIENT,,PAT0318,,8.4,%,2026-08-15,ARCH-c4000,S. Rao,HB-2026-08-P06,TRUE
HbA1c,P0319,PATIENT,,PAT0319,,7.2,%,2026-08-10,ARCH-c8000,J. Varade,HB-2026-08-P07,TRUE
HbA1c,P0320,PATIENT,,PAT0320,,6.2,%,2026-08-11,ARCH-c4000,M. Kulkarni,HB-2026-08-P08,TRUE
HbA1c,P0321,PATIENT,,PAT0321,,5.0,%,2026-08-12,ARCH-c8000,S. Rao,HB-2026-08-P09,TRUE
HbA1c,P0322,PATIENT,,PAT0322,,6.9,%,2026-08-13,ARCH-c4000,J. Varade,HB-2026-08-P10,TRUE
HbA1c,P0323,PATIENT,,PAT0323,,6.9,%,2026-08-14,ARCH-c8000,M. Kulkarni,HB-2026-08-P11,TRUE
HbA1c,P0324,PATIENT,,PAT0324,,7.4,%,2026-08-15,ARCH-c4000,S. Rao,HB-2026-08-P12,TRUE
HbA1c,P0325,PATIENT,,PAT0325,,8.5,%,2026-08-10,ARCH-c8000,J. Varade,HB-2026-08-P01,TRUE
HbA1c,P0326,PATIENT,,PAT0326,,7.0,%,2026-08-11,ARCH-c4000,M. Kulkarni,HB-2026-08-P02,TRUE
HbA1c,P0327,PATIENT,,PAT0327,,8.1,%,2026-08-12,ARCH-c8000,S. Rao,HB-2026-08-P03,TRUE
HbA1c,P0328,PATIENT,,PAT0328,,7.4,%,2026-08-13,ARCH-c4000,J. Varade,HB-2026-08-P04,TRUE
HbA1c,P0329,PATIENT,,PAT0329,,6.3,%,2026-08-14,ARCH-c8000,M. Kulkarni,HB-2026-08-P05,TRUE
HbA1c,P0330,PATIENT,,PAT0330,,7.2,%,2026-08-15,ARCH-c4000,S. Rao,HB-2026-08-P06,TRUE
HbA1c,P0331,PATIENT,,PAT0331,,9.4,%,2026-08-10,ARCH-c8000,J. Varade,HB-2026-08-P07,TRUE
HbA1c,P0332,PATIENT,,PAT0332,,6.2,%,2026-08-11,ARCH-c4000,M. Kulkarni,HB-2026-08-P08,TRUE
HbA1c,P0333,PATIENT,,PAT0333,,7.0,%,2026-08-12,ARCH-c8000,S. Rao,HB-2026-08-P09,TRUE
HbA1c,P0334,PATIENT,,PAT0334,,16.3,%,2026-08-13,ARCH-c4000,J. Varade,HB-2026-08-P10,TRUE
HbA1c,P0335,PATIENT,,PAT0335,,7.4,%,2026-08-14,ARCH-c8000,M. Kulkarni,HB-2026-08-P11,TRUE
HbA1c,P0336,PATIENT,,PAT0336,,8.2,%,2026-08-15,ARCH-c4000,S. Rao,HB-2026-08-P12,TRUE
HbA1c,P0337,PATIENT,,PAT0337,,6.2,%,2026-08-10,ARCH-c8000,J. Varade,HB-2026-08-P01,TRUE
HbA1c,P0338,PATIENT,,PAT0338,,7.0,%,2026-08-11,ARCH-c4000,M. Kulkarni,HB-2026-08-P02,TRUE
HbA1c,P0339,PATIENT,,PAT0339,,8.1,%,2026-08-12,ARCH-c8000,S. Rao,HB-2026-08-P03,TRUE
HbA1c,P0340,PATIENT,,PAT0340,,14.1,%,2026-08-13,ARCH-c4000,J. Varade,HB-2026-08-P04,TRUE
HbA1c,P0341,PATIENT,,PAT0341,,7.4,%,2026-08-14,ARCH-c8000,M. Kulkarni,HB-2026-08-P05,TRUE
HbA1c,P0342,PATIENT,,PAT0342,,6.8,%,2026-08-15,ARCH-c4000,S. Rao,HB-2026-08-P06,TRUE
HbA1c,P0343,PATIENT,,PAT0343,,6.6,%,2026-08-10,ARCH-c8000,J. Varade,HB-2026-08-P07,TRUE
HbA1c,P0344,PATIENT,,PAT0344,,2.7,%,2026-08-11,ARCH-c4000,M. Kulkarni,HB-2026-08-P08,TRUE
HbA1c,P0345,PATIENT,,PAT0345,,8.5,%,2026-08-12,ARCH-c8000,S. Rao,HB-2026-08-P09,TRUE
HbA1c,P0346,PATIENT,,PAT0346,,6.5,%,2026-08-13,ARCH-c4000,J. Varade,HB-2026-08-P10,TRUE
HbA1c,P0347,PATIENT,,PAT0347,,5.5,%,2026-08-14,ARCH-c8000,M. Kulkarni,HB-2026-08-P11,TRUE
HbA1c,P0348,PATIENT,,PAT0348,,4.2,%,2026-08-15,ARCH-c4000,S. Rao,HB-2026-08-P12,TRUE
HbA1c,P0349,PATIENT,,PAT0349,,7.5,%,2026-08-10,ARCH-c8000,J. Varade,HB-2026-08-P01,TRUE
HbA1c,P0350,PATIENT,,PAT0350,,8.1,%,2026-08-11,ARCH-c4000,M. Kulkarni,HB-2026-08-P02,TRUE
HbA1c,P0351,PATIENT,,PAT0351,,8.0,%,2026-08-12,ARCH-c8000,S. Rao,HB-2026-08-P03,TRUE
HbA1c,P0352,PATIENT,,PAT0352,,8.6,%,2026-08-13,ARCH-c4000,J. Varade,HB-2026-08-P04,TRUE
HbA1c,P0353,PATIENT,,PAT0353,,3.2,%,2026-08-14,ARCH-c8000,M. Kulkarni,HB-2026-08-P05,TRUE
HbA1c,P0354,PATIENT,,PAT0354,,6.8,%,2026-08-15,ARCH-c4000,S. Rao,HB-2026-08-P06,TRUE
HbA1c,P0355,PATIENT,,PAT0355,,6.2,%,2026-08-10,ARCH-c8000,J. Varade,HB-2026-08-P07,TRUE
HbA1c,P0356,PATIENT,,PAT0356,,6.2,%,2026-08-11,ARCH-c4000,M. Kulkarni,HB-2026-08-P08,TRUE
HbA1c,P0357,PATIENT,,PAT0357,,5.9,%,2026-08-12,ARCH-c8000,S. Rao,HB-2026-08-P09,TRUE
HbA1c,P0358,PATIENT,,PAT0358,,8.0,%,2026-08-13,ARCH-c4000,J. Varade,HB-2026-08-P10,TRUE
HbA1c,P0359,PATIENT,,PAT0359,,7.6,%,2026-08-14,ARCH-c8000,M. Kulkarni,HB-2026-08-P11,TRUE
HbA1c,P0360,PATIENT,,PAT0360,,7.7,%,2026-08-15,ARCH-c4000,S. Rao,HB-2026-08-P12,TRUE
HbA1c,P0361,PATIENT,,PAT0361,,8.3,%,2026-08-10,ARCH-c8000,J. Varade,HB-2026-08-P01,TRUE
HbA1c,P0362,PATIENT,,PAT0362,,10.1,%,2026-08-11,ARCH-c4000,M. Kulkarni,HB-2026-08-P02,TRUE
HbA1c,P0363,PATIENT,,PAT0363,,9.2,%,2026-08-12,ARCH-c8000,S. Rao,HB-2026-08-P03,TRUE
HbA1c,P0364,PATIENT,,PAT0364,,5.2,%,2026-08-13,ARCH-c4000,J. Varade,HB-2026-08-P04,TRUE
HbA1c,P0365,PATIENT,,PAT0365,,8.1,%,2026-08-14,ARCH-c8000,M. Kulkarni,HB-2026-08-P05,TRUE
HbA1c,P0366,PATIENT,,PAT0366,,4.9,%,2026-08-15,ARCH-c4000,S. Rao,HB-2026-08-P06,TRUE
HbA1c,P0367,PATIENT,,PAT0367,,6.5,%,2026-08-10,ARCH-c8000,J. Varade,HB-2026-08-P07,TRUE
HbA1c,P0368,PATIENT,,PAT0368,,7.3,%,2026-08-11,ARCH-c4000,M. Kulkarni,HB-2026-08-P08,TRUE
HbA1c,P0369,PATIENT,,PAT0369,,6.3,%,2026-08-12,ARCH-c8000,S. Rao,HB-2026-08-P09,TRUE
HbA1c,P0370,PATIENT,,PAT0370,,8.4,%,2026-08-13,ARCH-c4000,J. Varade,HB-2026-08-P10,TRUE
HbA1c,P0371,PATIENT,,PAT0371,,6.0,%,2026-08-14,ARCH-c8000,M. Kulkarni,HB-2026-08-P11,TRUE
HbA1c,P0372,PATIENT,,PAT0372,,8.0,%,2026-08-15,ARCH-c4000,S. Rao,HB-2026-08-P12,TRUE
HbA1c,P0373,PATIENT,,PAT0373,,8.1,%,2026-08-10,ARCH-c8000,J. Varade,HB-2026-08-P01,TRUE
HbA1c,P0374,PATIENT,,PAT0374,,8.8,%,2026-08-11,ARCH-c4000,M. Kulkarni,HB-2026-08-P02,TRUE
HbA1c,P0375,PATIENT,,PAT0375,,6.8,%,2026-08-12,ARCH-c8000,S. Rao,HB-2026-08-P03,TRUE
HbA1c,P0376,PATIENT,,PAT0376,,6.8,%,2026-08-13,ARCH-c4000,J. Varade,HB-2026-08-P04,TRUE
HbA1c,P0377,PATIENT,,PAT0377,,8.3,%,2026-08-14,ARCH-c8000,M. Kulkarni,HB-2026-08-P05,TRUE
HbA1c,P0378,PATIENT,,PAT0378,,7.8,%,2026-08-15,ARCH-c4000,S. Rao,HB-2026-08-P06,TRUE
HbA1c,P0379,PATIENT,,PAT0379,,7.3,%,2026-08-10,ARCH-c8000,J. Varade,HB-2026-08-P07,TRUE
HbA1c,P0380,PATIENT,,PAT0380,,9.4,%,2026-08-11,ARCH-c4000,M. Kulkarni,HB-2026-08-P08,TRUE
HbA1c,P0381,PATIENT,,PAT0381,,6.5,%,2026-08-12,ARCH-c8000,S. Rao,HB-2026-08-P09,TRUE
HbA1c,P0382,PATIENT,,PAT0382,,7.1,%,2026-08-13,ARCH-c4000,J. Varade,HB-2026-08-P10,TRUE
HbA1c,P0383,PATIENT,,PAT0383,,7.6,%,2026-08-14,ARCH-c8000,M. Kulkarni,HB-2026-08-P11,TRUE
HbA1c,P0384,PATIENT,,PAT0384,,6.0,%,2026-08-15,ARCH-c4000,S. Rao,HB-2026-08-P12,TRUE
HbA1c,P0385,PATIENT,,PAT0385,,2.8,%,2026-08-10,ARCH-c8000,J. Varade,HB-2026-08-P01,TRUE
HbA1c,P0386,PATIENT,,PAT0386,,8.0,%,2026-08-11,ARCH-c4000,M. Kulkarni,HB-2026-08-P02,TRUE
HbA1c,P0387,PATIENT,,PAT0387,,5.3,%,2026-08-12,ARCH-c8000,S. Rao,HB-2026-08-P03,TRUE
HbA1c,P0388,PATIENT,,PAT0388,,9.3,%,2026-08-13,ARCH-c4000,J. Varade,HB-2026-08-P04,TRUE
HbA1c,P0389,PATIENT,,PAT0389,,2.6,%,2026-08-14,ARCH-c8000,M. Kulkarni,HB-2026-08-P05,FALSE
HbA1c,P0390,PATIENT,,PAT0390,,8.0,%,2026-08-15,ARCH-c4000,S. Rao,HB-2026-08-P06,TRUE
HbA1c,P0391,PATIENT,,PAT0391,,7.4,%,2026-08-10,ARCH-c8000,J. Varade,HB-2026-08-P07,TRUE
HbA1c,P0392,PATIENT,,PAT0392,,6.0,%,2026-08-11,ARCH-c4000,M. Kulkarni,HB-2026-08-P08,TRUE
HbA1c,P0393,PATIENT,,PAT0393,,6.9,%,2026-08-12,ARCH-c8000,S. Rao,HB-2026-08-P09,TRUE
HbA1c,P0394,PATIENT,,PAT0394,,6.9,%,2026-08-13,ARCH-c4000,J. Varade,HB-2026-08-P10,TRUE
HbA1c,P0395,PATIENT,,PAT0395,,6.0,%,2026-08-14,ARCH-c8000,M. Kulkarni,HB-2026-08-P11,TRUE
HbA1c,P0396,PATIENT,,PAT0396,,4.5,%,2026-08-15,ARCH-c4000,S. Rao,HB-2026-08-P12,TRUE
HbA1c,P0397,PATIENT,,PAT0397,,7.7,%,2026-08-10,ARCH-c8000,J. Varade,HB-2026-08-P01,TRUE
HbA1c,P0398,PATIENT,,PAT0398,,6.9,%,2026-08-11,ARCH-c4000,M. Kulkarni,HB-2026-08-P02,TRUE
HbA1c,P0399,PATIENT,,PAT0399,,7.0,%,2026-08-12,ARCH-c8000,S. Rao,HB-2026-08-P03,TRUE
HbA1c,P0400,PATIENT,,PAT0400,,6.8,%,2026-08-13,ARCH-c4000,J. Varade,HB-2026-08-P04,TRUE
HbA1c,P0401,PATIENT,,PAT0401,,8.5,%,2026-08-14,ARCH-c8000,M. Kulkarni,HB-2026-08-P05,TRUE
HbA1c,P0402,PATIENT,,PAT0402,,6.6,%,2026-08-15,ARCH-c4000,S. Rao,HB-2026-08-P06,TRUE
HbA1c,P0403,PATIENT,,PAT0403,,2.5,%,2026-08-10,ARCH-c8000,J. Varade,HB-2026-08-P07,TRUE
HbA1c,P0404,PATIENT,,PAT0404,,5.2,%,2026-08-11,ARCH-c4000,M. Kulkarni,HB-2026-08-P08,TRUE
HbA1c,P0405,PATIENT,,PAT0405,,7.1,%,2026-08-12,ARCH-c8000,S. Rao,HB-2026-08-P09,TRUE
HbA1c,P0406,PATIENT,,PAT0406,,6.7,%,2026-08-13,ARCH-c4000,J. Varade,HB-2026-08-P10,TRUE
HbA1c,P0407,PATIENT,,PAT0407,,6.4,%,2026-08-14,ARCH-c8000,M. Kulkarni,HB-2026-08-P11,TRUE
HbA1c,P0408,PATIENT,,PAT0408,,6.9,%,2026-08-15,ARCH-c4000,S. Rao,HB-2026-08-P12,TRUE
HbA1c,P0409,PATIENT,,PAT0409,,7.4,%,2026-08-10,ARCH-c8000,J. Varade,HB-2026-08-P01,TRUE
HbA1c,P0410,PATIENT,,PAT0410,,7.0,%,2026-08-11,ARCH-c4000,M. Kulkarni,HB-2026-08-P02,TRUE
HbA1c,P0411,PATIENT,,PAT0411,,4.5,%,2026-08-12,ARCH-c8000,S. Rao,HB-2026-08-P03,TRUE
HbA1c,P0412,PATIENT,,PAT0412,,5.6,%,2026-08-13,ARCH-c4000,J. Varade,HB-2026-08-P04,TRUE
HbA1c,P0413,PATIENT,,PAT0413,,7.6,%,2026-08-14,ARCH-c8000,M. Kulkarni,HB-2026-08-P05,TRUE
HbA1c,P0414,PATIENT,,PAT0414,,6.8,%,2026-08-15,ARCH-c4000,S. Rao,HB-2026-08-P06,TRUE
HbA1c,P0415,PATIENT,,PAT0415,,6.8,%,2026-08-10,ARCH-c8000,J. Varade,HB-2026-08-P07,TRUE
HbA1c,P0416,PATIENT,,PAT0416,,8.1,%,2026-08-11,ARCH-c4000,M. Kulkarni,HB-2026-08-P08,TRUE
HbA1c,P0417,PATIENT,,PAT0417,,6.4,%,2026-08-12,ARCH-c8000,S. Rao,HB-2026-08-P09,TRUE
HbA1c,P0418,PATIENT,,PAT0418,,6.5,%,2026-08-13,ARCH-c4000,J. Varade,HB-2026-08-P10,TRUE
HbA1c,P0419,PATIENT,,PAT0419,,6.9,%,2026-08-14,ARCH-c8000,M. Kulkarni,HB-2026-08-P11,TRUE
HbA1c,P0420,PATIENT,,PAT0420,,7.2,%,2026-08-15,ARCH-c4000,S. Rao,HB-2026-08-P12,TRUE
HbA1c,P0421,PATIENT,,PAT0421,,8.0,%,2026-08-10,ARCH-c8000,J. Varade,HB-2026-08-P01,TRUE
HbA1c,P0422,PATIENT,,PAT0422,,8.8,%,2026-08-11,ARCH-c4000,M. Kulkarni,HB-2026-08-P02,TRUE
HbA1c,P0423,PATIENT,,PAT0423,,8.1,%,2026-08-12,ARCH-c8000,S. Rao,HB-2026-08-P03,TRUE
HbA1c,P0424,PATIENT,,PAT0424,,6.2,%,2026-08-13,ARCH-c4000,J. Varade,HB-2026-08-P04,TRUE
HbA1c,P0425,PATIENT,,PAT0425,,4.3,%,2026-08-14,ARCH-c8000,M. Kulkarni,HB-2026-08-P05,TRUE
HbA1c,P0426,PATIENT,,PAT0426,,5.5,%,2026-08-15,ARCH-c4000,S. Rao,HB-2026-08-P06,TRUE
HbA1c,P0427,PATIENT,,PAT0427,,6.9,%,2026-08-10,ARCH-c8000,J. Varade,HB-2026-08-P07,TRUE
HbA1c,P0428,PATIENT,,PAT0428,,6.2,%,2026-08-11,ARCH-c4000,M. Kulkarni,HB-2026-08-P08,TRUE
HbA1c,P0429,PATIENT,,PAT0429,,7.4,%,2026-08-12,ARCH-c8000,S. Rao,HB-2026-08-P09,TRUE
HbA1c,P0430,PATIENT,,PAT0430,,14.9,%,2026-08-13,ARCH-c4000,J. Varade,HB-2026-08-P10,TRUE
HbA1c,P0431,PATIENT,,PAT0431,,6.4,%,2026-08-14,ARCH-c8000,M. Kulkarni,HB-2026-08-P11,TRUE
HbA1c,P0432,PATIENT,,PAT0432,,7.4,%,2026-08-15,ARCH-c4000,S. Rao,HB-2026-08-P12,TRUE
HbA1c,P0433,PATIENT,,PAT0433,,2.1,%,2026-08-10,ARCH-c8000,J. Varade,HB-2026-08-P01,TRUE
HbA1c,P0434,PATIENT,,PAT0434,,7.3,%,2026-08-11,ARCH-c4000,M. Kulkarni,HB-2026-08-P02,TRUE
HbA1c,P0435,PATIENT,,PAT0435,,6.1,%,2026-08-12,ARCH-c8000,S. Rao,HB-2026-08-P03,TRUE
HbA1c,P0436,PATIENT,,PAT0436,,8.3,%,2026-08-13,ARCH-c4000,J. Varade,HB-2026-08-P04,TRUE
HbA1c,P0437,PATIENT,,PAT0437,,8.9,%,2026-08-14,ARCH-c8000,M. Kulkarni,HB-2026-08-P05,TRUE
HbA1c,P0438,PATIENT,,PAT0438,,----,%,2026-08-15,ARCH-c4000,S. Rao,HB-2026-08-P06,FALSE
HbA1c,P0439,PATIENT,,PAT0439,,6.6,%,2026-08-10,ARCH-c8000,J. Varade,HB-2026-08-P07,TRUE
HbA1c,P0440,PATIENT,,PAT0440,,7.3,%,2026-08-11,ARCH-c4000,M. Kulkarni,HB-2026-08-P08,TRUE
HbA1c,P0441,PATIENT,,PAT0441,,4.9,%,2026-08-12,ARCH-c8000,S. Rao,HB-2026-08-P09,TRUE
HbA1c,P0442,PATIENT,,PAT0442,,6.1,%,2026-08-13,ARCH-c4000,J. Varade,HB-2026-08-P10,TRUE
HbA1c,P0443,PATIENT,,PAT0443,,6.7,%,2026-08-14,ARCH-c8000,M. Kulkarni,HB-2026-08-P11,TRUE
HbA1c,P0444,PATIENT,,PAT0444,,5.8,%,2026-08-15,ARCH-c4000,S. Rao,HB-2026-08-P12,TRUE
HbA1c,P0445,PATIENT,,PAT0445,,6.9,%,2026-08-10,ARCH-c8000,J. Varade,HB-2026-08-P01,TRUE
HbA1c,P0446,PATIENT,,PAT0446,,7.6,%,2026-08-11,ARCH-c4000,M. Kulkarni,HB-2026-08-P02,TRUE
HbA1c,P0447,PATIENT,,PAT0447,,6.7,%,2026-08-12,ARCH-c8000,S. Rao,HB-2026-08-P03,TRUE
HbA1c,P0448,PATIENT,,PAT0448,,4.8,%,2026-08-13,ARCH-c4000,J. Varade,HB-2026-08-P04,TRUE
HbA1c,P0449,PATIENT,,PAT0449,,6.6,%,2026-08-14,ARCH-c8000,M. Kulkarni,HB-2026-08-P05,TRUE
HbA1c,P0450,PATIENT,,PAT0450,,8.0,%,2026-08-15,ARCH-c4000,S. Rao,HB-2026-08-P06,TRUE
HbA1c,P0451,PATIENT,,PAT0451,,8.3,%,2026-08-10,ARCH-c8000,J. Varade,HB-2026-08-P07,TRUE
HbA1c,P0452,PATIENT,,PAT0452,,8.3,%,2026-08-11,ARCH-c4000,M. Kulkarni,HB-2026-08-P08,TRUE
HbA1c,P0453,PATIENT,,PAT0453,,5.9,%,2026-08-12,ARCH-c8000,S. Rao,HB-2026-08-P09,TRUE
HbA1c,P0454,PATIENT,,PAT0454,,5.6,%,2026-08-13,ARCH-c4000,J. Varade,HB-2026-08-P10,TRUE
HbA1c,P0455,PATIENT,,PAT0455,,5.7,%,2026-08-14,ARCH-c8000,M. Kulkarni,HB-2026-08-P11,TRUE
HbA1c,P0456,PATIENT,,PAT0456,,5.8,%,2026-08-15,ARCH-c4000,S. Rao,HB-2026-08-P12,TRUE
HbA1c,P0457,PATIENT,,PAT0457,,7.8,%,2026-08-10,ARCH-c8000,J. Varade,HB-2026-08-P01,TRUE
HbA1c,P0458,PATIENT,,PAT0458,,8.1,%,2026-08-11,ARCH-c4000,M. Kulkarni,HB-2026-08-P02,TRUE
HbA1c,P0459,PATIENT,,PAT0459,,8.1,%,2026-08-12,ARCH-c8000,S. Rao,HB-2026-08-P03,TRUE
HbA1c,P0460,PATIENT,,PAT0460,,13.2,%,2026-08-13,ARCH-c4000,J. Varade,HB-2026-08-P04,TRUE
HbA1c,P0461,PATIENT,,PAT0461,,4.7,%,2026-08-14,ARCH-c8000,M. Kulkarni,HB-2026-08-P05,TRUE
HbA1c,P0462,PATIENT,,PAT0462,,6.2,%,2026-08-15,ARCH-c4000,S. Rao,HB-2026-08-P06,TRUE
HbA1c,P0463,PATIENT,,PAT0463,,6.6,%,2026-08-10,ARCH-c8000,J. Varade,HB-2026-08-P07,TRUE
HbA1c,P0464,PATIENT,,PAT0464,,6.6,%,2026-08-11,ARCH-c4000,M. Kulkarni,HB-2026-08-P08,TRUE
HbA1c,P0465,PATIENT,,PAT0465,,7.9,%,2026-08-12,ARCH-c8000,S. Rao,HB-2026-08-P09,TRUE
HbA1c,P0466,PATIENT,,PAT0466,,8.8,%,2026-08-13,ARCH-c4000,J. Varade,HB-2026-08-P10,TRUE
HbA1c,P0467,PATIENT,,PAT0467,,6.2,%,2026-08-14,ARCH-c8000,M. Kulkarni,HB-2026-08-P11,TRUE
HbA1c,P0468,PATIENT,,PAT0468,,5.6,%,2026-08-15,ARCH-c4000,S. Rao,HB-2026-08-P12,TRUE
HbA1c,P0469,PATIENT,,PAT0469,,6.7,%,2026-08-10,ARCH-c8000,J. Varade,HB-2026-08-P01,TRUE
HbA1c,P0470,PATIENT,,PAT0470,,8.7,%,2026-08-11,ARCH-c4000,M. Kulkarni,HB-2026-08-P02,TRUE
HbA1c,P0471,PATIENT,,PAT0471,,7.1,%,2026-08-12,ARCH-c8000,S. Rao,HB-2026-08-P03,TRUE
HbA1c,P0472,PATIENT,,PAT0472,,6.8,%,2026-08-13,ARCH-c4000,J. Varade,HB-2026-08-P04,TRUE
HbA1c,P0473,PATIENT,,PAT0473,,8.4,%,2026-08-14,ARCH-c8000,M. Kulkarni,HB-2026-08-P05,TRUE
HbA1c,P0474,PATIENT,,PAT0474,,10.4,%,2026-08-15,ARCH-c4000,S. Rao,HB-2026-08-P06,TRUE
HbA1c,P0475,PATIENT,,PAT0475,,5.4,%,2026-08-10,ARCH-c8000,J. Varade,HB-2026-08-P07,TRUE
HbA1c,P0476,PATIENT,,PAT0476,,8.1,%,2026-08-11,ARCH-c4000,M. Kulkarni,HB-2026-08-P08,TRUE
HbA1c,P0477,PATIENT,,PAT0477,,6.9,%,2026-08-12,ARCH-c8000,S. Rao,HB-2026-08-P09,TRUE
HbA1c,P0478,PATIENT,,PAT0478,,6.2,%,2026-08-13,ARCH-c4000,J. Varade,HB-2026-08-P10,TRUE
HbA1c,P0479,PATIENT,,PAT0479,,7.0,%,2026-08-14,ARCH-c8000,M. Kulkarni,HB-2026-08-P11,TRUE
HbA1c,P0480,PATIENT,,PAT0480,,7.0,%,2026-08-15,ARCH-c4000,S. Rao,HB-2026-08-P12,TRUE
HbA1c,P0481,PATIENT,,PAT0481,,6.3,%,2026-08-10,ARCH-c8000,J. Varade,HB-2026-08-P01,TRUE
HbA1c,P0482,PATIENT,,PAT0482,,7.9,%,2026-08-11,ARCH-c4000,M. Kulkarni,HB-2026-08-P02,TRUE
HbA1c,P0483,PATIENT,,PAT0483,,6.4,%,2026-08-12,ARCH-c8000,S. Rao,HB-2026-08-P03,TRUE
HbA1c,P0484,PATIENT,,PAT0484,,7.2,%,2026-08-13,ARCH-c4000,J. Varade,HB-2026-08-P04,TRUE
HbA1c,P0485,PATIENT,,PAT0485,,5.8,%,2026-08-14,ARCH-c8000,M. Kulkarni,HB-2026-08-P05,TRUE
HbA1c,P0486,PATIENT,,PAT0486,,9.4,%,2026-08-15,ARCH-c4000,S. Rao,HB-2026-08-P06,FALSE
HbA1c,P0487,PATIENT,,PAT0487,,5.2,%,2026-08-10,ARCH-c8000,J. Varade,HB-2026-08-P07,TRUE
HbA1c,P0488,PATIENT,,PAT0488,,7.0,%,2026-08-11,ARCH-c4000,M. Kulkarni,HB-2026-08-P08,TRUE
HbA1c,P0489,PATIENT,,PAT0489,,5.6,%,2026-08-12,ARCH-c8000,S. Rao,HB-2026-08-P09,TRUE
HbA1c,P0490,PATIENT,,PAT0490,,7.5,%,2026-08-13,ARCH-c4000,J. Varade,HB-2026-08-P10,TRUE
HbA1c,P0491,PATIENT,,PAT0491,,6.3,%,2026-08-14,ARCH-c8000,M. Kulkarni,HB-2026-08-P11,TRUE
HbA1c,P0492,PATIENT,,PAT0492,,7.2,%,2026-08-15,ARCH-c4000,S. Rao,HB-2026-08-P12,TRUE
HbA1c,P0493,PATIENT,,PAT0493,,13.7,%,2026-08-10,ARCH-c8000,J. Varade,HB-2026-08-P01,TRUE
HbA1c,P0494,PATIENT,,PAT0494,,6.3,%,2026-08-11,ARCH-c4000,M. Kulkarni,HB-2026-08-P02,TRUE
HbA1c,P0495,PATIENT,,PAT0495,,7.3,%,2026-08-12,ARCH-c8000,S. Rao,HB-2026-08-P03,TRUE
HbA1c,P0496,PATIENT,,PAT0496,,7.2,%,2026-08-13,ARCH-c4000,J. Varade,HB-2026-08-P04,TRUE
HbA1c,P0497,PATIENT,,PAT0497,,6.7,%,2026-08-14,ARCH-c8000,M. Kulkarni,HB-2026-08-P05,TRUE
HbA1c,P0498,PATIENT,,PAT0498,,6.5,%,2026-08-15,ARCH-c4000,S. Rao,HB-2026-08-P06,TRUE
HbA1c,P0499,PATIENT,,PAT0499,,6.0,%,2026-08-10,ARCH-c8000,J. Varade,HB-2026-08-P07,TRUE
HbA1c,P0500,PATIENT,,PAT0500,,4.4,%,2026-08-11,ARCH-c4000,M. Kulkarni,HB-2026-08-P08,TRUE
HbA1c,P0501,PATIENT,,PAT0501,,7.2,%,2026-08-12,ARCH-c8000,S. Rao,HB-2026-08-P09,TRUE
HbA1c,P0502,PATIENT,,PAT0502,,6.5,%,2026-08-13,ARCH-c4000,J. Varade,HB-2026-08-P10,TRUE
HbA1c,P0503,PATIENT,,PAT0503,,8.3,%,2026-08-14,ARCH-c8000,M. Kulkarni,HB-2026-08-P11,TRUE
HbA1c,P0504,PATIENT,,PAT0504,,5.1,%,2026-08-15,ARCH-c4000,S. Rao,HB-2026-08-P12,TRUE
HbA1c,P0505,PATIENT,,PAT0505,,7.6,%,2026-08-10,ARCH-c8000,J. Varade,HB-2026-08-P01,TRUE
HbA1c,P0506,PATIENT,,PAT0506,,4.2,%,2026-08-11,ARCH-c4000,M. Kulkarni,HB-2026-08-P02,TRUE
HbA1c,P0507,PATIENT,,PAT0507,,7.5,%,2026-08-12,ARCH-c8000,S. Rao,HB-2026-08-P03,TRUE
HbA1c,P0508,PATIENT,,PAT0508,,8.3,%,2026-08-13,ARCH-c4000,J. Varade,HB-2026-08-P04,TRUE
HbA1c,P0509,PATIENT,,PAT0509,,6.2,%,2026-08-14,ARCH-c8000,M. Kulkarni,HB-2026-08-P05,TRUE
HbA1c,P0510,PATIENT,,PAT0510,,6.0,%,2026-08-15,ARCH-c4000,S. Rao,HB-2026-08-P06,TRUE
HbA1c,P0511,PATIENT,,PAT0511,,7.2,%,2026-08-10,ARCH-c8000,J. Varade,HB-2026-08-P07,TRUE
HbA1c,P0512,PATIENT,,PAT0512,,15.7,%,2026-08-11,ARCH-c4000,M. Kulkarni,HB-2026-08-P08,TRUE
HbA1c,P0513,PATIENT,,PAT0513,,7.5,%,2026-08-12,ARCH-c8000,S. Rao,HB-2026-08-P09,TRUE
HbA1c,P0514,PATIENT,,PAT0514,,8.3,%,2026-08-13,ARCH-c4000,J. Varade,HB-2026-08-P10,TRUE
HbA1c,P0515,PATIENT,,PAT0515,,6.9,%,2026-08-14,ARCH-c8000,M. Kulkarni,HB-2026-08-P11,TRUE
HbA1c,P0516,PATIENT,,PAT0516,,7.3,%,2026-08-15,ARCH-c4000,S. Rao,HB-2026-08-P12,TRUE
HbA1c,P0517,PATIENT,,PAT0517,,6.3,%,2026-08-10,ARCH-c8000,J. Varade,HB-2026-08-P01,TRUE
HbA1c,P0518,PATIENT,,PAT0518,,7.0,%,2026-08-11,ARCH-c4000,M. Kulkarni,HB-2026-08-P02,TRUE
HbA1c,P0519,PATIENT,,PAT0519,,7.3,%,2026-08-12,ARCH-c8000,S. Rao,HB-2026-08-P03,TRUE
HbA1c,P0520,PATIENT,,PAT0520,,7.0,%,2026-08-13,ARCH-c4000,J. Varade,HB-2026-08-P04,TRUE
HbA1c,P0521,PATIENT,,PAT0521,,8.5,%,2026-08-14,ARCH-c8000,M. Kulkarni,HB-2026-08-P05,TRUE
HbA1c,P0522,PATIENT,,PAT0522,,7.3,%,2026-08-15,ARCH-c4000,S. Rao,HB-2026-08-P06,TRUE
HbA1c,P0523,PATIENT,,PAT0523,,6.0,%,2026-08-10,ARCH-c8000,J. Varade,HB-2026-08-P07,TRUE
HbA1c,P0524,PATIENT,,PAT0524,,8.2,%,2026-08-11,ARCH-c4000,M. Kulkarni,HB-2026-08-P08,TRUE
HbA1c,P0525,PATIENT,,PAT0525,,7.5,%,2026-08-12,ARCH-c8000,S. Rao,HB-2026-08-P09,TRUE
HbA1c,P0526,PATIENT,,PAT0526,,5.6,%,2026-08-13,ARCH-c4000,J. Varade,HB-2026-08-P10,TRUE
HbA1c,P0527,PATIENT,,PAT0527,,6.9,%,2026-08-14,ARCH-c8000,M. Kulkarni,HB-2026-08-P11,TRUE
HbA1c,P0528,PATIENT,,PAT0528,,7.4,%,2026-08-15,ARCH-c4000,S. Rao,HB-2026-08-P12,TRUE
HbA1c,P0529,PATIENT,,PAT0529,,6.8,%,2026-08-10,ARCH-c8000,J. Varade,HB-2026-08-P01,TRUE
HbA1c,P0530,PATIENT,,PAT0530,,6.2,%,2026-08-11,ARCH-c4000,M. Kulkarni,HB-2026-08-P02,TRUE
HbA1c,P0531,PATIENT,,PAT0531,,7.2,%,2026-08-12,ARCH-c8000,S. Rao,HB-2026-08-P03,TRUE
HbA1c,P0532,PATIENT,,PAT0532,,6.8,%,2026-08-13,ARCH-c4000,J. Varade,HB-2026-08-P04,TRUE
HbA1c,P0533,PATIENT,,PAT0533,,7.8,%,2026-08-14,ARCH-c8000,M. Kulkarni,HB-2026-08-P05,TRUE
HbA1c,P0534,PATIENT,,PAT0534,,6.3,%,2026-08-15,ARCH-c4000,S. Rao,HB-2026-08-P06,TRUE
HbA1c,P0535,PATIENT,,PAT0535,,7.1,%,2026-08-10,ARCH-c8000,J. Varade,HB-2026-08-P07,TRUE
HbA1c,P0536,PATIENT,,PAT0536,,7.7,%,2026-08-11,ARCH-c4000,M. Kulkarni,HB-2026-08-P08,TRUE
HbA1c,P0537,PATIENT,,PAT0537,,6.7,%,2026-08-12,ARCH-c8000,S. Rao,HB-2026-08-P09,TRUE
HbA1c,P0538,PATIENT,,PAT0538,,6.6,%,2026-08-13,ARCH-c4000,J. Varade,HB-2026-08-P10,TRUE
HbA1c,P0539,PATIENT,,PAT0539,,6.5,%,2026-08-14,ARCH-c8000,M. Kulkarni,HB-2026-08-P11,TRUE
HbA1c,P0540,PATIENT,,PAT0540,,5.8,%,2026-08-15,ARCH-c4000,S. Rao,HB-2026-08-P12,TRUE
HbA1c,P0541,PATIENT,,PAT0541,,5.9,%,2026-08-10,ARCH-c8000,J. Varade,HB-2026-08-P01,TRUE
HbA1c,P0542,PATIENT,,PAT0542,,6.7,%,2026-08-11,ARCH-c4000,M. Kulkarni,HB-2026-08-P02,TRUE
HbA1c,P0543,PATIENT,,PAT0543,,7.0,%,2026-08-12,ARCH-c8000,S. Rao,HB-2026-08-P03,TRUE
HbA1c,P0544,PATIENT,,PAT0544,,7.7,%,2026-08-13,ARCH-c4000,J. Varade,HB-2026-08-P04,TRUE
HbA1c,P0545,PATIENT,,PAT0545,,6.4,%,2026-08-14,ARCH-c8000,M. Kulkarni,HB-2026-08-P05,TRUE
HbA1c,P0546,PATIENT,,PAT0546,,8.1,%,2026-08-15,ARCH-c4000,S. Rao,HB-2026-08-P06,TRUE
HbA1c,P0547,PATIENT,,PAT0547,,7.5,%,2026-08-10,ARCH-c8000,J. Varade,HB-2026-08-P07,TRUE
HbA1c,P0548,PATIENT,,PAT0548,,7.0,%,2026-08-11,ARCH-c4000,M. Kulkarni,HB-2026-08-P08,TRUE
HbA1c,P0549,PATIENT,,PAT0549,,6.1,%,2026-08-12,ARCH-c8000,S. Rao,HB-2026-08-P09,TRUE
HbA1c,P0550,PATIENT,,PAT0550,,7.0,%,2026-08-13,ARCH-c4000,J. Varade,HB-2026-08-P10,TRUE
HbA1c,P0551,PATIENT,,PAT0551,,9.4,%,2026-08-14,ARCH-c8000,M. Kulkarni,HB-2026-08-P11,TRUE
HbA1c,P0552,PATIENT,,PAT0552,,6.6,%,2026-08-15,ARCH-c4000,S. Rao,HB-2026-08-P12,TRUE
HbA1c,P0553,PATIENT,,PAT0553,,7.2,%,2026-08-10,ARCH-c8000,J. Varade,HB-2026-08-P01,TRUE
HbA1c,P0554,PATIENT,,PAT0554,,6.4,%,2026-08-11,ARCH-c4000,M. Kulkarni,HB-2026-08-P02,TRUE
HbA1c,P0555,PATIENT,,PAT0555,,8.0,%,2026-08-12,ARCH-c8000,S. Rao,HB-2026-08-P03,TRUE
HbA1c,P0556,PATIENT,,PAT0556,,6.8,%,2026-08-13,ARCH-c4000,J. Varade,HB-2026-08-P04,TRUE
HbA1c,P0557,PATIENT,,PAT0557,,6.5,%,2026-08-14,ARCH-c8000,M. Kulkarni,HB-2026-08-P05,TRUE
HbA1c,P0558,PATIENT,,PAT0558,,6.9,%,2026-08-15,ARCH-c4000,S. Rao,HB-2026-08-P06,TRUE
HbA1c,P0559,PATIENT,,PAT0559,,7.2,%,2026-08-10,ARCH-c8000,J. Varade,HB-2026-08-P07,TRUE
HbA1c,P0560,PATIENT,,PAT0560,,15.4,%,2026-08-11,ARCH-c4000,M. Kulkarni,HB-2026-08-P08,TRUE
HbA1c,P0561,PATIENT,,PAT0561,,5.6,%,2026-08-12,ARCH-c8000,S. Rao,HB-2026-08-P09,TRUE
HbA1c,P0562,PATIENT,,PAT0562,,6.0,%,2026-08-13,ARCH-c4000,J. Varade,HB-2026-08-P10,TRUE
HbA1c,P0563,PATIENT,,PAT0563,,8.3,%,2026-08-14,ARCH-c8000,M. Kulkarni,HB-2026-08-P11,TRUE
HbA1c,P0564,PATIENT,,PAT0564,,9.2,%,2026-08-15,ARCH-c4000,S. Rao,HB-2026-08-P12,TRUE
HbA1c,P0565,PATIENT,,PAT0565,,5.3,%,2026-08-10,ARCH-c8000,J. Varade,HB-2026-08-P01,TRUE
HbA1c,P0566,PATIENT,,PAT0566,,7.9,%,2026-08-11,ARCH-c4000,M. Kulkarni,HB-2026-08-P02,TRUE
HbA1c,P0567,PATIENT,,PAT0567,,8.6,%,2026-08-12,ARCH-c8000,S. Rao,HB-2026-08-P03,TRUE
HbA1c,P0568,PATIENT,,PAT0568,,9.4,%,2026-08-13,ARCH-c4000,J. Varade,HB-2026-08-P04,TRUE
HbA1c,P0569,PATIENT,,PAT0569,,8.1,%,2026-08-14,ARCH-c8000,M. Kulkarni,HB-2026-08-P05,TRUE
HbA1c,P0570,PATIENT,,PAT0570,,5.5,%,2026-08-15,ARCH-c4000,S. Rao,HB-2026-08-P06,TRUE
HbA1c,P0571,PATIENT,,PAT0571,,6.5,%,2026-08-10,ARCH-c8000,J. Varade,HB-2026-08-P07,TRUE
HbA1c,P0572,PATIENT,,PAT0572,,5.8,%,2026-08-11,ARCH-c4000,M. Kulkarni,HB-2026-08-P08,TRUE
HbA1c,P0573,PATIENT,,PAT0573,,7.6,%,2026-08-12,ARCH-c8000,S. Rao,HB-2026-08-P09,TRUE
HbA1c,P0574,PATIENT,,PAT0574,,7.9,%,2026-08-13,ARCH-c4000,J. Varade,HB-2026-08-P10,TRUE
HbA1c,P0575,PATIENT,,PAT0575,,6.0,%,2026-08-14,ARCH-c8000,M. Kulkarni,HB-2026-08-P11,TRUE
HbA1c,P0576,PATIENT,,PAT0576,,9.1,%,2026-08-15,ARCH-c4000,S. Rao,HB-2026-08-P12,TRUE
HbA1c,P0577,PATIENT,,PAT0577,,6.7,%,2026-08-10,ARCH-c8000,J. Varade,HB-2026-08-P01,TRUE
HbA1c,P0578,PATIENT,,PAT0578,,6.1,%,2026-08-11,ARCH-c4000,M. Kulkarni,HB-2026-08-P02,TRUE
HbA1c,P0579,PATIENT,,PAT0579,,10.4,%,2026-08-12,ARCH-c8000,S. Rao,HB-2026-08-P03,TRUE
HbA1c,P0580,PATIENT,,PAT0580,,5.0,%,2026-08-13,ARCH-c4000,J. Varade,HB-2026-08-P04,TRUE
HbA1c,P0581,PATIENT,,PAT0581,,5.2,%,2026-08-14,ARCH-c8000,M. Kulkarni,HB-2026-08-P05,TRUE
HbA1c,P0582,PATIENT,,PAT0582,,6.5,%,2026-08-15,ARCH-c4000,S. Rao,HB-2026-08-P06,TRUE
HbA1c,P0583,PATIENT,,PAT0583,,8.8,%,2026-08-10,ARCH-c8000,J. Varade,HB-2026-08-P07,FALSE
HbA1c,P0584,PATIENT,,PAT0584,,5.1,%,2026-08-11,ARCH-c4000,M. Kulkarni,HB-2026-08-P08,TRUE
HbA1c,P0585,PATIENT,,PAT0585,,5.7,%,2026-08-12,ARCH-c8000,S. Rao,HB-2026-08-P09,TRUE
HbA1c,P0586,PATIENT,,PAT0586,,10.0,%,2026-08-13,ARCH-c4000,J. Varade,HB-2026-08-P10,TRUE
HbA1c,P0587,PATIENT,,PAT0587,,4.8,%,2026-08-14,ARCH-c8000,M. Kulkarni,HB-2026-08-P11,TRUE
HbA1c,P0588,PATIENT,,PAT0588,,4.7,%,2026-08-15,ARCH-c4000,S. Rao,HB-2026-08-P12,TRUE
HbA1c,P0589,PATIENT,,PAT0589,,7.7,%,2026-08-10,ARCH-c8000,J. Varade,HB-2026-08-P01,TRUE
HbA1c,P0590,PATIENT,,PAT0590,,7.7,%,2026-08-11,ARCH-c4000,M. Kulkarni,HB-2026-08-P02,TRUE
HbA1c,P0591,PATIENT,,PAT0591,,7.1,%,2026-08-12,ARCH-c8000,S. Rao,HB-2026-08-P03,TRUE
HbA1c,P0592,PATIENT,,PAT0592,,7.4,%,2026-08-13,ARCH-c4000,J. Varade,HB-2026-08-P04,TRUE
HbA1c,P0593,PATIENT,,PAT0593,,6.3,%,2026-08-14,ARCH-c8000,M. Kulkarni,HB-2026-08-P05,TRUE
HbA1c,P0594,PATIENT,,PAT0594,,6.5,%,2026-08-15,ARCH-c4000,S. Rao,HB-2026-08-P06,TRUE
HbA1c,P0595,PATIENT,,PAT0595,,10.5,%,2026-08-10,ARCH-c8000,J. Varade,HB-2026-08-P07,TRUE
HbA1c,P0596,PATIENT,,PAT0596,,10.4,%,2026-08-11,ARCH-c4000,M. Kulkarni,HB-2026-08-P08,TRUE
HbA1c,P0597,PATIENT,,PAT0597,,8.2,%,2026-08-12,ARCH-c8000,S. Rao,HB-2026-08-P09,TRUE
HbA1c,P0598,PATIENT,,PAT0598,,8.0,%,2026-08-13,ARCH-c4000,J. Varade,HB-2026-08-P10,TRUE
HbA1c,P0599,PATIENT,,PAT0599,,6.9,%,2026-08-14,ARCH-c8000,M. Kulkarni,HB-2026-08-P11,TRUE
HbA1c,P0600,PATIENT,,PAT0600,,5.8,%,2026-08-15,ARCH-c4000,S. Rao,HB-2026-08-P12,TRUE
HbA1c,P0601,PATIENT,,PAT0601,,8.4,%,2026-08-10,ARCH-c8000,J. Varade,HB-2026-08-P01,TRUE
HbA1c,P0602,PATIENT,,PAT0602,,6.7,%,2026-08-11,ARCH-c4000,M. Kulkarni,HB-2026-08-P02,TRUE
HbA1c,P0603,PATIENT,,PAT0603,,6.6,%,2026-08-12,ARCH-c8000,S. Rao,HB-2026-08-P03,TRUE
HbA1c,P0604,PATIENT,,PAT0604,,6.6,%,2026-08-13,ARCH-c4000,J. Varade,HB-2026-08-P04,TRUE
HbA1c,P0605,PATIENT,,PAT0605,,8.4,%,2026-08-14,ARCH-c8000,M. Kulkarni,HB-2026-08-P05,TRUE
HbA1c,P0606,PATIENT,,PAT0606,,6.2,%,2026-08-15,ARCH-c4000,S. Rao,HB-2026-08-P06,TRUE
HbA1c,P0607,PATIENT,,PAT0607,,10.4,%,2026-08-10,ARCH-c8000,J. Varade,HB-2026-08-P07,TRUE
HbA1c,P0608,PATIENT,,PAT0608,,6.5,%,2026-08-11,ARCH-c4000,M. Kulkarni,HB-2026-08-P08,TRUE
HbA1c,P0609,PATIENT,,PAT0609,,8.2,%,2026-08-12,ARCH-c8000,S. Rao,HB-2026-08-P09,TRUE
HbA1c,P0610,PATIENT,,PAT0610,,7.0,%,2026-08-13,ARCH-c4000,J. Varade,HB-2026-08-P10,TRUE
HbA1c,P0611,PATIENT,,PAT0611,,5.9,%,2026-08-14,ARCH-c8000,M. Kulkarni,HB-2026-08-P11,TRUE
HbA1c,P0612,PATIENT,,PAT0612,,7.2,%,2026-08-15,ARCH-c4000,S. Rao,HB-2026-08-P12,TRUE
HbA1c,P0613,PATIENT,,PAT0613,,2.3,%,2026-08-10,ARCH-c8000,J. Varade,HB-2026-08-P01,TRUE
HbA1c,P0614,PATIENT,,PAT0614,,5.5,%,2026-08-11,ARCH-c4000,M. Kulkarni,HB-2026-08-P02,TRUE
HbA1c,P0615,PATIENT,,PAT0615,,7.6,%,2026-08-12,ARCH-c8000,S. Rao,HB-2026-08-P03,TRUE
HbA1c,P0616,PATIENT,,PAT0616,,6.2,%,2026-08-13,ARCH-c4000,J. Varade,HB-2026-08-P04,TRUE
HbA1c,P0617,PATIENT,,PAT0617,,7.7,%,2026-08-14,ARCH-c8000,M. Kulkarni,HB-2026-08-P05,TRUE
HbA1c,P0618,PATIENT,,PAT0618,,5.5,%,2026-08-15,ARCH-c4000,S. Rao,HB-2026-08-P06,TRUE
HbA1c,P0619,PATIENT,,PAT0619,,5.4,%,2026-08-10,ARCH-c8000,J. Varade,HB-2026-08-P07,TRUE
HbA1c,P0620,PATIENT,,PAT0620,,7.4,%,2026-08-11,ARCH-c4000,M. Kulkarni,HB-2026-08-P08,TRUE
HbA1c,P0621,PATIENT,,PAT0621,,6.8,%,2026-08-12,ARCH-c8000,S. Rao,HB-2026-08-P09,TRUE
HbA1c,P0622,PATIENT,,PAT0622,,14.3,%,2026-08-13,ARCH-c4000,J. Varade,HB-2026-08-P10,TRUE
HbA1c,P0623,PATIENT,,PAT0623,,7.4,%,2026-08-14,ARCH-c8000,M. Kulkarni,HB-2026-08-P11,TRUE
HbA1c,P0624,PATIENT,,PAT0624,,6.4,%,2026-08-15,ARCH-c4000,S. Rao,HB-2026-08-P12,TRUE
HbA1c,P0625,PATIENT,,PAT0625,,6.5,%,2026-08-10,ARCH-c8000,J. Varade,HB-2026-08-P01,TRUE
HbA1c,P0626,PATIENT,,PAT0626,,7.3,%,2026-08-11,ARCH-c4000,M. Kulkarni,HB-2026-08-P02,TRUE
HbA1c,P0627,PATIENT,,PAT0627,,6.3,%,2026-08-12,ARCH-c8000,S. Rao,HB-2026-08-P03,TRUE
HbA1c,P0628,PATIENT,,PAT0628,,17.1,%,2026-08-13,ARCH-c4000,J. Varade,HB-2026-08-P04,TRUE
HbA1c,P0629,PATIENT,,PAT0629,,6.5,%,2026-08-14,ARCH-c8000,M. Kulkarni,HB-2026-08-P05,TRUE
HbA1c,P0630,PATIENT,,PAT0630,,7.1,%,2026-08-15,ARCH-c4000,S. Rao,HB-2026-08-P06,TRUE
HbA1c,P0631,PATIENT,,PAT0631,,6.1,%,2026-08-10,ARCH-c8000,J. Varade,HB-2026-08-P07,TRUE
HbA1c,P0632,PATIENT,,PAT0632,,6.7,%,2026-08-11,ARCH-c4000,M. Kulkarni,HB-2026-08-P08,TRUE
HbA1c,P0633,PATIENT,,PAT0633,,2.5,%,2026-08-12,ARCH-c8000,S. Rao,HB-2026-08-P09,TRUE
HbA1c,P0634,PATIENT,,PAT0634,,6.2,%,2026-08-13,ARCH-c4000,J. Varade,HB-2026-08-P10,TRUE
HbA1c,P0635,PATIENT,,PAT0635,,7.4,%,2026-08-14,ARCH-c8000,M. Kulkarni,HB-2026-08-P11,TRUE
HbA1c,P0636,PATIENT,,PAT0636,,7.0,%,2026-08-15,ARCH-c4000,S. Rao,HB-2026-08-P12,TRUE
HbA1c,P0637,PATIENT,,PAT0637,,6.8,%,2026-08-10,ARCH-c8000,J. Varade,HB-2026-08-P01,TRUE
HbA1c,P0638,PATIENT,,PAT0638,,7.3,%,2026-08-11,ARCH-c4000,M. Kulkarni,HB-2026-08-P02,TRUE
HbA1c,P0639,PATIENT,,PAT0639,,7.9,%,2026-08-12,ARCH-c8000,S. Rao,HB-2026-08-P03,TRUE
HbA1c,P0640,PATIENT,,PAT0640,,6.8,%,2026-08-13,ARCH-c4000,J. Varade,HB-2026-08-P04,TRUE
HbA1c,P0641,PATIENT,,PAT0641,,5.6,%,2026-08-14,ARCH-c8000,M. Kulkarni,HB-2026-08-P05,TRUE
HbA1c,P0642,PATIENT,,PAT0642,,8.0,%,2026-08-15,ARCH-c4000,S. Rao,HB-2026-08-P06,TRUE
HbA1c,P0643,PATIENT,,PAT0643,,8.0,%,2026-08-10,ARCH-c8000,J. Varade,HB-2026-08-P07,TRUE
HbA1c,P0644,PATIENT,,PAT0644,,10.5,%,2026-08-11,ARCH-c4000,M. Kulkarni,HB-2026-08-P08,TRUE
HbA1c,P0645,PATIENT,,PAT0645,,6.5,%,2026-08-12,ARCH-c8000,S. Rao,HB-2026-08-P09,TRUE
HbA1c,P0646,PATIENT,,PAT0646,,5.8,%,2026-08-13,ARCH-c4000,J. Varade,HB-2026-08-P10,TRUE
HbA1c,P0647,PATIENT,,PAT0647,,8.0,%,2026-08-14,ARCH-c8000,M. Kulkarni,HB-2026-08-P11,TRUE
HbA1c,P0648,PATIENT,,PAT0648,,6.4,%,2026-08-15,ARCH-c4000,S. Rao,HB-2026-08-P12,TRUE
HbA1c,P0649,PATIENT,,PAT0649,,7.1,%,2026-08-10,ARCH-c8000,J. Varade,HB-2026-08-P01,TRUE
HbA1c,P0650,PATIENT,,PAT0650,,6.1,%,2026-08-11,ARCH-c4000,M. Kulkarni,HB-2026-08-P02,TRUE
HbA1c,P0651,PATIENT,,PAT0651,,7.0,%,2026-08-12,ARCH-c8000,S. Rao,HB-2026-08-P03,TRUE
HbA1c,P0652,PATIENT,,PAT0652,,10.4,%,2026-08-13,ARCH-c4000,J. Varade,HB-2026-08-P04,TRUE
HbA1c,P0653,PATIENT,,PAT0653,,15.0,%,2026-08-14,ARCH-c8000,M. Kulkarni,HB-2026-08-P05,TRUE
HbA1c,P0654,PATIENT,,PAT0654,,7.7,%,2026-08-15,ARCH-c4000,S. Rao,HB-2026-08-P06,TRUE
HbA1c,P0655,PATIENT,,PAT0655,,6.5,%,2026-08-10,ARCH-c8000,J. Varade,HB-2026-08-P07,TRUE
HbA1c,P0656,PATIENT,,PAT0656,,8.2,%,2026-08-11,ARCH-c4000,M. Kulkarni,HB-2026-08-P08,TRUE
HbA1c,P0657,PATIENT,,PAT0657,,6.3,%,2026-08-12,ARCH-c8000,S. Rao,HB-2026-08-P09,TRUE
HbA1c,P0658,PATIENT,,PAT0658,,4.2,%,2026-08-13,ARCH-c4000,J. Varade,HB-2026-08-P10,TRUE
HbA1c,P0659,PATIENT,,PAT0659,,8.4,%,2026-08-14,ARCH-c8000,M. Kulkarni,HB-2026-08-P11,TRUE
HbA1c,P0660,PATIENT,,PAT0660,,6.5,%,2026-08-15,ARCH-c4000,S. Rao,HB-2026-08-P12,TRUE
HbA1c,P0661,PATIENT,,PAT0661,,4.2,%,2026-08-10,ARCH-c8000,J. Varade,HB-2026-08-P01,TRUE
HbA1c,P0662,PATIENT,,PAT0662,,4.5,%,2026-08-11,ARCH-c4000,M. Kulkarni,HB-2026-08-P02,TRUE
HbA1c,P0663,PATIENT,,PAT0663,,5.3,%,2026-08-12,ARCH-c8000,S. Rao,HB-2026-08-P03,TRUE
HbA1c,P0664,PATIENT,,PAT0664,,6.3,%,2026-08-13,ARCH-c4000,J. Varade,HB-2026-08-P04,TRUE
HbA1c,P0665,PATIENT,,PAT0665,,6.5,%,2026-08-14,ARCH-c8000,M. Kulkarni,HB-2026-08-P05,TRUE
HbA1c,P0666,PATIENT,,PAT0666,,8.2,%,2026-08-15,ARCH-c4000,S. Rao,HB-2026-08-P06,TRUE
HbA1c,P0667,PATIENT,,PAT0667,,7.0,%,2026-08-10,ARCH-c8000,J. Varade,HB-2026-08-P07,TRUE
HbA1c,P0668,PATIENT,,PAT0668,,5.9,%,2026-08-11,ARCH-c4000,M. Kulkarni,HB-2026-08-P08,TRUE
HbA1c,P0669,PATIENT,,PAT0669,,7.4,%,2026-08-12,ARCH-c8000,S. Rao,HB-2026-08-P09,TRUE
HbA1c,P0670,PATIENT,,PAT0670,,7.2,%,2026-08-13,ARCH-c4000,J. Varade,HB-2026-08-P10,TRUE
HbA1c,P0671,PATIENT,,PAT0671,,7.1,%,2026-08-14,ARCH-c8000,M. Kulkarni,HB-2026-08-P11,TRUE
HbA1c,P0672,PATIENT,,PAT0672,,5.7,%,2026-08-15,ARCH-c4000,S. Rao,HB-2026-08-P12,TRUE
HbA1c,P0673,PATIENT,,PAT0673,,7.1,%,2026-08-10,ARCH-c8000,J. Varade,HB-2026-08-P01,TRUE
HbA1c,P0674,PATIENT,,PAT0674,,7.5,%,2026-08-11,ARCH-c4000,M. Kulkarni,HB-2026-08-P02,TRUE
HbA1c,P0675,PATIENT,,PAT0675,,6.8,%,2026-08-12,ARCH-c8000,S. Rao,HB-2026-08-P03,TRUE
HbA1c,P0676,PATIENT,,PAT0676,,8.9,%,2026-08-13,ARCH-c4000,J. Varade,HB-2026-08-P04,TRUE
HbA1c,P0677,PATIENT,,PAT0677,,4.3,%,2026-08-14,ARCH-c8000,M. Kulkarni,HB-2026-08-P05,TRUE
HbA1c,P0678,PATIENT,,PAT0678,,6.0,%,2026-08-15,ARCH-c4000,S. Rao,HB-2026-08-P06,TRUE
HbA1c,P0679,PATIENT,,PAT0679,,5.5,%,2026-08-10,ARCH-c8000,J. Varade,HB-2026-08-P07,TRUE
HbA1c,P0680,PATIENT,,PAT0680,,6.1,%,2026-08-11,ARCH-c4000,M. Kulkarni,HB-2026-08-P08,FALSE
HbA1c,P0681,PATIENT,,PAT0681,,6.0,%,2026-08-12,ARCH-c8000,S. Rao,HB-2026-08-P09,TRUE
HbA1c,P0682,PATIENT,,PAT0682,,5.4,%,2026-08-13,ARCH-c4000,J. Varade,HB-2026-08-P10,TRUE
HbA1c,P0683,PATIENT,,PAT0683,,7.0,%,2026-08-14,ARCH-c8000,M. Kulkarni,HB-2026-08-P11,TRUE
HbA1c,P0684,PATIENT,,PAT0684,,7.0,%,2026-08-15,ARCH-c4000,S. Rao,HB-2026-08-P12,TRUE
HbA1c,P0685,PATIENT,,PAT0685,,6.7,%,2026-08-10,ARCH-c8000,J. Varade,HB-2026-08-P01,TRUE
HbA1c,P0686,PATIENT,,PAT0686,,5.9,%,2026-08-11,ARCH-c4000,M. Kulkarni,HB-2026-08-P02,TRUE
HbA1c,P0687,PATIENT,,PAT0687,,6.4,%,2026-08-12,ARCH-c8000,S. Rao,HB-2026-08-P03,TRUE
HbA1c,P0688,PATIENT,,PAT0688,,8.0,%,2026-08-13,ARCH-c4000,J. Varade,HB-2026-08-P04,TRUE
HbA1c,P0689,PATIENT,,PAT0689,,6.5,%,2026-08-14,ARCH-c8000,M. Kulkarni,HB-2026-08-P05,TRUE
HbA1c,P0690,PATIENT,,PAT0690,,6.7,%,2026-08-15,ARCH-c4000,S. Rao,HB-2026-08-P06,TRUE
HbA1c,P0691,PATIENT,,PAT0691,,8.4,%,2026-08-10,ARCH-c8000,J. Varade,HB-2026-08-P07,TRUE
HbA1c,P0692,PATIENT,,PAT0692,,9.4,%,2026-08-11,ARCH-c4000,M. Kulkarni,HB-2026-08-P08,TRUE
HbA1c,P0693,PATIENT,,PAT0693,,8.7,%,2026-08-12,ARCH-c8000,S. Rao,HB-2026-08-P09,TRUE
HbA1c,P0694,PATIENT,,PAT0694,,6.4,%,2026-08-13,ARCH-c4000,J. Varade,HB-2026-08-P10,TRUE
HbA1c,P0695,PATIENT,,PAT0695,,9.3,%,2026-08-14,ARCH-c8000,M. Kulkarni,HB-2026-08-P11,TRUE
HbA1c,P0696,PATIENT,,PAT0696,,7.8,%,2026-08-15,ARCH-c4000,S. Rao,HB-2026-08-P12,TRUE
HbA1c,P0697,PATIENT,,PAT0697,,7.0,%,2026-08-10,ARCH-c8000,J. Varade,HB-2026-08-P01,TRUE
HbA1c,P0698,PATIENT,,PAT0698,,7.9,%,2026-08-11,ARCH-c4000,M. Kulkarni,HB-2026-08-P02,TRUE
HbA1c,P0699,PATIENT,,PAT0699,,7.3,%,2026-08-12,ARCH-c8000,S. Rao,HB-2026-08-P03,TRUE
HbA1c,P0700,PATIENT,,PAT0700,,10.4,%,2026-08-13,ARCH-c4000,J. Varade,HB-2026-08-P04,TRUE
HbA1c,P0701,PATIENT,,PAT0701,,6.2,%,2026-08-14,ARCH-c8000,M. Kulkarni,HB-2026-08-P05,TRUE
HbA1c,P0702,PATIENT,,PAT0702,,8.3,%,2026-08-15,ARCH-c4000,S. Rao,HB-2026-08-P06,TRUE
HbA1c,P0703,PATIENT,,PAT0703,,2.0,%,2026-08-10,ARCH-c8000,J. Varade,HB-2026-08-P07,TRUE
HbA1c,P0704,PATIENT,,PAT0704,,7.1,%,2026-08-11,ARCH-c4000,M. Kulkarni,HB-2026-08-P08,TRUE
HbA1c,P0705,PATIENT,,PAT0705,,6.1,%,2026-08-12,ARCH-c8000,S. Rao,HB-2026-08-P09,TRUE
HbA1c,P0706,PATIENT,,PAT0706,,6.5,%,2026-08-13,ARCH-c4000,J. Varade,HB-2026-08-P10,TRUE
HbA1c,P0707,PATIENT,,PAT0707,,6.6,%,2026-08-14,ARCH-c8000,M. Kulkarni,HB-2026-08-P11,TRUE
HbA1c,P0708,PATIENT,,PAT0708,,2.1,%,2026-08-15,ARCH-c4000,S. Rao,HB-2026-08-P12,TRUE
HbA1c,P0709,PATIENT,,PAT0709,,6.4,%,2026-08-10,ARCH-c8000,J. Varade,HB-2026-08-P01,TRUE
HbA1c,P0710,PATIENT,,PAT0710,,6.2,%,2026-08-11,ARCH-c4000,M. Kulkarni,HB-2026-08-P02,TRUE
HbA1c,P0711,PATIENT,,PAT0711,,5.9,%,2026-08-12,ARCH-c8000,S. Rao,HB-2026-08-P03,TRUE
HbA1c,P0712,PATIENT,,PAT0712,,5.3,%,2026-08-13,ARCH-c4000,J. Varade,HB-2026-08-P04,TRUE
HbA1c,P0713,PATIENT,,PAT0713,,9.4,%,2026-08-14,ARCH-c8000,M. Kulkarni,HB-2026-08-P05,TRUE
HbA1c,P0714,PATIENT,,PAT0714,,7.1,%,2026-08-15,ARCH-c4000,S. Rao,HB-2026-08-P06,TRUE
HbA1c,P0715,PATIENT,,PAT0715,,7.1,%,2026-08-10,ARCH-c8000,J. Varade,HB-2026-08-P07,TRUE
HbA1c,P0716,PATIENT,,PAT0716,,6.6,%,2026-08-11,ARCH-c4000,M. Kulkarni,HB-2026-08-P08,TRUE
HbA1c,P0717,PATIENT,,PAT0717,,8.7,%,2026-08-12,ARCH-c8000,S. Rao,HB-2026-08-P09,TRUE
HbA1c,P0718,PATIENT,,PAT0718,,10.2,%,2026-08-13,ARCH-c4000,J. Varade,HB-2026-08-P10,TRUE
HbA1c,P0719,PATIENT,,PAT0719,,7.7,%,2026-08-14,ARCH-c8000,M. Kulkarni,HB-2026-08-P11,TRUE
HbA1c,P0720,PATIENT,,PAT0720,,6.0,%,2026-08-15,ARCH-c4000,S. Rao,HB-2026-08-P12,TRUE
HbA1c,P0721,PATIENT,,PAT0721,,6.8,%,2026-08-10,ARCH-c8000,J. Varade,HB-2026-08-P01,TRUE
HbA1c,P0722,PATIENT,,PAT0722,,7.7,%,2026-08-11,ARCH-c4000,M. Kulkarni,HB-2026-08-P02,TRUE
HbA1c,P0723,PATIENT,,PAT0723,,6.3,%,2026-08-12,ARCH-c8000,S. Rao,HB-2026-08-P03,TRUE
HbA1c,P0724,PATIENT,,PAT0724,,8.0,%,2026-08-13,ARCH-c4000,J. Varade,HB-2026-08-P04,TRUE
HbA1c,P0725,PATIENT,,PAT0725,,6.2,%,2026-08-14,ARCH-c8000,M. Kulkarni,HB-2026-08-P05,TRUE
HbA1c,P0726,PATIENT,,PAT0726,,5.6,%,2026-08-15,ARCH-c4000,S. Rao,HB-2026-08-P06,TRUE
HbA1c,P0727,PATIENT,,PAT0727,,7.6,%,2026-08-10,ARCH-c8000,J. Varade,HB-2026-08-P07,TRUE
HbA1c,P0728,PATIENT,,PAT0728,,6.2,%,2026-08-11,ARCH-c4000,M. Kulkarni,HB-2026-08-P08,TRUE
HbA1c,P0729,PATIENT,,PAT0729,,6.1,%,2026-08-12,ARCH-c8000,S. Rao,HB-2026-08-P09,TRUE
HbA1c,P0730,PATIENT,,PAT0730,,6.8,%,2026-08-13,ARCH-c4000,J. Varade,HB-2026-08-P10,TRUE
HbA1c,P0731,PATIENT,,PAT0731,,8.4,%,2026-08-14,ARCH-c8000,M. Kulkarni,HB-2026-08-P11,TRUE
HbA1c,P0732,PATIENT,,PAT0732,,7.3,%,2026-08-15,ARCH-c4000,S. Rao,HB-2026-08-P12,TRUE
HbA1c,P0733,PATIENT,,PAT0733,,7.0,%,2026-08-10,ARCH-c8000,J. Varade,HB-2026-08-P01,TRUE
HbA1c,P0734,PATIENT,,PAT0734,,6.5,%,2026-08-11,ARCH-c4000,M. Kulkarni,HB-2026-08-P02,TRUE
HbA1c,P0735,PATIENT,,PAT0735,,7.8,%,2026-08-12,ARCH-c8000,S. Rao,HB-2026-08-P03,TRUE
HbA1c,P0736,PATIENT,,PAT0736,,6.3,%,2026-08-13,ARCH-c4000,J. Varade,HB-2026-08-P04,TRUE
HbA1c,P0737,PATIENT,,PAT0737,,7.2,%,2026-08-14,ARCH-c8000,M. Kulkarni,HB-2026-08-P05,TRUE
HbA1c,P0738,PATIENT,,PAT0738,,7.4,%,2026-08-15,ARCH-c4000,S. Rao,HB-2026-08-P06,TRUE
HbA1c,P0739,PATIENT,,PAT0739,,6.5,%,2026-08-10,ARCH-c8000,J. Varade,HB-2026-08-P07,TRUE
HbA1c,P0740,PATIENT,,PAT0740,,7.7,%,2026-08-11,ARCH-c4000,M. Kulkarni,HB-2026-08-P08,TRUE
HbA1c,P0741,PATIENT,,PAT0741,,15.0,%,2026-08-12,ARCH-c8000,S. Rao,HB-2026-08-P09,TRUE
HbA1c,P0742,PATIENT,,PAT0742,,8.3,%,2026-08-13,ARCH-c4000,J. Varade,HB-2026-08-P10,TRUE
HbA1c,P0743,PATIENT,,PAT0743,,7.0,%,2026-08-14,ARCH-c8000,M. Kulkarni,HB-2026-08-P11,TRUE
HbA1c,P0744,PATIENT,,PAT0744,,7.2,%,2026-08-15,ARCH-c4000,S. Rao,HB-2026-08-P12,TRUE
HbA1c,P0745,PATIENT,,PAT0745,,8.3,%,2026-08-10,ARCH-c8000,J. Varade,HB-2026-08-P01,TRUE
HbA1c,P0746,PATIENT,,PAT0746,,7.4,%,2026-08-11,ARCH-c4000,M. Kulkarni,HB-2026-08-P02,TRUE
HbA1c,P0747,PATIENT,,PAT0747,,7.2,%,2026-08-12,ARCH-c8000,S. Rao,HB-2026-08-P03,TRUE
HbA1c,P0748,PATIENT,,PAT0748,,7.3,%,2026-08-13,ARCH-c4000,J. Varade,HB-2026-08-P04,TRUE
HbA1c,P0749,PATIENT,,PAT0749,,5.4,%,2026-08-14,ARCH-c8000,M. Kulkarni,HB-2026-08-P05,TRUE
HbA1c,P0750,PATIENT,,PAT0750,,8.7,%,2026-08-15,ARCH-c4000,S. Rao,HB-2026-08-P06,TRUE
HbA1c,P0751,PATIENT,,PAT0751,,5.7,%,2026-08-10,ARCH-c8000,J. Varade,HB-2026-08-P07,TRUE
HbA1c,P0752,PATIENT,,PAT0752,,5.2,%,2026-08-11,ARCH-c4000,M. Kulkarni,HB-2026-08-P08,TRUE
HbA1c,P0753,PATIENT,,PAT0753,,5.4,%,2026-08-12,ARCH-c8000,S. Rao,HB-2026-08-P09,TRUE
HbA1c,P0754,PATIENT,,PAT0754,,6.5,%,2026-08-13,ARCH-c4000,J. Varade,HB-2026-08-P10,TRUE
HbA1c,P0755,PATIENT,,PAT0755,,7.0,%,2026-08-14,ARCH-c8000,M. Kulkarni,HB-2026-08-P11,TRUE
HbA1c,P0756,PATIENT,,PAT0756,,4.3,%,2026-08-15,ARCH-c4000,S. Rao,HB-2026-08-P12,TRUE
HbA1c,P0757,PATIENT,,PAT0757,,6.9,%,2026-08-10,ARCH-c8000,J. Varade,HB-2026-08-P01,TRUE
HbA1c,P0758,PATIENT,,PAT0758,,6.5,%,2026-08-11,ARCH-c4000,M. Kulkarni,HB-2026-08-P02,TRUE
HbA1c,P0759,PATIENT,,PAT0759,,7.7,%,2026-08-12,ARCH-c8000,S. Rao,HB-2026-08-P03,TRUE
HbA1c,P0760,PATIENT,,PAT0760,,6.4,%,2026-08-13,ARCH-c4000,J. Varade,HB-2026-08-P04,TRUE
HbA1c,P0761,PATIENT,,PAT0761,,7.1,%,2026-08-14,ARCH-c8000,M. Kulkarni,HB-2026-08-P05,TRUE
HbA1c,P0762,PATIENT,,PAT0762,,5.8,%,2026-08-15,ARCH-c4000,S. Rao,HB-2026-08-P06,TRUE
HbA1c,P0763,PATIENT,,PAT0763,,5.7,%,2026-08-10,ARCH-c8000,J. Varade,HB-2026-08-P07,TRUE
HbA1c,P0764,PATIENT,,PAT0764,,5.4,%,2026-08-11,ARCH-c4000,M. Kulkarni,HB-2026-08-P08,TRUE
HbA1c,P0765,PATIENT,,PAT0765,,6.7,%,2026-08-12,ARCH-c8000,S. Rao,HB-2026-08-P09,TRUE
HbA1c,P0766,PATIENT,,PAT0766,,7.0,%,2026-08-13,ARCH-c4000,J. Varade,HB-2026-08-P10,TRUE
HbA1c,P0767,PATIENT,,PAT0767,,7.0,%,2026-08-14,ARCH-c8000,M. Kulkarni,HB-2026-08-P11,TRUE
HbA1c,P0768,PATIENT,,PAT0768,,8.2,%,2026-08-15,ARCH-c4000,S. Rao,HB-2026-08-P12,TRUE
HbA1c,P0769,PATIENT,,PAT0769,,6.0,%,2026-08-10,ARCH-c8000,J. Varade,HB-2026-08-P01,TRUE
HbA1c,P0770,PATIENT,,PAT0770,,6.9,%,2026-08-11,ARCH-c4000,M. Kulkarni,HB-2026-08-P02,TRUE
HbA1c,P0771,PATIENT,,PAT0771,,6.4,%,2026-08-12,ARCH-c8000,S. Rao,HB-2026-08-P03,TRUE
HbA1c,P0772,PATIENT,,PAT0772,,4.4,%,2026-08-13,ARCH-c4000,J. Varade,HB-2026-08-P04,TRUE
HbA1c,P0773,PATIENT,,PAT0773,,7.8,%,2026-08-14,ARCH-c8000,M. Kulkarni,HB-2026-08-P05,TRUE
HbA1c,P0774,PATIENT,,PAT0774,,6.6,%,2026-08-15,ARCH-c4000,S. Rao,HB-2026-08-P06,TRUE
HbA1c,P0775,PATIENT,,PAT0775,,5.3,%,2026-08-10,ARCH-c8000,J. Varade,HB-2026-08-P07,TRUE
HbA1c,P0776,PATIENT,,PAT0776,,6.0,%,2026-08-11,ARCH-c4000,M. Kulkarni,HB-2026-08-P08,TRUE
HbA1c,P0777,PATIENT,,PAT0777,,5.6,%,2026-08-12,ARCH-c8000,S. Rao,HB-2026-08-P09,FALSE
HbA1c,P0778,PATIENT,,PAT0778,,2.5,%,2026-08-13,ARCH-c4000,J. Varade,HB-2026-08-P10,TRUE
HbA1c,P0779,PATIENT,,PAT0779,,7.2,%,2026-08-14,ARCH-c8000,M. Kulkarni,HB-2026-08-P11,TRUE
HbA1c,P0780,PATIENT,,PAT0780,,8.4,%,2026-08-15,ARCH-c4000,S. Rao,HB-2026-08-P12,TRUE
HbA1c,P0781,PATIENT,,PAT0781,,7.3,%,2026-08-10,ARCH-c8000,J. Varade,HB-2026-08-P01,TRUE
HbA1c,P0782,PATIENT,,PAT0782,,6.2,%,2026-08-11,ARCH-c4000,M. Kulkarni,HB-2026-08-P02,TRUE
HbA1c,P0783,PATIENT,,PAT0783,,13.5,%,2026-08-12,ARCH-c8000,S. Rao,HB-2026-08-P03,TRUE
HbA1c,P0784,PATIENT,,PAT0784,,5.7,%,2026-08-13,ARCH-c4000,J. Varade,HB-2026-08-P04,TRUE
HbA1c,P0785,PATIENT,,PAT0785,,5.1,%,2026-08-14,ARCH-c8000,M. Kulkarni,HB-2026-08-P05,TRUE
HbA1c,P0786,PATIENT,,PAT0786,,12.9,%,2026-08-15,ARCH-c4000,S. Rao,HB-2026-08-P06,TRUE
HbA1c,P0787,PATIENT,,PAT0787,,7.0,%,2026-08-10,ARCH-c8000,J. Varade,HB-2026-08-P07,TRUE
HbA1c,P0788,PATIENT,,PAT0788,,7.2,%,2026-08-11,ARCH-c4000,M. Kulkarni,HB-2026-08-P08,TRUE
HbA1c,P0789,PATIENT,,PAT0789,,5.1,%,2026-08-12,ARCH-c8000,S. Rao,HB-2026-08-P09,TRUE
HbA1c,P0790,PATIENT,,PAT0790,,6.9,%,2026-08-13,ARCH-c4000,J. Varade,HB-2026-08-P10,TRUE
HbA1c,P0791,PATIENT,,PAT0791,,6.3,%,2026-08-14,ARCH-c8000,M. Kulkarni,HB-2026-08-P11,TRUE
HbA1c,P0792,PATIENT,,PAT0792,,6.5,%,2026-08-15,ARCH-c4000,S. Rao,HB-2026-08-P12,TRUE
HbA1c,P0793,PATIENT,,PAT0793,,6.9,%,2026-08-10,ARCH-c8000,J. Varade,HB-2026-08-P01,TRUE
HbA1c,P0794,PATIENT,,PAT0794,,6.1,%,2026-08-11,ARCH-c4000,M. Kulkarni,HB-2026-08-P02,TRUE
HbA1c,P0795,PATIENT,,PAT0795,,6.9,%,2026-08-12,ARCH-c8000,S. Rao,HB-2026-08-P03,TRUE
HbA1c,P0796,PATIENT,,PAT0796,,6.6,%,2026-08-13,ARCH-c4000,J. Varade,HB-2026-08-P04,TRUE
HbA1c,P0797,PATIENT,,PAT0797,,6.7,%,2026-08-14,ARCH-c8000,M. Kulkarni,HB-2026-08-P05,TRUE
HbA1c,P0798,PATIENT,,PAT0798,,5.3,%,2026-08-15,ARCH-c4000,S. Rao,HB-2026-08-P06,TRUE
HbA1c,P0799,PATIENT,,PAT0799,,7.6,%,2026-08-10,ARCH-c8000,J. Varade,HB-2026-08-P07,TRUE
HbA1c,P0800,PATIENT,,PAT0800,,6.9,%,2026-08-11,ARCH-c4000,M. Kulkarni,HB-2026-08-P08,TRUE
HbA1c,P0801,PATIENT,,PAT0801,,6.2,%,2026-08-12,ARCH-c8000,S. Rao,HB-2026-08-P09,TRUE
HbA1c,P0802,PATIENT,,PAT0802,,6.5,%,2026-08-13,ARCH-c4000,J. Varade,HB-2026-08-P10,TRUE
HbA1c,P0803,PATIENT,,PAT0803,,3.1,%,2026-08-14,ARCH-c8000,M. Kulkarni,HB-2026-08-P11,TRUE
HbA1c,P0804,PATIENT,,PAT0804,,7.2,%,2026-08-15,ARCH-c4000,S. Rao,HB-2026-08-P12,TRUE
HbA1c,P0805,PATIENT,,PAT0805,,6.6,%,2026-08-10,ARCH-c8000,J. Varade,HB-2026-08-P01,TRUE
HbA1c,P0806,PATIENT,,PAT0806,,6.8,%,2026-08-11,ARCH-c4000,M. Kulkarni,HB-2026-08-P02,TRUE
HbA1c,P0807,PATIENT,,PAT0807,,5.1,%,2026-08-12,ARCH-c8000,S. Rao,HB-2026-08-P03,TRUE
HbA1c,P0808,PATIENT,,PAT0808,,6.5,%,2026-08-13,ARCH-c4000,J. Varade,HB-2026-08-P04,TRUE
HbA1c,P0809,PATIENT,,PAT0809,,6.7,%,2026-08-14,ARCH-c8000,M. Kulkarni,HB-2026-08-P05,TRUE
HbA1c,P0810,PATIENT,,PAT0810,,5.8,%,2026-08-15,ARCH-c4000,S. Rao,HB-2026-08-P06,TRUE
HbA1c,P0811,PATIENT,,PAT0811,,8.0,%,2026-08-10,ARCH-c8000,J. Varade,HB-2026-08-P07,TRUE
HbA1c,P0812,PATIENT,,PAT0812,,4.6,%,2026-08-11,ARCH-c4000,M. Kulkarni,HB-2026-08-P08,TRUE
HbA1c,P0813,PATIENT,,PAT0813,,8.1,%,2026-08-12,ARCH-c8000,S. Rao,HB-2026-08-P09,TRUE
HbA1c,P0814,PATIENT,,PAT0814,,6.8,%,2026-08-13,ARCH-c4000,J. Varade,HB-2026-08-P10,TRUE
HbA1c,P0815,PATIENT,,PAT0815,,8.1,%,2026-08-14,ARCH-c8000,M. Kulkarni,HB-2026-08-P11,TRUE
HbA1c,P0816,PATIENT,,PAT0816,,6.8,%,2026-08-15,ARCH-c4000,S. Rao,HB-2026-08-P12,TRUE
HbA1c,P0817,PATIENT,,PAT0817,,7.0,%,2026-08-10,ARCH-c8000,J. Varade,HB-2026-08-P01,TRUE
HbA1c,P0818,PATIENT,,PAT0818,,6.9,%,2026-08-11,ARCH-c4000,M. Kulkarni,HB-2026-08-P02,TRUE
HbA1c,P0819,PATIENT,,PAT0819,,6.4,%,2026-08-12,ARCH-c8000,S. Rao,HB-2026-08-P03,TRUE
HbA1c,P0820,PATIENT,,PAT0820,,9.4,%,2026-08-13,ARCH-c4000,J. Varade,HB-2026-08-P04,TRUE
HbA1c,P0821,PATIENT,,PAT0821,,7.3,%,2026-08-14,ARCH-c8000,M. Kulkarni,HB-2026-08-P05,TRUE
HbA1c,P0822,PATIENT,,PAT0822,,5.5,%,2026-08-15,ARCH-c4000,S. Rao,HB-2026-08-P06,TRUE
HbA1c,P0823,PATIENT,,PAT0823,,5.4,%,2026-08-10,ARCH-c8000,J. Varade,HB-2026-08-P07,TRUE
HbA1c,P0824,PATIENT,,PAT0824,,6.5,%,2026-08-11,ARCH-c4000,M. Kulkarni,HB-2026-08-P08,TRUE
HbA1c,P0825,PATIENT,,PAT0825,,17.3,%,2026-08-12,ARCH-c8000,S. Rao,HB-2026-08-P09,TRUE
HbA1c,P0826,PATIENT,,PAT0826,,7.5,%,2026-08-13,ARCH-c4000,J. Varade,HB-2026-08-P10,TRUE
HbA1c,P0827,PATIENT,,PAT0827,,5.1,%,2026-08-14,ARCH-c8000,M. Kulkarni,HB-2026-08-P11,TRUE
HbA1c,P0828,PATIENT,,PAT0828,,7.0,%,2026-08-15,ARCH-c4000,S. Rao,HB-2026-08-P12,TRUE
HbA1c,P0829,PATIENT,,PAT0829,,8.1,%,2026-08-10,ARCH-c8000,J. Varade,HB-2026-08-P01,TRUE
HbA1c,P0830,PATIENT,,PAT0830,,8.0,%,2026-08-11,ARCH-c4000,M. Kulkarni,HB-2026-08-P02,TRUE
HbA1c,P0831,PATIENT,,PAT0831,,7.7,%,2026-08-12,ARCH-c8000,S. Rao,HB-2026-08-P03,TRUE
HbA1c,P0832,PATIENT,,PAT0832,,5.2,%,2026-08-13,ARCH-c4000,J. Varade,HB-2026-08-P04,TRUE
HbA1c,P0833,PATIENT,,PAT0833,,7.1,%,2026-08-14,ARCH-c8000,M. Kulkarni,HB-2026-08-P05,TRUE
HbA1c,P0834,PATIENT,,PAT0834,,6.8,%,2026-08-15,ARCH-c4000,S. Rao,HB-2026-08-P06,TRUE
HbA1c,P0835,PATIENT,,PAT0835,,7.2,%,2026-08-10,ARCH-c8000,J. Varade,HB-2026-08-P07,TRUE
HbA1c,P0836,PATIENT,,PAT0836,,5.9,%,2026-08-11,ARCH-c4000,M. Kulkarni,HB-2026-08-P08,TRUE
HbA1c,P0837,PATIENT,,PAT0837,,6.2,%,2026-08-12,ARCH-c8000,S. Rao,HB-2026-08-P09,TRUE
HbA1c,P0838,PATIENT,,PAT0838,,8.1,%,2026-08-13,ARCH-c4000,J. Varade,HB-2026-08-P10,TRUE
HbA1c,P0839,PATIENT,,PAT0839,,6.6,%,2026-08-14,ARCH-c8000,M. Kulkarni,HB-2026-08-P11,TRUE
HbA1c,P0840,PATIENT,,PAT0840,,7.5,%,2026-08-15,ARCH-c4000,S. Rao,HB-2026-08-P12,TRUE
HbA1c,P0841,PATIENT,,PAT0841,,6.0,%,2026-08-10,ARCH-c8000,J. Varade,HB-2026-08-P01,TRUE
HbA1c,P0842,PATIENT,,PAT0842,,4.2,%,2026-08-11,ARCH-c4000,M. Kulkarni,HB-2026-08-P02,TRUE
HbA1c,P0843,PATIENT,,PAT0843,,5.7,%,2026-08-12,ARCH-c8000,S. Rao,HB-2026-08-P03,TRUE
HbA1c,P0844,PATIENT,,PAT0844,,6.4,%,2026-08-13,ARCH-c4000,J. Varade,HB-2026-08-P04,TRUE
HbA1c,P0845,PATIENT,,PAT0845,,7.5,%,2026-08-14,ARCH-c8000,M. Kulkarni,HB-2026-08-P05,TRUE
HbA1c,P0846,PATIENT,,PAT0846,,7.4,%,2026-08-15,ARCH-c4000,S. Rao,HB-2026-08-P06,TRUE
HbA1c,P0847,PATIENT,,PAT0847,,5.0,%,2026-08-10,ARCH-c8000,J. Varade,HB-2026-08-P07,TRUE
HbA1c,P0848,PATIENT,,PAT0848,,7.2,%,2026-08-11,ARCH-c4000,M. Kulkarni,HB-2026-08-P08,TRUE
HbA1c,P0849,PATIENT,,PAT0849,,7.1,%,2026-08-12,ARCH-c8000,S. Rao,HB-2026-08-P09,TRUE
HbA1c,P0850,PATIENT,,PAT0850,,7.0,%,2026-08-13,ARCH-c4000,J. Varade,HB-2026-08-P10,TRUE
HbA1c,P0851,PATIENT,,PAT0851,,6.7,%,2026-08-14,ARCH-c8000,M. Kulkarni,HB-2026-08-P11,TRUE
HbA1c,P0852,PATIENT,,PAT0852,,8.7,%,2026-08-15,ARCH-c4000,S. Rao,HB-2026-08-P12,TRUE
HbA1c,P0853,PATIENT,,PAT0853,,7.4,%,2026-08-10,ARCH-c8000,J. Varade,HB-2026-08-P01,TRUE
HbA1c,P0854,PATIENT,,PAT0854,,6.7,%,2026-08-11,ARCH-c4000,M. Kulkarni,HB-2026-08-P02,TRUE
HbA1c,P0855,PATIENT,,PAT0855,,14.1,%,2026-08-12,ARCH-c8000,S. Rao,HB-2026-08-P03,TRUE
HbA1c,P0856,PATIENT,,PAT0856,,7.7,%,2026-08-13,ARCH-c4000,J. Varade,HB-2026-08-P04,TRUE
HbA1c,P0857,PATIENT,,PAT0857,,7.6,%,2026-08-14,ARCH-c8000,M. Kulkarni,HB-2026-08-P05,TRUE
HbA1c,P0858,PATIENT,,PAT0858,,2.7,%,2026-08-15,ARCH-c4000,S. Rao,HB-2026-08-P06,TRUE
HbA1c,P0859,PATIENT,,PAT0859,,8.7,%,2026-08-10,ARCH-c8000,J. Varade,HB-2026-08-P07,TRUE
HbA1c,P0860,PATIENT,,PAT0860,,8.2,%,2026-08-11,ARCH-c4000,M. Kulkarni,HB-2026-08-P08,TRUE
HbA1c,P0861,PATIENT,,PAT0861,,6.3,%,2026-08-12,ARCH-c8000,S. Rao,HB-2026-08-P09,TRUE
HbA1c,P0862,PATIENT,,PAT0862,,6.7,%,2026-08-13,ARCH-c4000,J. Varade,HB-2026-08-P10,TRUE
HbA1c,P0863,PATIENT,,PAT0863,,13.2,%,2026-08-14,ARCH-c8000,M. Kulkarni,HB-2026-08-P11,TRUE
HbA1c,P0864,PATIENT,,PAT0864,,7.2,%,2026-08-15,ARCH-c4000,S. Rao,HB-2026-08-P12,TRUE
HbA1c,P0865,PATIENT,,PAT0865,,6.3,%,2026-08-10,ARCH-c8000,J. Varade,HB-2026-08-P01,TRUE
HbA1c,P0866,PATIENT,,PAT0866,,6.8,%,2026-08-11,ARCH-c4000,M. Kulkarni,HB-2026-08-P02,TRUE
HbA1c,P0867,PATIENT,,PAT0867,,6.9,%,2026-08-12,ARCH-c8000,S. Rao,HB-2026-08-P03,TRUE
HbA1c,P0868,PATIENT,,PAT0868,,7.0,%,2026-08-13,ARCH-c4000,J. Varade,HB-2026-08-P04,TRUE
HbA1c,P0869,PATIENT,,PAT0869,,7.7,%,2026-08-14,ARCH-c8000,M. Kulkarni,HB-2026-08-P05,TRUE
HbA1c,P0870,PATIENT,,PAT0870,,7.2,%,2026-08-15,ARCH-c4000,S. Rao,HB-2026-08-P06,TRUE
HbA1c,P0871,PATIENT,,PAT0871,,7.4,%,2026-08-10,ARCH-c8000,J. Varade,HB-2026-08-P07,TRUE
HbA1c,P0872,PATIENT,,PAT0872,,7.1,%,2026-08-11,ARCH-c4000,M. Kulkarni,HB-2026-08-P08,TRUE
HbA1c,P0873,PATIENT,,PAT0873,,6.8,%,2026-08-12,ARCH-c8000,S. Rao,HB-2026-08-P09,TRUE
HbA1c,P0874,PATIENT,,PAT0874,,6.7,%,2026-08-13,ARCH-c4000,J. Varade,HB-2026-08-P10,FALSE
HbA1c,P0875,PATIENT,,PAT0875,,5.8,%,2026-08-14,ARCH-c8000,M. Kulkarni,HB-2026-08-P11,TRUE
HbA1c,P0876,PATIENT,,PAT0876,,7.1,%,2026-08-15,ARCH-c4000,S. Rao,HB-2026-08-P12,TRUE
HbA1c,P0877,PATIENT,,PAT0877,,7.5,%,2026-08-10,ARCH-c8000,J. Varade,HB-2026-08-P01,TRUE
HbA1c,P0878,PATIENT,,PAT0878,,8.3,%,2026-08-11,ARCH-c4000,M. Kulkarni,HB-2026-08-P02,TRUE
HbA1c,P0879,PATIENT,,PAT0879,,9.4,%,2026-08-12,ARCH-c8000,S. Rao,HB-2026-08-P03,TRUE
HbA1c,P0880,PATIENT,,PAT0880,,7.0,%,2026-08-13,ARCH-c4000,J. Varade,HB-2026-08-P04,TRUE
HbA1c,P0881,PATIENT,,PAT0881,,5.4,%,2026-08-14,ARCH-c8000,M. Kulkarni,HB-2026-08-P05,TRUE
HbA1c,P0882,PATIENT,,PAT0882,,4.6,%,2026-08-15,ARCH-c4000,S. Rao,HB-2026-08-P06,TRUE
HbA1c,P0883,PATIENT,,PAT0883,,5.0,%,2026-08-10,ARCH-c8000,J. Varade,HB-2026-08-P07,TRUE
HbA1c,P0884,PATIENT,,PAT0884,,7.1,%,2026-08-11,ARCH-c4000,M. Kulkarni,HB-2026-08-P08,TRUE
HbA1c,P0885,PATIENT,,PAT0885,,5.6,%,2026-08-12,ARCH-c8000,S. Rao,HB-2026-08-P09,TRUE
HbA1c,P0886,PATIENT,,PAT0886,,6.4,%,2026-08-13,ARCH-c4000,J. Varade,HB-2026-08-P10,TRUE
HbA1c,P0887,PATIENT,,PAT0887,,4.4,%,2026-08-14,ARCH-c8000,M. Kulkarni,HB-2026-08-P11,TRUE
HbA1c,P0888,PATIENT,,PAT0888,,8.0,%,2026-08-15,ARCH-c4000,S. Rao,HB-2026-08-P12,TRUE
HbA1c,P0889,PATIENT,,PAT0889,,7.3,%,2026-08-10,ARCH-c8000,J. Varade,HB-2026-08-P01,TRUE
HbA1c,P0890,PATIENT,,PAT0890,,6.0,%,2026-08-11,ARCH-c4000,M. Kulkarni,HB-2026-08-P02,TRUE
HbA1c,P0891,PATIENT,,PAT0891,,7.0,%,2026-08-12,ARCH-c8000,S. Rao,HB-2026-08-P03,TRUE
HbA1c,P0892,PATIENT,,PAT0892,,----,%,2026-08-13,ARCH-c4000,J. Varade,HB-2026-08-P04,FALSE
HbA1c,P0893,PATIENT,,PAT0893,,7.3,%,2026-08-14,ARCH-c8000,M. Kulkarni,HB-2026-08-P05,TRUE
HbA1c,P0894,PATIENT,,PAT0894,,7.1,%,2026-08-15,ARCH-c4000,S. Rao,HB-2026-08-P06,TRUE
HbA1c,P0895,PATIENT,,PAT0895,,5.9,%,2026-08-10,ARCH-c8000,J. Varade,HB-2026-08-P07,TRUE
HbA1c,P0896,PATIENT,,PAT0896,,7.4,%,2026-08-11,ARCH-c4000,M. Kulkarni,HB-2026-08-P08,TRUE
HbA1c,P0897,PATIENT,,PAT0897,,5.4,%,2026-08-12,ARCH-c8000,S. Rao,HB-2026-08-P09,TRUE
HbA1c,P0898,PATIENT,,PAT0898,,6.5,%,2026-08-13,ARCH-c4000,J. Varade,HB-2026-08-P10,TRUE
HbA1c,P0899,PATIENT,,PAT0899,,7.0,%,2026-08-14,ARCH-c8000,M. Kulkarni,HB-2026-08-P11,TRUE
HbA1c,P0900,PATIENT,,PAT0900,,6.7,%,2026-08-15,ARCH-c4000,S. Rao,HB-2026-08-P12,TRUE
HbA1c,P0901,PATIENT,,PAT0901,,7.0,%,2026-08-10,ARCH-c8000,J. Varade,HB-2026-08-P01,TRUE
HbA1c,P0902,PATIENT,,PAT0902,,7.1,%,2026-08-11,ARCH-c4000,M. Kulkarni,HB-2026-08-P02,TRUE
HbA1c,P0903,PATIENT,,PAT0903,,13.8,%,2026-08-12,ARCH-c8000,S. Rao,HB-2026-08-P03,TRUE
HbA1c,P0904,PATIENT,,PAT0904,,6.2,%,2026-08-13,ARCH-c4000,J. Varade,HB-2026-08-P04,TRUE
HbA1c,P0905,PATIENT,,PAT0905,,5.7,%,2026-08-14,ARCH-c8000,M. Kulkarni,HB-2026-08-P05,TRUE
HbA1c,P0906,PATIENT,,PAT0906,,5.8,%,2026-08-15,ARCH-c4000,S. Rao,HB-2026-08-P06,TRUE
HbA1c,P0907,PATIENT,,PAT0907,,7.8,%,2026-08-10,ARCH-c8000,J. Varade,HB-2026-08-P07,TRUE
HbA1c,P0908,PATIENT,,PAT0908,,9.1,%,2026-08-11,ARCH-c4000,M. Kulkarni,HB-2026-08-P08,TRUE
HbA1c,P0909,PATIENT,,PAT0909,,7.4,%,2026-08-12,ARCH-c8000,S. Rao,HB-2026-08-P09,TRUE
HbA1c,P0910,PATIENT,,PAT0910,,5.5,%,2026-08-13,ARCH-c4000,J. Varade,HB-2026-08-P10,TRUE
HbA1c,P0911,PATIENT,,PAT0911,,5.7,%,2026-08-14,ARCH-c8000,M. Kulkarni,HB-2026-08-P11,TRUE
HbA1c,P0912,PATIENT,,PAT0912,,5.3,%,2026-08-15,ARCH-c4000,S. Rao,HB-2026-08-P12,TRUE
HbA1c,P0913,PATIENT,,PAT0913,,6.7,%,2026-08-10,ARCH-c8000,J. Varade,HB-2026-08-P01,TRUE
HbA1c,P0914,PATIENT,,PAT0914,,6.2,%,2026-08-11,ARCH-c4000,M. Kulkarni,HB-2026-08-P02,TRUE
HbA1c,P0915,PATIENT,,PAT0915,,7.4,%,2026-08-12,ARCH-c8000,S. Rao,HB-2026-08-P03,TRUE
HbA1c,P0916,PATIENT,,PAT0916,,8.4,%,2026-08-13,ARCH-c4000,J. Varade,HB-2026-08-P04,TRUE
HbA1c,P0917,PATIENT,,PAT0917,,5.8,%,2026-08-14,ARCH-c8000,M. Kulkarni,HB-2026-08-P05,TRUE
HbA1c,P0918,PATIENT,,PAT0918,,6.3,%,2026-08-15,ARCH-c4000,S. Rao,HB-2026-08-P06,TRUE
HbA1c,P0919,PATIENT,,PAT0919,,6.8,%,2026-08-10,ARCH-c8000,J. Varade,HB-2026-08-P07,TRUE
HbA1c,P0920,PATIENT,,PAT0920,,7.9,%,2026-08-11,ARCH-c4000,M. Kulkarni,HB-2026-08-P08,TRUE
HbA1c,P0921,PATIENT,,PAT0921,,6.7,%,2026-08-12,ARCH-c8000,S. Rao,HB-2026-08-P09,TRUE
HbA1c,P0922,PATIENT,,PAT0922,,6.1,%,2026-08-13,ARCH-c4000,J. Varade,HB-2026-08-P10,TRUE
HbA1c,P0923,PATIENT,,PAT0923,,5.8,%,2026-08-14,ARCH-c8000,M. Kulkarni,HB-2026-08-P11,TRUE
HbA1c,P0924,PATIENT,,PAT0924,,8.0,%,2026-08-15,ARCH-c4000,S. Rao,HB-2026-08-P12,TRUE
HbA1c,P0925,PATIENT,,PAT0925,,4.7,%,2026-08-10,ARCH-c8000,J. Varade,HB-2026-08-P01,TRUE
HbA1c,P0926,PATIENT,,PAT0926,,9.4,%,2026-08-11,ARCH-c4000,M. Kulkarni,HB-2026-08-P02,TRUE
HbA1c,P0927,PATIENT,,PAT0927,,6.2,%,2026-08-12,ARCH-c8000,S. Rao,HB-2026-08-P03,TRUE
HbA1c,P0928,PATIENT,,PAT0928,,8.3,%,2026-08-13,ARCH-c4000,J. Varade,HB-2026-08-P04,TRUE
HbA1c,P0929,PATIENT,,PAT0929,,15.2,%,2026-08-14,ARCH-c8000,M. Kulkarni,HB-2026-08-P05,TRUE
HbA1c,P0930,PATIENT,,PAT0930,,6.8,%,2026-08-15,ARCH-c4000,S. Rao,HB-2026-08-P06,TRUE
HbA1c,P0931,PATIENT,,PAT0931,,----,%,2026-08-10,ARCH-c8000,J. Varade,HB-2026-08-P07,FALSE
HbA1c,P0932,PATIENT,,PAT0932,,5.9,%,2026-08-11,ARCH-c4000,M. Kulkarni,HB-2026-08-P08,TRUE
HbA1c,P0933,PATIENT,,PAT0933,,6.3,%,2026-08-12,ARCH-c8000,S. Rao,HB-2026-08-P09,TRUE
HbA1c,P0934,PATIENT,,PAT0934,,5.9,%,2026-08-13,ARCH-c4000,J. Varade,HB-2026-08-P10,TRUE
HbA1c,P0935,PATIENT,,PAT0935,,6.3,%,2026-08-14,ARCH-c8000,M. Kulkarni,HB-2026-08-P11,TRUE
HbA1c,P0936,PATIENT,,PAT0936,,9.4,%,2026-08-15,ARCH-c4000,S. Rao,HB-2026-08-P12,TRUE
HbA1c,P0937,PATIENT,,PAT0937,,7.6,%,2026-08-10,ARCH-c8000,J. Varade,HB-2026-08-P01,TRUE
HbA1c,P0938,PATIENT,,PAT0938,,8.5,%,2026-08-11,ARCH-c4000,M. Kulkarni,HB-2026-08-P02,TRUE
HbA1c,P0939,PATIENT,,PAT0939,,7.3,%,2026-08-12,ARCH-c8000,S. Rao,HB-2026-08-P03,TRUE
HbA1c,P0940,PATIENT,,PAT0940,,5.5,%,2026-08-13,ARCH-c4000,J. Varade,HB-2026-08-P04,TRUE
HbA1c,P0941,PATIENT,,PAT0941,,7.0,%,2026-08-14,ARCH-c8000,M. Kulkarni,HB-2026-08-P05,TRUE
HbA1c,P0942,PATIENT,,PAT0942,,7.2,%,2026-08-15,ARCH-c4000,S. Rao,HB-2026-08-P06,TRUE
HbA1c,P0943,PATIENT,,PAT0943,,7.9,%,2026-08-10,ARCH-c8000,J. Varade,HB-2026-08-P07,TRUE
HbA1c,P0944,PATIENT,,PAT0944,,6.4,%,2026-08-11,ARCH-c4000,M. Kulkarni,HB-2026-08-P08,TRUE
HbA1c,P0945,PATIENT,,PAT0945,,8.2,%,2026-08-12,ARCH-c8000,S. Rao,HB-2026-08-P09,TRUE
HbA1c,P0946,PATIENT,,PAT0946,,5.9,%,2026-08-13,ARCH-c4000,J. Varade,HB-2026-08-P10,TRUE
HbA1c,P0947,PATIENT,,PAT0947,,5.6,%,2026-08-14,ARCH-c8000,M. Kulkarni,HB-2026-08-P11,TRUE
HbA1c,P0948,PATIENT,,PAT0948,,5.5,%,2026-08-15,ARCH-c4000,S. Rao,HB-2026-08-P12,TRUE
HbA1c,P0949,PATIENT,,PAT0949,,4.4,%,2026-08-10,ARCH-c8000,J. Varade,HB-2026-08-P01,TRUE
HbA1c,P0950,PATIENT,,PAT0950,,8.2,%,2026-08-11,ARCH-c4000,M. Kulkarni,HB-2026-08-P02,TRUE
HbA1c,P0951,PATIENT,,PAT0951,,6.9,%,2026-08-12,ARCH-c8000,S. Rao,HB-2026-08-P03,TRUE
HbA1c,P0952,PATIENT,,PAT0952,,5.8,%,2026-08-13,ARCH-c4000,J. Varade,HB-2026-08-P04,TRUE
HbA1c,P0953,PATIENT,,PAT0953,,7.6,%,2026-08-14,ARCH-c8000,M. Kulkarni,HB-2026-08-P05,TRUE
HbA1c,P0954,PATIENT,,PAT0954,,6.1,%,2026-08-15,ARCH-c4000,S. Rao,HB-2026-08-P06,TRUE
HbA1c,P0955,PATIENT,,PAT0955,,8.4,%,2026-08-10,ARCH-c8000,J. Varade,HB-2026-08-P07,TRUE
HbA1c,P0956,PATIENT,,PAT0956,,6.6,%,2026-08-11,ARCH-c4000,M. Kulkarni,HB-2026-08-P08,TRUE
HbA1c,P0957,PATIENT,,PAT0957,,7.8,%,2026-08-12,ARCH-c8000,S. Rao,HB-2026-08-P09,TRUE
HbA1c,P0958,PATIENT,,PAT0958,,7.2,%,2026-08-13,ARCH-c4000,J. Varade,HB-2026-08-P10,TRUE
HbA1c,P0959,PATIENT,,PAT0959,,7.7,%,2026-08-14,ARCH-c8000,M. Kulkarni,HB-2026-08-P11,TRUE
HbA1c,P0960,PATIENT,,PAT0960,,7.5,%,2026-08-15,ARCH-c4000,S. Rao,HB-2026-08-P12,TRUE
HbA1c,P0961,PATIENT,,PAT0961,,5.0,%,2026-08-10,ARCH-c8000,J. Varade,HB-2026-08-P01,TRUE
HbA1c,P0962,PATIENT,,PAT0962,,7.2,%,2026-08-11,ARCH-c4000,M. Kulkarni,HB-2026-08-P02,TRUE
HbA1c,P0963,PATIENT,,PAT0963,,5.1,%,2026-08-12,ARCH-c8000,S. Rao,HB-2026-08-P03,TRUE
HbA1c,P0964,PATIENT,,PAT0964,,8.0,%,2026-08-13,ARCH-c4000,J. Varade,HB-2026-08-P04,TRUE
HbA1c,P0965,PATIENT,,PAT0965,,6.1,%,2026-08-14,ARCH-c8000,M. Kulkarni,HB-2026-08-P05,TRUE
HbA1c,P0966,PATIENT,,PAT0966,,7.5,%,2026-08-15,ARCH-c4000,S. Rao,HB-2026-08-P06,TRUE
HbA1c,P0967,PATIENT,,PAT0967,,7.2,%,2026-08-10,ARCH-c8000,J. Varade,HB-2026-08-P07,TRUE
HbA1c,P0968,PATIENT,,PAT0968,,4.2,%,2026-08-11,ARCH-c4000,M. Kulkarni,HB-2026-08-P08,TRUE
HbA1c,P0969,PATIENT,,PAT0969,,16.0,%,2026-08-12,ARCH-c8000,S. Rao,HB-2026-08-P09,TRUE
HbA1c,P0970,PATIENT,,PAT0970,,6.2,%,2026-08-13,ARCH-c4000,J. Varade,HB-2026-08-P10,TRUE
HbA1c,P0971,PATIENT,,PAT0971,,8.8,%,2026-08-14,ARCH-c8000,M. Kulkarni,HB-2026-08-P11,FALSE
HbA1c,P0972,PATIENT,,PAT0972,,6.8,%,2026-08-15,ARCH-c4000,S. Rao,HB-2026-08-P12,TRUE
HbA1c,P0973,PATIENT,,PAT0973,,6.2,%,2026-08-10,ARCH-c8000,J. Varade,HB-2026-08-P01,TRUE
HbA1c,P0974,PATIENT,,PAT0974,,9.3,%,2026-08-11,ARCH-c4000,M. Kulkarni,HB-2026-08-P02,TRUE
HbA1c,P0975,PATIENT,,PAT0975,,7.3,%,2026-08-12,ARCH-c8000,S. Rao,HB-2026-08-P03,TRUE
HbA1c,P0976,PATIENT,,PAT0976,,6.9,%,2026-08-13,ARCH-c4000,J. Varade,HB-2026-08-P04,TRUE
HbA1c,P0977,PATIENT,,PAT0977,,8.3,%,2026-08-14,ARCH-c8000,M. Kulkarni,HB-2026-08-P05,TRUE
HbA1c,P0978,PATIENT,,PAT0978,,16.5,%,2026-08-15,ARCH-c4000,S. Rao,HB-2026-08-P06,TRUE
HbA1c,P0979,PATIENT,,PAT0979,,6.9,%,2026-08-10,ARCH-c8000,J. Varade,HB-2026-08-P07,TRUE
HbA1c,P0980,PATIENT,,PAT0980,,6.0,%,2026-08-11,ARCH-c4000,M. Kulkarni,HB-2026-08-P08,TRUE
HbA1c,P0981,PATIENT,,PAT0981,,6.0,%,2026-08-12,ARCH-c8000,S. Rao,HB-2026-08-P09,TRUE
HbA1c,P0982,PATIENT,,PAT0982,,6.0,%,2026-08-13,ARCH-c4000,J. Varade,HB-2026-08-P10,TRUE
HbA1c,P0983,PATIENT,,PAT0983,,7.4,%,2026-08-14,ARCH-c8000,M. Kulkarni,HB-2026-08-P11,TRUE
HbA1c,P0984,PATIENT,,PAT0984,,7.2,%,2026-08-15,ARCH-c4000,S. Rao,HB-2026-08-P12,TRUE
HbA1c,P0985,PATIENT,,PAT0985,,6.3,%,2026-08-10,ARCH-c8000,J. Varade,HB-2026-08-P01,TRUE
HbA1c,P0986,PATIENT,,PAT0986,,2.2,%,2026-08-11,ARCH-c4000,M. Kulkarni,HB-2026-08-P02,TRUE
HbA1c,P0987,PATIENT,,PAT0987,,7.3,%,2026-08-12,ARCH-c8000,S. Rao,HB-2026-08-P03,TRUE
HbA1c,P0988,PATIENT,,PAT0988,,8.8,%,2026-08-13,ARCH-c4000,J. Varade,HB-2026-08-P04,TRUE
HbA1c,P0989,PATIENT,,PAT0989,,7.7,%,2026-08-14,ARCH-c8000,M. Kulkarni,HB-2026-08-P05,TRUE
HbA1c,P0990,PATIENT,,PAT0990,,8.1,%,2026-08-15,ARCH-c4000,S. Rao,HB-2026-08-P06,TRUE
HbA1c,P0991,PATIENT,,PAT0991,,16.6,%,2026-08-10,ARCH-c8000,J. Varade,HB-2026-08-P07,TRUE
HbA1c,P0992,PATIENT,,PAT0992,,10.4,%,2026-08-11,ARCH-c4000,M. Kulkarni,HB-2026-08-P08,TRUE
HbA1c,P0993,PATIENT,,PAT0993,,6.9,%,2026-08-12,ARCH-c8000,S. Rao,HB-2026-08-P09,TRUE
HbA1c,P0994,PATIENT,,PAT0994,,6.5,%,2026-08-13,ARCH-c4000,J. Varade,HB-2026-08-P10,TRUE
HbA1c,P0995,PATIENT,,PAT0995,,5.6,%,2026-08-14,ARCH-c8000,M. Kulkarni,HB-2026-08-P11,TRUE
HbA1c,P0996,PATIENT,,PAT0996,,6.3,%,2026-08-15,ARCH-c4000,S. Rao,HB-2026-08-P12,TRUE
HbA1c,P0997,PATIENT,,PAT0997,,5.7,%,2026-08-10,ARCH-c8000,J. Varade,HB-2026-08-P01,TRUE
HbA1c,P0998,PATIENT,,PAT0998,,6.9,%,2026-08-11,ARCH-c4000,M. Kulkarni,HB-2026-08-P02,TRUE
HbA1c,P0999,PATIENT,,PAT0999,,5.4,%,2026-08-12,ARCH-c8000,S. Rao,HB-2026-08-P03,TRUE
HbA1c,P1000,PATIENT,,PAT1000,,5.3,%,2026-08-13,ARCH-c4000,J. Varade,HB-2026-08-P04,TRUE
HbA1c,P1001,PATIENT,,PAT1001,,2.9,%,2026-08-14,ARCH-c8000,M. Kulkarni,HB-2026-08-P05,TRUE
HbA1c,P1002,PATIENT,,PAT1002,,5.8,%,2026-08-15,ARCH-c4000,S. Rao,HB-2026-08-P06,TRUE
HbA1c,P1003,PATIENT,,PAT1003,,6.5,%,2026-08-10,ARCH-c8000,J. Varade,HB-2026-08-P07,TRUE
HbA1c,P1004,PATIENT,,PAT1004,,7.6,%,2026-08-11,ARCH-c4000,M. Kulkarni,HB-2026-08-P08,TRUE
HbA1c,P1005,PATIENT,,PAT1005,,6.0,%,2026-08-12,ARCH-c8000,S. Rao,HB-2026-08-P09,TRUE
HbA1c,P1006,PATIENT,,PAT1006,,8.1,%,2026-08-13,ARCH-c4000,J. Varade,HB-2026-08-P10,TRUE
HbA1c,P1007,PATIENT,,PAT1007,,8.0,%,2026-08-14,ARCH-c8000,M. Kulkarni,HB-2026-08-P11,TRUE
HbA1c,P1008,PATIENT,,PAT1008,,8.4,%,2026-08-15,ARCH-c4000,S. Rao,HB-2026-08-P12,TRUE
HbA1c,P1009,PATIENT,,PAT1009,,7.9,%,2026-08-10,ARCH-c8000,J. Varade,HB-2026-08-P01,TRUE
HbA1c,P1010,PATIENT,,PAT1010,,7.4,%,2026-08-11,ARCH-c4000,M. Kulkarni,HB-2026-08-P02,TRUE
HbA1c,P1011,PATIENT,,PAT1011,,5.5,%,2026-08-12,ARCH-c8000,S. Rao,HB-2026-08-P03,TRUE
HbA1c,P1012,PATIENT,,PAT1012,,7.1,%,2026-08-13,ARCH-c4000,J. Varade,HB-2026-08-P04,TRUE
HbA1c,P1013,PATIENT,,PAT1013,,6.7,%,2026-08-14,ARCH-c8000,M. Kulkarni,HB-2026-08-P05,TRUE
HbA1c,P1014,PATIENT,,PAT1014,,6.8,%,2026-08-15,ARCH-c4000,S. Rao,HB-2026-08-P06,TRUE
HbA1c,P1015,PATIENT,,PAT1015,,8.8,%,2026-08-10,ARCH-c8000,J. Varade,HB-2026-08-P07,TRUE
HbA1c,P1016,PATIENT,,PAT1016,,5.1,%,2026-08-11,ARCH-c4000,M. Kulkarni,HB-2026-08-P08,TRUE
HbA1c,P1017,PATIENT,,PAT1017,,7.8,%,2026-08-12,ARCH-c8000,S. Rao,HB-2026-08-P09,TRUE
HbA1c,P1018,PATIENT,,PAT1018,,8.1,%,2026-08-13,ARCH-c4000,J. Varade,HB-2026-08-P10,TRUE
HbA1c,P1019,PATIENT,,PAT1019,,5.9,%,2026-08-14,ARCH-c8000,M. Kulkarni,HB-2026-08-P11,TRUE
HbA1c,P1020,PATIENT,,PAT1020,,5.7,%,2026-08-15,ARCH-c4000,S. Rao,HB-2026-08-P12,TRUE
HbA1c,P1021,PATIENT,,PAT1021,,7.1,%,2026-08-10,ARCH-c8000,J. Varade,HB-2026-08-P01,TRUE
HbA1c,P1022,PATIENT,,PAT1022,,5.9,%,2026-08-11,ARCH-c4000,M. Kulkarni,HB-2026-08-P02,TRUE
HbA1c,P1023,PATIENT,,PAT1023,,7.8,%,2026-08-12,ARCH-c8000,S. Rao,HB-2026-08-P03,TRUE
HbA1c,P1024,PATIENT,,PAT1024,,5.2,%,2026-08-13,ARCH-c4000,J. Varade,HB-2026-08-P04,TRUE
HbA1c,P1025,PATIENT,,PAT1025,,5.9,%,2026-08-14,ARCH-c8000,M. Kulkarni,HB-2026-08-P05,TRUE
HbA1c,P1026,PATIENT,,PAT1026,,6.7,%,2026-08-15,ARCH-c4000,S. Rao,HB-2026-08-P06,TRUE
HbA1c,P1027,PATIENT,,PAT1027,,8.1,%,2026-08-10,ARCH-c8000,J. Varade,HB-2026-08-P07,TRUE
HbA1c,P1028,PATIENT,,PAT1028,,8.5,%,2026-08-11,ARCH-c4000,M. Kulkarni,HB-2026-08-P08,TRUE
HbA1c,P1029,PATIENT,,PAT1029,,6.3,%,2026-08-12,ARCH-c8000,S. Rao,HB-2026-08-P09,TRUE
HbA1c,P1030,PATIENT,,PAT1030,,6.7,%,2026-08-13,ARCH-c4000,J. Varade,HB-2026-08-P10,TRUE
HbA1c,P1031,PATIENT,,PAT1031,,4.3,%,2026-08-14,ARCH-c8000,M. Kulkarni,HB-2026-08-P11,TRUE
HbA1c,P1032,PATIENT,,PAT1032,,7.8,%,2026-08-15,ARCH-c4000,S. Rao,HB-2026-08-P12,TRUE
HbA1c,P1033,PATIENT,,PAT1033,,6.6,%,2026-08-10,ARCH-c8000,J. Varade,HB-2026-08-P01,TRUE
HbA1c,P1034,PATIENT,,PAT1034,,13.3,%,2026-08-11,ARCH-c4000,M. Kulkarni,HB-2026-08-P02,TRUE
HbA1c,P1035,PATIENT,,PAT1035,,5.6,%,2026-08-12,ARCH-c8000,S. Rao,HB-2026-08-P03,TRUE
HbA1c,P1036,PATIENT,,PAT1036,,6.3,%,2026-08-13,ARCH-c4000,J. Varade,HB-2026-08-P04,TRUE
HbA1c,P1037,PATIENT,,PAT1037,,5.3,%,2026-08-14,ARCH-c8000,M. Kulkarni,HB-2026-08-P05,TRUE
HbA1c,P1038,PATIENT,,PAT1038,,10.1,%,2026-08-15,ARCH-c4000,S. Rao,HB-2026-08-P06,TRUE
HbA1c,P1039,PATIENT,,PAT1039,,5.8,%,2026-08-10,ARCH-c8000,J. Varade,HB-2026-08-P07,TRUE
HbA1c,P1040,PATIENT,,PAT1040,,8.8,%,2026-08-11,ARCH-c4000,M. Kulkarni,HB-2026-08-P08,TRUE
HbA1c,P1041,PATIENT,,PAT1041,,6.1,%,2026-08-12,ARCH-c8000,S. Rao,HB-2026-08-P09,TRUE
HbA1c,P1042,PATIENT,,PAT1042,,4.6,%,2026-08-13,ARCH-c4000,J. Varade,HB-2026-08-P10,TRUE
HbA1c,P1043,PATIENT,,PAT1043,,7.3,%,2026-08-14,ARCH-c8000,M. Kulkarni,HB-2026-08-P11,TRUE
HbA1c,P1044,PATIENT,,PAT1044,,6.2,%,2026-08-15,ARCH-c4000,S. Rao,HB-2026-08-P12,TRUE
HbA1c,P1045,PATIENT,,PAT1045,,8.3,%,2026-08-10,ARCH-c8000,J. Varade,HB-2026-08-P01,TRUE
HbA1c,P1046,PATIENT,,PAT1046,,6.1,%,2026-08-11,ARCH-c4000,M. Kulkarni,HB-2026-08-P02,TRUE
HbA1c,P1047,PATIENT,,PAT1047,,6.9,%,2026-08-12,ARCH-c8000,S. Rao,HB-2026-08-P03,TRUE
HbA1c,P1048,PATIENT,,PAT1048,,8.4,%,2026-08-13,ARCH-c4000,J. Varade,HB-2026-08-P04,TRUE
HbA1c,P1049,PATIENT,,PAT1049,,5.6,%,2026-08-14,ARCH-c8000,M. Kulkarni,HB-2026-08-P05,TRUE
HbA1c,P1050,PATIENT,,PAT1050,,6.6,%,2026-08-15,ARCH-c4000,S. Rao,HB-2026-08-P06,TRUE
HbA1c,P1051,PATIENT,,PAT1051,,6.9,%,2026-08-10,ARCH-c8000,J. Varade,HB-2026-08-P07,TRUE
HbA1c,P1052,PATIENT,,PAT1052,,7.5,%,2026-08-11,ARCH-c4000,M. Kulkarni,HB-2026-08-P08,TRUE
HbA1c,P1053,PATIENT,,PAT1053,,7.3,%,2026-08-12,ARCH-c8000,S. Rao,HB-2026-08-P09,TRUE
HbA1c,P1054,PATIENT,,PAT1054,,7.2,%,2026-08-13,ARCH-c4000,J. Varade,HB-2026-08-P10,TRUE
HbA1c,P1055,PATIENT,,PAT1055,,6.8,%,2026-08-14,ARCH-c8000,M. Kulkarni,HB-2026-08-P11,TRUE
HbA1c,P1056,PATIENT,,PAT1056,,4.4,%,2026-08-15,ARCH-c4000,S. Rao,HB-2026-08-P12,TRUE
HbA1c,P1057,PATIENT,,PAT1057,,7.4,%,2026-08-10,ARCH-c8000,J. Varade,HB-2026-08-P01,TRUE
HbA1c,P1058,PATIENT,,PAT1058,,6.4,%,2026-08-11,ARCH-c4000,M. Kulkarni,HB-2026-08-P02,TRUE
HbA1c,P1059,PATIENT,,PAT1059,,7.4,%,2026-08-12,ARCH-c8000,S. Rao,HB-2026-08-P03,TRUE
HbA1c,P1060,PATIENT,,PAT1060,,8.3,%,2026-08-13,ARCH-c4000,J. Varade,HB-2026-08-P04,TRUE
HbA1c,P1061,PATIENT,,PAT1061,,6.4,%,2026-08-14,ARCH-c8000,M. Kulkarni,HB-2026-08-P05,TRUE
HbA1c,P1062,PATIENT,,PAT1062,,6.4,%,2026-08-15,ARCH-c4000,S. Rao,HB-2026-08-P06,TRUE
HbA1c,P1063,PATIENT,,PAT1063,,5.7,%,2026-08-10,ARCH-c8000,J. Varade,HB-2026-08-P07,TRUE
HbA1c,P1064,PATIENT,,PAT1064,,6.8,%,2026-08-11,ARCH-c4000,M. Kulkarni,HB-2026-08-P08,TRUE
HbA1c,P1065,PATIENT,,PAT1065,,6.2,%,2026-08-12,ARCH-c8000,S. Rao,HB-2026-08-P09,TRUE
HbA1c,P1066,PATIENT,,PAT1066,,7.1,%,2026-08-13,ARCH-c4000,J. Varade,HB-2026-08-P10,TRUE
HbA1c,P1067,PATIENT,,PAT1067,,9.2,%,2026-08-14,ARCH-c8000,M. Kulkarni,HB-2026-08-P11,TRUE
HbA1c,P1068,PATIENT,,PAT1068,,10.1,%,2026-08-15,ARCH-c4000,S. Rao,HB-2026-08-P12,FALSE
HbA1c,P1069,PATIENT,,PAT1069,,4.2,%,2026-08-10,ARCH-c8000,J. Varade,HB-2026-08-P01,TRUE
HbA1c,P1070,PATIENT,,PAT1070,,6.1,%,2026-08-11,ARCH-c4000,M. Kulkarni,HB-2026-08-P02,TRUE
HbA1c,P1071,PATIENT,,PAT1071,,10.4,%,2026-08-12,ARCH-c8000,S. Rao,HB-2026-08-P03,TRUE
HbA1c,P1072,PATIENT,,PAT1072,,6.9,%,2026-08-13,ARCH-c4000,J. Varade,HB-2026-08-P04,TRUE
HbA1c,P1073,PATIENT,,PAT1073,,6.4,%,2026-08-14,ARCH-c8000,M. Kulkarni,HB-2026-08-P05,TRUE
HbA1c,P1074,PATIENT,,PAT1074,,6.3,%,2026-08-15,ARCH-c4000,S. Rao,HB-2026-08-P06,TRUE
HbA1c,P1075,PATIENT,,PAT1075,,5.4,%,2026-08-10,ARCH-c8000,J. Varade,HB-2026-08-P07,TRUE
HbA1c,P1076,PATIENT,,PAT1076,,5.7,%,2026-08-11,ARCH-c4000,M. Kulkarni,HB-2026-08-P08,TRUE
HbA1c,P1077,PATIENT,,PAT1077,,8.7,%,2026-08-12,ARCH-c8000,S. Rao,HB-2026-08-P09,TRUE
HbA1c,P1078,PATIENT,,PAT1078,,8.2,%,2026-08-13,ARCH-c4000,J. Varade,HB-2026-08-P10,TRUE
HbA1c,P1079,PATIENT,,PAT1079,,7.8,%,2026-08-14,ARCH-c8000,M. Kulkarni,HB-2026-08-P11,TRUE
HbA1c,P1080,PATIENT,,PAT1080,,7.8,%,2026-08-15,ARCH-c4000,S. Rao,HB-2026-08-P12,TRUE
HbA1c,P1081,PATIENT,,PAT1081,,7.8,%,2026-08-10,ARCH-c8000,J. Varade,HB-2026-08-P01,TRUE
HbA1c,P1082,PATIENT,,PAT1082,,8.5,%,2026-08-11,ARCH-c4000,M. Kulkarni,HB-2026-08-P02,TRUE
HbA1c,P1083,PATIENT,,PAT1083,,7.6,%,2026-08-12,ARCH-c8000,S. Rao,HB-2026-08-P03,TRUE
HbA1c,P1084,PATIENT,,PAT1084,,16.2,%,2026-08-13,ARCH-c4000,J. Varade,HB-2026-08-P04,TRUE
HbA1c,P1085,PATIENT,,PAT1085,,6.4,%,2026-08-14,ARCH-c8000,M. Kulkarni,HB-2026-08-P05,TRUE
HbA1c,P1086,PATIENT,,PAT1086,,6.6,%,2026-08-15,ARCH-c4000,S. Rao,HB-2026-08-P06,TRUE
HbA1c,P1087,PATIENT,,PAT1087,,5.5,%,2026-08-10,ARCH-c8000,J. Varade,HB-2026-08-P07,TRUE
HbA1c,P1088,PATIENT,,PAT1088,,6.2,%,2026-08-11,ARCH-c4000,M. Kulkarni,HB-2026-08-P08,TRUE
HbA1c,P1089,PATIENT,,PAT1089,,6.4,%,2026-08-12,ARCH-c8000,S. Rao,HB-2026-08-P09,TRUE
HbA1c,P1090,PATIENT,,PAT1090,,6.1,%,2026-08-13,ARCH-c4000,J. Varade,HB-2026-08-P10,TRUE
HbA1c,P1091,PATIENT,,PAT1091,,8.5,%,2026-08-14,ARCH-c8000,M. Kulkarni,HB-2026-08-P11,TRUE
HbA1c,P1092,PATIENT,,PAT1092,,7.3,%,2026-08-15,ARCH-c4000,S. Rao,HB-2026-08-P12,TRUE
HbA1c,P1093,PATIENT,,PAT1093,,9.1,%,2026-08-10,ARCH-c8000,J. Varade,HB-2026-08-P01,TRUE
HbA1c,P1094,PATIENT,,PAT1094,,7.0,%,2026-08-11,ARCH-c4000,M. Kulkarni,HB-2026-08-P02,TRUE
HbA1c,P1095,PATIENT,,PAT1095,,6.2,%,2026-08-12,ARCH-c8000,S. Rao,HB-2026-08-P03,TRUE
HbA1c,P1096,PATIENT,,PAT1096,,7.1,%,2026-08-13,ARCH-c4000,J. Varade,HB-2026-08-P04,TRUE
HbA1c,P1097,PATIENT,,PAT1097,,5.8,%,2026-08-14,ARCH-c8000,M. Kulkarni,HB-2026-08-P05,TRUE
HbA1c,P1098,PATIENT,,PAT1098,,4.2,%,2026-08-15,ARCH-c4000,S. Rao,HB-2026-08-P06,TRUE
HbA1c,P1099,PATIENT,,PAT1099,,6.2,%,2026-08-10,ARCH-c8000,J. Varade,HB-2026-08-P07,TRUE
HbA1c,P1100,PATIENT,,PAT1100,,8.6,%,2026-08-11,ARCH-c4000,M. Kulkarni,HB-2026-08-P08,TRUE
HbA1c,P1101,PATIENT,,PAT1101,,16.1,%,2026-08-12,ARCH-c8000,S. Rao,HB-2026-08-P09,TRUE
HbA1c,P1102,PATIENT,,PAT1102,,7.7,%,2026-08-13,ARCH-c4000,J. Varade,HB-2026-08-P10,TRUE
HbA1c,P1103,PATIENT,,PAT1103,,7.1,%,2026-08-14,ARCH-c8000,M. Kulkarni,HB-2026-08-P11,TRUE
HbA1c,P1104,PATIENT,,PAT1104,,9.1,%,2026-08-15,ARCH-c4000,S. Rao,HB-2026-08-P12,TRUE
HbA1c,P1105,PATIENT,,PAT1105,,6.3,%,2026-08-10,ARCH-c8000,J. Varade,HB-2026-08-P01,TRUE
HbA1c,P1106,PATIENT,,PAT1106,,6.2,%,2026-08-11,ARCH-c4000,M. Kulkarni,HB-2026-08-P02,TRUE
HbA1c,P1107,PATIENT,,PAT1107,,7.7,%,2026-08-12,ARCH-c8000,S. Rao,HB-2026-08-P03,TRUE
HbA1c,P1108,PATIENT,,PAT1108,,14.6,%,2026-08-13,ARCH-c4000,J. Varade,HB-2026-08-P04,TRUE
HbA1c,P1109,PATIENT,,PAT1109,,10.3,%,2026-08-14,ARCH-c8000,M. Kulkarni,HB-2026-08-P05,TRUE
HbA1c,P1110,PATIENT,,PAT1110,,6.3,%,2026-08-15,ARCH-c4000,S. Rao,HB-2026-08-P06,TRUE
HbA1c,P1111,PATIENT,,PAT1111,,8.5,%,2026-08-10,ARCH-c8000,J. Varade,HB-2026-08-P07,TRUE
HbA1c,P1112,PATIENT,,PAT1112,,7.9,%,2026-08-11,ARCH-c4000,M. Kulkarni,HB-2026-08-P08,TRUE
HbA1c,P1113,PATIENT,,PAT1113,,8.1,%,2026-08-12,ARCH-c8000,S. Rao,HB-2026-08-P09,TRUE
HbA1c,P1114,PATIENT,,PAT1114,,7.8,%,2026-08-13,ARCH-c4000,J. Varade,HB-2026-08-P10,TRUE
HbA1c,P1115,PATIENT,,PAT1115,,5.6,%,2026-08-14,ARCH-c8000,M. Kulkarni,HB-2026-08-P11,TRUE
HbA1c,P1116,PATIENT,,PAT1116,,6.7,%,2026-08-15,ARCH-c4000,S. Rao,HB-2026-08-P12,TRUE
HbA1c,P1117,PATIENT,,PAT1117,,7.2,%,2026-08-10,ARCH-c8000,J. Varade,HB-2026-08-P01,TRUE
HbA1c,P1118,PATIENT,,PAT1118,,7.2,%,2026-08-11,ARCH-c4000,M. Kulkarni,HB-2026-08-P02,TRUE
HbA1c,P1119,PATIENT,,PAT1119,,6.2,%,2026-08-12,ARCH-c8000,S. Rao,HB-2026-08-P03,TRUE
HbA1c,P1120,PATIENT,,PAT1120,,6.0,%,2026-08-13,ARCH-c4000,J. Varade,HB-2026-08-P04,TRUE
HbA1c,P1121,PATIENT,,PAT1121,,6.9,%,2026-08-14,ARCH-c8000,M. Kulkarni,HB-2026-08-P05,TRUE
HbA1c,P1122,PATIENT,,PAT1122,,6.6,%,2026-08-15,ARCH-c4000,S. Rao,HB-2026-08-P06,TRUE
HbA1c,P1123,PATIENT,,PAT1123,,5.4,%,2026-08-10,ARCH-c8000,J. Varade,HB-2026-08-P07,TRUE
HbA1c,P1124,PATIENT,,PAT1124,,7.8,%,2026-08-11,ARCH-c4000,M. Kulkarni,HB-2026-08-P08,TRUE
HbA1c,P1125,PATIENT,,PAT1125,,5.5,%,2026-08-12,ARCH-c8000,S. Rao,HB-2026-08-P09,TRUE
HbA1c,P1126,PATIENT,,PAT1126,,6.6,%,2026-08-13,ARCH-c4000,J. Varade,HB-2026-08-P10,TRUE
HbA1c,P1127,PATIENT,,PAT1127,,7.6,%,2026-08-14,ARCH-c8000,M. Kulkarni,HB-2026-08-P11,TRUE
HbA1c,P1128,PATIENT,,PAT1128,,5.6,%,2026-08-15,ARCH-c4000,S. Rao,HB-2026-08-P12,TRUE
HbA1c,P1129,PATIENT,,PAT1129,,5.8,%,2026-08-10,ARCH-c8000,J. Varade,HB-2026-08-P01,TRUE
HbA1c,P1130,PATIENT,,PAT1130,,6.9,%,2026-08-11,ARCH-c4000,M. Kulkarni,HB-2026-08-P02,TRUE
HbA1c,P1131,PATIENT,,PAT1131,,6.4,%,2026-08-12,ARCH-c8000,S. Rao,HB-2026-08-P03,TRUE
HbA1c,P1132,PATIENT,,PAT1132,,6.2,%,2026-08-13,ARCH-c4000,J. Varade,HB-2026-08-P04,TRUE
HbA1c,P1133,PATIENT,,PAT1133,,5.8,%,2026-08-14,ARCH-c8000,M. Kulkarni,HB-2026-08-P05,TRUE
HbA1c,P1134,PATIENT,,PAT1134,,7.2,%,2026-08-15,ARCH-c4000,S. Rao,HB-2026-08-P06,TRUE
HbA1c,P1135,PATIENT,,PAT1135,,6.7,%,2026-08-10,ARCH-c8000,J. Varade,HB-2026-08-P07,TRUE
HbA1c,P1136,PATIENT,,PAT1136,,7.0,%,2026-08-11,ARCH-c4000,M. Kulkarni,HB-2026-08-P08,TRUE
HbA1c,P1137,PATIENT,,PAT1137,,7.4,%,2026-08-12,ARCH-c8000,S. Rao,HB-2026-08-P09,TRUE
HbA1c,P1138,PATIENT,,PAT1138,,6.4,%,2026-08-13,ARCH-c4000,J. Varade,HB-2026-08-P10,TRUE
HbA1c,P1139,PATIENT,,PAT1139,,2.8,%,2026-08-14,ARCH-c8000,M. Kulkarni,HB-2026-08-P11,TRUE
HbA1c,P1140,PATIENT,,PAT1140,,7.8,%,2026-08-15,ARCH-c4000,S. Rao,HB-2026-08-P12,TRUE
HbA1c,P1141,PATIENT,,PAT1141,,6.3,%,2026-08-10,ARCH-c8000,J. Varade,HB-2026-08-P01,TRUE
HbA1c,P1142,PATIENT,,PAT1142,,9.3,%,2026-08-11,ARCH-c4000,M. Kulkarni,HB-2026-08-P02,TRUE
HbA1c,P1143,PATIENT,,PAT1143,,7.7,%,2026-08-12,ARCH-c8000,S. Rao,HB-2026-08-P03,TRUE
HbA1c,P1144,PATIENT,,PAT1144,,8.0,%,2026-08-13,ARCH-c4000,J. Varade,HB-2026-08-P04,TRUE
HbA1c,P1145,PATIENT,,PAT1145,,5.8,%,2026-08-14,ARCH-c8000,M. Kulkarni,HB-2026-08-P05,TRUE
HbA1c,P1146,PATIENT,,PAT1146,,8.0,%,2026-08-15,ARCH-c4000,S. Rao,HB-2026-08-P06,TRUE
HbA1c,P1147,PATIENT,,PAT1147,,7.0,%,2026-08-10,ARCH-c8000,J. Varade,HB-2026-08-P07,TRUE
HbA1c,P1148,PATIENT,,PAT1148,,5.6,%,2026-08-11,ARCH-c4000,M. Kulkarni,HB-2026-08-P08,TRUE
HbA1c,P1149,PATIENT,,PAT1149,,6.3,%,2026-08-12,ARCH-c8000,S. Rao,HB-2026-08-P09,TRUE
HbA1c,P1150,PATIENT,,PAT1150,,6.1,%,2026-08-13,ARCH-c4000,J. Varade,HB-2026-08-P10,TRUE
HbA1c,P1151,PATIENT,,PAT1151,,5.8,%,2026-08-14,ARCH-c8000,M. Kulkarni,HB-2026-08-P11,TRUE
HbA1c,P1152,PATIENT,,PAT1152,,14.3,%,2026-08-15,ARCH-c4000,S. Rao,HB-2026-08-P12,TRUE
HbA1c,P1153,PATIENT,,PAT1153,,7.7,%,2026-08-10,ARCH-c8000,J. Varade,HB-2026-08-P01,TRUE
HbA1c,P1154,PATIENT,,PAT1154,,7.0,%,2026-08-11,ARCH-c4000,M. Kulkarni,HB-2026-08-P02,TRUE
HbA1c,P1155,PATIENT,,PAT1155,,7.2,%,2026-08-12,ARCH-c8000,S. Rao,HB-2026-08-P03,TRUE
HbA1c,P1156,PATIENT,,PAT1156,,6.9,%,2026-08-13,ARCH-c4000,J. Varade,HB-2026-08-P04,TRUE
HbA1c,P1157,PATIENT,,PAT1157,,6.1,%,2026-08-14,ARCH-c8000,M. Kulkarni,HB-2026-08-P05,TRUE
HbA1c,P1158,PATIENT,,PAT1158,,8.6,%,2026-08-15,ARCH-c4000,S. Rao,HB-2026-08-P06,TRUE
HbA1c,P1159,PATIENT,,PAT1159,,6.1,%,2026-08-10,ARCH-c8000,J. Varade,HB-2026-08-P07,TRUE
HbA1c,P1160,PATIENT,,PAT1160,,7.0,%,2026-08-11,ARCH-c4000,M. Kulkarni,HB-2026-08-P08,TRUE
HbA1c,P1161,PATIENT,,PAT1161,,5.8,%,2026-08-12,ARCH-c8000,S. Rao,HB-2026-08-P09,TRUE
HbA1c,P1162,PATIENT,,PAT1162,,3.2,%,2026-08-13,ARCH-c4000,J. Varade,HB-2026-08-P10,TRUE
HbA1c,P1163,PATIENT,,PAT1163,,7.8,%,2026-08-14,ARCH-c8000,M. Kulkarni,HB-2026-08-P11,TRUE
HbA1c,P1164,PATIENT,,PAT1164,,9.3,%,2026-08-15,ARCH-c4000,S. Rao,HB-2026-08-P12,TRUE
HbA1c,P1165,PATIENT,,PAT1165,,8.1,%,2026-08-10,ARCH-c8000,J. Varade,HB-2026-08-P01,FALSE
HbA1c,P1166,PATIENT,,PAT1166,,7.0,%,2026-08-11,ARCH-c4000,M. Kulkarni,HB-2026-08-P02,TRUE
HbA1c,P1167,PATIENT,,PAT1167,,6.9,%,2026-08-12,ARCH-c8000,S. Rao,HB-2026-08-P03,TRUE
HbA1c,P1168,PATIENT,,PAT1168,,6.5,%,2026-08-13,ARCH-c4000,J. Varade,HB-2026-08-P04,TRUE
HbA1c,P1169,PATIENT,,PAT1169,,6.8,%,2026-08-14,ARCH-c8000,M. Kulkarni,HB-2026-08-P05,TRUE
HbA1c,P1170,PATIENT,,PAT1170,,7.4,%,2026-08-15,ARCH-c4000,S. Rao,HB-2026-08-P06,TRUE
HbA1c,P1171,PATIENT,,PAT1171,,6.6,%,2026-08-10,ARCH-c8000,J. Varade,HB-2026-08-P07,TRUE
HbA1c,P1172,PATIENT,,PAT1172,,5.2,%,2026-08-11,ARCH-c4000,M. Kulkarni,HB-2026-08-P08,TRUE
HbA1c,P1173,PATIENT,,PAT1173,,7.6,%,2026-08-12,ARCH-c8000,S. Rao,HB-2026-08-P09,TRUE
HbA1c,P1174,PATIENT,,PAT1174,,5.7,%,2026-08-13,ARCH-c4000,J. Varade,HB-2026-08-P10,TRUE
HbA1c,P1175,PATIENT,,PAT1175,,7.8,%,2026-08-14,ARCH-c8000,M. Kulkarni,HB-2026-08-P11,TRUE
HbA1c,P1176,PATIENT,,PAT1176,,6.2,%,2026-08-15,ARCH-c4000,S. Rao,HB-2026-08-P12,TRUE
HbA1c,P1177,PATIENT,,PAT1177,,5.6,%,2026-08-10,ARCH-c8000,J. Varade,HB-2026-08-P01,TRUE
HbA1c,P1178,PATIENT,,PAT1178,,5.4,%,2026-08-11,ARCH-c4000,M. Kulkarni,HB-2026-08-P02,TRUE
HbA1c,P1179,PATIENT,,PAT1179,,5.7,%,2026-08-12,ARCH-c8000,S. Rao,HB-2026-08-P03,TRUE
HbA1c,P1180,PATIENT,,PAT1180,,5.2,%,2026-08-13,ARCH-c4000,J. Varade,HB-2026-08-P04,TRUE
HbA1c,P1181,PATIENT,,PAT1181,,9.2,%,2026-08-14,ARCH-c8000,M. Kulkarni,HB-2026-08-P05,TRUE
HbA1c,P1182,PATIENT,,PAT1182,,5.8,%,2026-08-15,ARCH-c4000,S. Rao,HB-2026-08-P06,TRUE
HbA1c,P1183,PATIENT,,PAT1183,,6.7,%,2026-08-10,ARCH-c8000,J. Varade,HB-2026-08-P07,TRUE
HbA1c,P1184,PATIENT,,PAT1184,,8.3,%,2026-08-11,ARCH-c4000,M. Kulkarni,HB-2026-08-P08,TRUE
HbA1c,P1185,PATIENT,,PAT1185,,6.7,%,2026-08-12,ARCH-c8000,S. Rao,HB-2026-08-P09,TRUE
HbA1c,P1186,PATIENT,,PAT1186,,7.7,%,2026-08-13,ARCH-c4000,J. Varade,HB-2026-08-P10,TRUE
HbA1c,P1187,PATIENT,,PAT1187,,8.1,%,2026-08-14,ARCH-c8000,M. Kulkarni,HB-2026-08-P11,TRUE
HbA1c,P1188,PATIENT,,PAT1188,,6.4,%,2026-08-15,ARCH-c4000,S. Rao,HB-2026-08-P12,TRUE
HbA1c,P1189,PATIENT,,PAT1189,,8.0,%,2026-08-10,ARCH-c8000,J. Varade,HB-2026-08-P01,TRUE
HbA1c,P1190,PATIENT,,PAT1190,,5.1,%,2026-08-11,ARCH-c4000,M. Kulkarni,HB-2026-08-P02,TRUE
HbA1c,P1191,PATIENT,,PAT1191,,8.0,%,2026-08-12,ARCH-c8000,S. Rao,HB-2026-08-P03,TRUE
HbA1c,P1192,PATIENT,,PAT1192,,5.3,%,2026-08-13,ARCH-c4000,J. Varade,HB-2026-08-P04,TRUE
HbA1c,P1193,PATIENT,,PAT1193,,16.8,%,2026-08-14,ARCH-c8000,M. Kulkarni,HB-2026-08-P05,TRUE
HbA1c,P1194,PATIENT,,PAT1194,,13.2,%,2026-08-15,ARCH-c4000,S. Rao,HB-2026-08-P06,TRUE
HbA1c,P1195,PATIENT,,PAT1195,,8.6,%,2026-08-10,ARCH-c8000,J. Varade,HB-2026-08-P07,TRUE
HbA1c,P1196,PATIENT,,PAT1196,,8.0,%,2026-08-11,ARCH-c4000,M. Kulkarni,HB-2026-08-P08,TRUE
HbA1c,P1197,PATIENT,,PAT1197,,8.0,%,2026-08-12,ARCH-c8000,S. Rao,HB-2026-08-P09,TRUE
HbA1c,P1198,PATIENT,,PAT1198,,6.7,%,2026-08-13,ARCH-c4000,J. Varade,HB-2026-08-P10,TRUE
HbA1c,P1199,PATIENT,,PAT1199,,6.0,%,2026-08-14,ARCH-c8000,M. Kulkarni,HB-2026-08-P11,TRUE
HbA1c,P1200,PATIENT,,PAT1200,,4.2,%,2026-08-15,ARCH-c4000,S. Rao,HB-2026-08-P12,TRUE
HbA1c,P1201,PATIENT,,PAT1201,,5.6,%,2026-08-10,ARCH-c8000,J. Varade,HB-2026-08-P01,TRUE
HbA1c,P1202,PATIENT,,PAT1202,,6.1,%,2026-08-11,ARCH-c4000,M. Kulkarni,HB-2026-08-P02,TRUE
HbA1c,P1203,PATIENT,,PAT1203,,6.3,%,2026-08-12,ARCH-c8000,S. Rao,HB-2026-08-P03,TRUE
HbA1c,P1204,PATIENT,,PAT1204,,6.6,%,2026-08-13,ARCH-c4000,J. Varade,HB-2026-08-P04,TRUE
HbA1c,P1205,PATIENT,,PAT1205,,6.3,%,2026-08-14,ARCH-c8000,M. Kulkarni,HB-2026-08-P05,TRUE
HbA1c,P1206,PATIENT,,PAT1206,,2.8,%,2026-08-15,ARCH-c4000,S. Rao,HB-2026-08-P06,TRUE
HbA1c,P1207,PATIENT,,PAT1207,,16.0,%,2026-08-10,ARCH-c8000,J. Varade,HB-2026-08-P07,TRUE
HbA1c,P1208,PATIENT,,PAT1208,,7.8,%,2026-08-11,ARCH-c4000,M. Kulkarni,HB-2026-08-P08,TRUE
HbA1c,P1209,PATIENT,,PAT1209,,7.5,%,2026-08-12,ARCH-c8000,S. Rao,HB-2026-08-P09,TRUE
HbA1c,P1210,PATIENT,,PAT1210,,7.1,%,2026-08-13,ARCH-c4000,J. Varade,HB-2026-08-P10,TRUE
HbA1c,P1211,PATIENT,,PAT1211,,9.1,%,2026-08-14,ARCH-c8000,M. Kulkarni,HB-2026-08-P11,TRUE
HbA1c,P1212,PATIENT,,PAT1212,,6.9,%,2026-08-15,ARCH-c4000,S. Rao,HB-2026-08-P12,TRUE
HbA1c,P1213,PATIENT,,PAT1213,,7.0,%,2026-08-10,ARCH-c8000,J. Varade,HB-2026-08-P01,TRUE
HbA1c,P1214,PATIENT,,PAT1214,,6.3,%,2026-08-11,ARCH-c4000,M. Kulkarni,HB-2026-08-P02,TRUE
HbA1c,P1215,PATIENT,,PAT1215,,5.5,%,2026-08-12,ARCH-c8000,S. Rao,HB-2026-08-P03,TRUE
HbA1c,P1216,PATIENT,,PAT1216,,7.1,%,2026-08-13,ARCH-c4000,J. Varade,HB-2026-08-P04,TRUE
HbA1c,P1217,PATIENT,,PAT1217,,6.7,%,2026-08-14,ARCH-c8000,M. Kulkarni,HB-2026-08-P05,TRUE
HbA1c,P1218,PATIENT,,PAT1218,,4.5,%,2026-08-15,ARCH-c4000,S. Rao,HB-2026-08-P06,TRUE
HbA1c,P1219,PATIENT,,PAT1219,,6.3,%,2026-08-10,ARCH-c8000,J. Varade,HB-2026-08-P07,TRUE
HbA1c,P1220,PATIENT,,PAT1220,,6.1,%,2026-08-11,ARCH-c4000,M. Kulkarni,HB-2026-08-P08,TRUE
HbA1c,P1221,PATIENT,,PAT1221,,6.1,%,2026-08-12,ARCH-c8000,S. Rao,HB-2026-08-P09,TRUE
HbA1c,P1222,PATIENT,,PAT1222,,8.3,%,2026-08-13,ARCH-c4000,J. Varade,HB-2026-08-P10,TRUE
HbA1c,P1223,PATIENT,,PAT1223,,8.2,%,2026-08-14,ARCH-c8000,M. Kulkarni,HB-2026-08-P11,TRUE
HbA1c,P1224,PATIENT,,PAT1224,,5.8,%,2026-08-15,ARCH-c4000,S. Rao,HB-2026-08-P12,TRUE
HbA1c,P1225,PATIENT,,PAT1225,,5.9,%,2026-08-10,ARCH-c8000,J. Varade,HB-2026-08-P01,TRUE
HbA1c,P1226,PATIENT,,PAT1226,,8.0,%,2026-08-11,ARCH-c4000,M. Kulkarni,HB-2026-08-P02,TRUE
HbA1c,P1227,PATIENT,,PAT1227,,7.8,%,2026-08-12,ARCH-c8000,S. Rao,HB-2026-08-P03,TRUE
HbA1c,P1228,PATIENT,,PAT1228,,7.9,%,2026-08-13,ARCH-c4000,J. Varade,HB-2026-08-P04,TRUE
HbA1c,P1229,PATIENT,,PAT1229,,6.4,%,2026-08-14,ARCH-c8000,M. Kulkarni,HB-2026-08-P05,TRUE
HbA1c,P1230,PATIENT,,PAT1230,,7.5,%,2026-08-15,ARCH-c4000,S. Rao,HB-2026-08-P06,TRUE
HbA1c,P1231,PATIENT,,PAT1231,,6.2,%,2026-08-10,ARCH-c8000,J. Varade,HB-2026-08-P07,TRUE
HbA1c,P1232,PATIENT,,PAT1232,,5.8,%,2026-08-11,ARCH-c4000,M. Kulkarni,HB-2026-08-P08,TRUE
HbA1c,P1233,PATIENT,,PAT1233,,5.1,%,2026-08-12,ARCH-c8000,S. Rao,HB-2026-08-P09,TRUE
HbA1c,P1234,PATIENT,,PAT1234,,14.5,%,2026-08-13,ARCH-c4000,J. Varade,HB-2026-08-P10,TRUE
HbA1c,P1235,PATIENT,,PAT1235,,7.0,%,2026-08-14,ARCH-c8000,M. Kulkarni,HB-2026-08-P11,TRUE
HbA1c,P1236,PATIENT,,PAT1236,,7.3,%,2026-08-15,ARCH-c4000,S. Rao,HB-2026-08-P12,TRUE
HbA1c,P1237,PATIENT,,PAT1237,,6.1,%,2026-08-10,ARCH-c8000,J. Varade,HB-2026-08-P01,TRUE
HbA1c,P1238,PATIENT,,PAT1238,,7.9,%,2026-08-11,ARCH-c4000,M. Kulkarni,HB-2026-08-P02,TRUE
HbA1c,P1239,PATIENT,,PAT1239,,7.7,%,2026-08-12,ARCH-c8000,S. Rao,HB-2026-08-P03,TRUE
HbA1c,P1240,PATIENT,,PAT1240,,6.4,%,2026-08-13,ARCH-c4000,J. Varade,HB-2026-08-P04,TRUE
HbA1c,P1241,PATIENT,,PAT1241,,6.5,%,2026-08-14,ARCH-c8000,M. Kulkarni,HB-2026-08-P05,TRUE
HbA1c,P1242,PATIENT,,PAT1242,,5.9,%,2026-08-15,ARCH-c4000,S. Rao,HB-2026-08-P06,TRUE
HbA1c,P1243,PATIENT,,PAT1243,,6.5,%,2026-08-10,ARCH-c8000,J. Varade,HB-2026-08-P07,TRUE
HbA1c,P1244,PATIENT,,PAT1244,,7.2,%,2026-08-11,ARCH-c4000,M. Kulkarni,HB-2026-08-P08,TRUE
HbA1c,P1245,PATIENT,,PAT1245,,9.4,%,2026-08-12,ARCH-c8000,S. Rao,HB-2026-08-P09,TRUE
HbA1c,P1246,PATIENT,,PAT1246,,7.3,%,2026-08-13,ARCH-c4000,J. Varade,HB-2026-08-P10,TRUE
HbA1c,P1247,PATIENT,,PAT1247,,2.4,%,2026-08-14,ARCH-c8000,M. Kulkarni,HB-2026-08-P11,TRUE
HbA1c,P1248,PATIENT,,PAT1248,,8.4,%,2026-08-15,ARCH-c4000,S. Rao,HB-2026-08-P12,TRUE
HbA1c,P1249,PATIENT,,PAT1249,,5.3,%,2026-08-10,ARCH-c8000,J. Varade,HB-2026-08-P01,TRUE
HbA1c,P1250,PATIENT,,PAT1250,,7.9,%,2026-08-11,ARCH-c4000,M. Kulkarni,HB-2026-08-P02,TRUE
HbA1c,P1251,PATIENT,,PAT1251,,5.5,%,2026-08-12,ARCH-c8000,S. Rao,HB-2026-08-P03,TRUE
HbA1c,P1252,PATIENT,,PAT1252,,7.1,%,2026-08-13,ARCH-c4000,J. Varade,HB-2026-08-P04,TRUE
HbA1c,P1253,PATIENT,,PAT1253,,7.8,%,2026-08-14,ARCH-c8000,M. Kulkarni,HB-2026-08-P05,TRUE
HbA1c,P1254,PATIENT,,PAT1254,,13.1,%,2026-08-15,ARCH-c4000,S. Rao,HB-2026-08-P06,TRUE
HbA1c,P1255,PATIENT,,PAT1255,,6.2,%,2026-08-10,ARCH-c8000,J. Varade,HB-2026-08-P07,TRUE
HbA1c,P1256,PATIENT,,PAT1256,,8.9,%,2026-08-11,ARCH-c4000,M. Kulkarni,HB-2026-08-P08,TRUE
HbA1c,P1257,PATIENT,,PAT1257,,6.8,%,2026-08-12,ARCH-c8000,S. Rao,HB-2026-08-P09,TRUE
HbA1c,P1258,PATIENT,,PAT1258,,5.1,%,2026-08-13,ARCH-c4000,J. Varade,HB-2026-08-P10,TRUE
HbA1c,P1259,PATIENT,,PAT1259,,5.5,%,2026-08-14,ARCH-c8000,M. Kulkarni,HB-2026-08-P11,TRUE
HbA1c,P1260,PATIENT,,PAT1260,,8.0,%,2026-08-15,ARCH-c4000,S. Rao,HB-2026-08-P12,TRUE
HbA1c,P1261,PATIENT,,PAT1261,,8.0,%,2026-08-10,ARCH-c8000,J. Varade,HB-2026-08-P01,TRUE
HbA1c,P1262,PATIENT,,PAT1262,,6.9,%,2026-08-11,ARCH-c4000,M. Kulkarni,HB-2026-08-P02,FALSE
HbA1c,P1263,PATIENT,,PAT1263,,5.8,%,2026-08-12,ARCH-c8000,S. Rao,HB-2026-08-P03,TRUE
HbA1c,P1264,PATIENT,,PAT1264,,5.6,%,2026-08-13,ARCH-c4000,J. Varade,HB-2026-08-P04,TRUE
HbA1c,P1265,PATIENT,,PAT1265,,6.3,%,2026-08-14,ARCH-c8000,M. Kulkarni,HB-2026-08-P05,TRUE
HbA1c,P1266,PATIENT,,PAT1266,,5.7,%,2026-08-15,ARCH-c4000,S. Rao,HB-2026-08-P06,TRUE
HbA1c,P1267,PATIENT,,PAT1267,,8.1,%,2026-08-10,ARCH-c8000,J. Varade,HB-2026-08-P07,TRUE
HbA1c,P1268,PATIENT,,PAT1268,,6.6,%,2026-08-11,ARCH-c4000,M. Kulkarni,HB-2026-08-P08,TRUE
HbA1c,P1269,PATIENT,,PAT1269,,7.3,%,2026-08-12,ARCH-c8000,S. Rao,HB-2026-08-P09,TRUE
HbA1c,P1270,PATIENT,,PAT1270,,7.2,%,2026-08-13,ARCH-c4000,J. Varade,HB-2026-08-P10,TRUE
HbA1c,P1271,PATIENT,,PAT1271,,6.1,%,2026-08-14,ARCH-c8000,M. Kulkarni,HB-2026-08-P11,TRUE
HbA1c,P1272,PATIENT,,PAT1272,,5.5,%,2026-08-15,ARCH-c4000,S. Rao,HB-2026-08-P12,TRUE
HbA1c,P1273,PATIENT,,PAT1273,,10.0,%,2026-08-10,ARCH-c8000,J. Varade,HB-2026-08-P01,TRUE
HbA1c,P1274,PATIENT,,PAT1274,,4.9,%,2026-08-11,ARCH-c4000,M. Kulkarni,HB-2026-08-P02,TRUE
HbA1c,P1275,PATIENT,,PAT1275,,6.8,%,2026-08-12,ARCH-c8000,S. Rao,HB-2026-08-P03,TRUE
HbA1c,P1276,PATIENT,,PAT1276,,10.5,%,2026-08-13,ARCH-c4000,J. Varade,HB-2026-08-P04,TRUE
HbA1c,P1277,PATIENT,,PAT1277,,5.8,%,2026-08-14,ARCH-c8000,M. Kulkarni,HB-2026-08-P05,TRUE
HbA1c,P1278,PATIENT,,PAT1278,,6.3,%,2026-08-15,ARCH-c4000,S. Rao,HB-2026-08-P06,TRUE
HbA1c,P1279,PATIENT,,PAT1279,,8.4,%,2026-08-10,ARCH-c8000,J. Varade,HB-2026-08-P07,TRUE
HbA1c,P1280,PATIENT,,PAT1280,,5.3,%,2026-08-11,ARCH-c4000,M. Kulkarni,HB-2026-08-P08,TRUE
HbA1c,P1281,PATIENT,,PAT1281,,8.3,%,2026-08-12,ARCH-c8000,S. Rao,HB-2026-08-P09,TRUE
HbA1c,P1282,PATIENT,,PAT1282,,5.4,%,2026-08-13,ARCH-c4000,J. Varade,HB-2026-08-P10,TRUE
HbA1c,P1283,PATIENT,,PAT1283,,9.3,%,2026-08-14,ARCH-c8000,M. Kulkarni,HB-2026-08-P11,TRUE
HbA1c,P1284,PATIENT,,PAT1284,,6.5,%,2026-08-15,ARCH-c4000,S. Rao,HB-2026-08-P12,TRUE
HbA1c,P1285,PATIENT,,PAT1285,,6.4,%,2026-08-10,ARCH-c8000,J. Varade,HB-2026-08-P01,TRUE
HbA1c,P1286,PATIENT,,PAT1286,,7.7,%,2026-08-11,ARCH-c4000,M. Kulkarni,HB-2026-08-P02,TRUE
HbA1c,P1287,PATIENT,,PAT1287,,5.4,%,2026-08-12,ARCH-c8000,S. Rao,HB-2026-08-P03,TRUE
HbA1c,P1288,PATIENT,,PAT1288,,6.2,%,2026-08-13,ARCH-c4000,J. Varade,HB-2026-08-P04,TRUE
HbA1c,P1289,PATIENT,,PAT1289,,7.5,%,2026-08-14,ARCH-c8000,M. Kulkarni,HB-2026-08-P05,TRUE
HbA1c,P1290,PATIENT,,PAT1290,,16.7,%,2026-08-15,ARCH-c4000,S. Rao,HB-2026-08-P06,TRUE
HbA1c,P1291,PATIENT,,PAT1291,,6.8,%,2026-08-10,ARCH-c8000,J. Varade,HB-2026-08-P07,TRUE
HbA1c,P1292,PATIENT,,PAT1292,,7.9,%,2026-08-11,ARCH-c4000,M. Kulkarni,HB-2026-08-P08,TRUE
HbA1c,P1293,PATIENT,,PAT1293,,8.3,%,2026-08-12,ARCH-c8000,S. Rao,HB-2026-08-P09,TRUE
HbA1c,P1294,PATIENT,,PAT1294,,7.2,%,2026-08-13,ARCH-c4000,J. Varade,HB-2026-08-P10,TRUE
HbA1c,P1295,PATIENT,,PAT1295,,15.1,%,2026-08-14,ARCH-c8000,M. Kulkarni,HB-2026-08-P11,TRUE
HbA1c,P1296,PATIENT,,PAT1296,,5.3,%,2026-08-15,ARCH-c4000,S. Rao,HB-2026-08-P12,TRUE
HbA1c,P1297,PATIENT,,PAT1297,,6.1,%,2026-08-10,ARCH-c8000,J. Varade,HB-2026-08-P01,TRUE
HbA1c,P1298,PATIENT,,PAT1298,,6.0,%,2026-08-11,ARCH-c4000,M. Kulkarni,HB-2026-08-P02,TRUE
HbA1c,P1299,PATIENT,,PAT1299,,6.6,%,2026-08-12,ARCH-c8000,S. Rao,HB-2026-08-P03,TRUE
HbA1c,P1300,PATIENT,,PAT1300,,7.7,%,2026-08-13,ARCH-c4000,J. Varade,HB-2026-08-P04,TRUE
HbA1c,P1301,PATIENT,,PAT1301,,5.7,%,2026-08-14,ARCH-c8000,M. Kulkarni,HB-2026-08-P05,TRUE
HbA1c,P1302,PATIENT,,PAT1302,,8.2,%,2026-08-15,ARCH-c4000,S. Rao,HB-2026-08-P06,TRUE
HbA1c,P1303,PATIENT,,PAT1303,,8.2,%,2026-08-10,ARCH-c8000,J. Varade,HB-2026-08-P07,TRUE
HbA1c,P1304,PATIENT,,PAT1304,,5.8,%,2026-08-11,ARCH-c4000,M. Kulkarni,HB-2026-08-P08,TRUE
HbA1c,P1305,PATIENT,,PAT1305,,5.7,%,2026-08-12,ARCH-c8000,S. Rao,HB-2026-08-P09,TRUE
HbA1c,P1306,PATIENT,,PAT1306,,5.0,%,2026-08-13,ARCH-c4000,J. Varade,HB-2026-08-P10,TRUE
HbA1c,P1307,PATIENT,,PAT1307,,6.0,%,2026-08-14,ARCH-c8000,M. Kulkarni,HB-2026-08-P11,TRUE
HbA1c,P1308,PATIENT,,PAT1308,,5.5,%,2026-08-15,ARCH-c4000,S. Rao,HB-2026-08-P12,TRUE
HbA1c,P1309,PATIENT,,PAT1309,,6.5,%,2026-08-10,ARCH-c8000,J. Varade,HB-2026-08-P01,TRUE
HbA1c,P1310,PATIENT,,PAT1310,,6.2,%,2026-08-11,ARCH-c4000,M. Kulkarni,HB-2026-08-P02,TRUE
HbA1c,P1311,PATIENT,,PAT1311,,6.6,%,2026-08-12,ARCH-c8000,S. Rao,HB-2026-08-P03,TRUE
HbA1c,P1312,PATIENT,,PAT1312,,6.0,%,2026-08-13,ARCH-c4000,J. Varade,HB-2026-08-P04,TRUE
HbA1c,P1313,PATIENT,,PAT1313,,7.1,%,2026-08-14,ARCH-c8000,M. Kulkarni,HB-2026-08-P05,TRUE
HbA1c,P1314,PATIENT,,PAT1314,,5.1,%,2026-08-15,ARCH-c4000,S. Rao,HB-2026-08-P06,TRUE
HbA1c,P1315,PATIENT,,PAT1315,,6.3,%,2026-08-10,ARCH-c8000,J. Varade,HB-2026-08-P07,TRUE
HbA1c,P1316,PATIENT,,PAT1316,,6.6,%,2026-08-11,ARCH-c4000,M. Kulkarni,HB-2026-08-P08,TRUE
HbA1c,P1317,PATIENT,,PAT1317,,17.1,%,2026-08-12,ARCH-c8000,S. Rao,HB-2026-08-P09,TRUE
HbA1c,P1318,PATIENT,,PAT1318,,5.3,%,2026-08-13,ARCH-c4000,J. Varade,HB-2026-08-P10,TRUE
HbA1c,P1319,PATIENT,,PAT1319,,5.7,%,2026-08-14,ARCH-c8000,M. Kulkarni,HB-2026-08-P11,TRUE
HbA1c,P1320,PATIENT,,PAT1320,,9.4,%,2026-08-15,ARCH-c4000,S. Rao,HB-2026-08-P12,TRUE
HbA1c,P1321,PATIENT,,PAT1321,,7.3,%,2026-08-10,ARCH-c8000,J. Varade,HB-2026-08-P01,TRUE
HbA1c,P1322,PATIENT,,PAT1322,,7.8,%,2026-08-11,ARCH-c4000,M. Kulkarni,HB-2026-08-P02,TRUE
HbA1c,P1323,PATIENT,,PAT1323,,7.1,%,2026-08-12,ARCH-c8000,S. Rao,HB-2026-08-P03,TRUE
HbA1c,P1324,PATIENT,,PAT1324,,7.7,%,2026-08-13,ARCH-c4000,J. Varade,HB-2026-08-P04,TRUE
HbA1c,P1325,PATIENT,,PAT1325,,6.8,%,2026-08-14,ARCH-c8000,M. Kulkarni,HB-2026-08-P05,TRUE
HbA1c,P1326,PATIENT,,PAT1326,,8.3,%,2026-08-15,ARCH-c4000,S. Rao,HB-2026-08-P06,TRUE
HbA1c,P1327,PATIENT,,PAT1327,,6.6,%,2026-08-10,ARCH-c8000,J. Varade,HB-2026-08-P07,TRUE
HbA1c,P1328,PATIENT,,PAT1328,,7.3,%,2026-08-11,ARCH-c4000,M. Kulkarni,HB-2026-08-P08,TRUE
HbA1c,P1329,PATIENT,,PAT1329,,7.5,%,2026-08-12,ARCH-c8000,S. Rao,HB-2026-08-P09,TRUE
HbA1c,P1330,PATIENT,,PAT1330,,6.5,%,2026-08-13,ARCH-c4000,J. Varade,HB-2026-08-P10,TRUE
HbA1c,P1331,PATIENT,,PAT1331,,8.9,%,2026-08-14,ARCH-c8000,M. Kulkarni,HB-2026-08-P11,TRUE
HbA1c,P1332,PATIENT,,PAT1332,,6.9,%,2026-08-15,ARCH-c4000,S. Rao,HB-2026-08-P12,TRUE
HbA1c,P1333,PATIENT,,PAT1333,,5.4,%,2026-08-10,ARCH-c8000,J. Varade,HB-2026-08-P01,TRUE
HbA1c,P1334,PATIENT,,PAT1334,,6.8,%,2026-08-11,ARCH-c4000,M. Kulkarni,HB-2026-08-P02,TRUE
HbA1c,P1335,PATIENT,,PAT1335,,7.4,%,2026-08-12,ARCH-c8000,S. Rao,HB-2026-08-P03,TRUE
HbA1c,P1336,PATIENT,,PAT1336,,5.7,%,2026-08-13,ARCH-c4000,J. Varade,HB-2026-08-P04,TRUE
HbA1c,P1337,PATIENT,,PAT1337,,6.9,%,2026-08-14,ARCH-c8000,M. Kulkarni,HB-2026-08-P05,TRUE
HbA1c,P1338,PATIENT,,PAT1338,,5.7,%,2026-08-15,ARCH-c4000,S. Rao,HB-2026-08-P06,TRUE
HbA1c,P1339,PATIENT,,PAT1339,,8.0,%,2026-08-10,ARCH-c8000,J. Varade,HB-2026-08-P07,TRUE
HbA1c,P1340,PATIENT,,PAT1340,,6.6,%,2026-08-11,ARCH-c4000,M. Kulkarni,HB-2026-08-P08,TRUE
HbA1c,P1341,PATIENT,,PAT1341,,6.8,%,2026-08-12,ARCH-c8000,S. Rao,HB-2026-08-P09,TRUE
HbA1c,P1342,PATIENT,,PAT1342,,14.4,%,2026-08-13,ARCH-c4000,J. Varade,HB-2026-08-P10,TRUE
HbA1c,P1343,PATIENT,,PAT1343,,9.4,%,2026-08-14,ARCH-c8000,M. Kulkarni,HB-2026-08-P11,TRUE
HbA1c,P1344,PATIENT,,PAT1344,,9.4,%,2026-08-15,ARCH-c4000,S. Rao,HB-2026-08-P12,TRUE
HbA1c,P1345,PATIENT,,PAT1345,,16.3,%,2026-08-10,ARCH-c8000,J. Varade,HB-2026-08-P01,TRUE
HbA1c,P1346,PATIENT,,PAT1346,,16.7,%,2026-08-11,ARCH-c4000,M. Kulkarni,HB-2026-08-P02,TRUE
HbA1c,P1347,PATIENT,,PAT1347,,8.2,%,2026-08-12,ARCH-c8000,S. Rao,HB-2026-08-P03,TRUE
HbA1c,P1348,PATIENT,,PAT1348,,6.0,%,2026-08-13,ARCH-c4000,J. Varade,HB-2026-08-P04,TRUE
HbA1c,P1349,PATIENT,,PAT1349,,7.0,%,2026-08-14,ARCH-c8000,M. Kulkarni,HB-2026-08-P05,TRUE
HbA1c,P1350,PATIENT,,PAT1350,,8.2,%,2026-08-15,ARCH-c4000,S. Rao,HB-2026-08-P06,TRUE
HbA1c,P1351,PATIENT,,PAT1351,,8.9,%,2026-08-10,ARCH-c8000,J. Varade,HB-2026-08-P07,TRUE
HbA1c,P1352,PATIENT,,PAT1352,,7.1,%,2026-08-11,ARCH-c4000,M. Kulkarni,HB-2026-08-P08,TRUE
HbA1c,P1353,PATIENT,,PAT1353,,6.8,%,2026-08-12,ARCH-c8000,S. Rao,HB-2026-08-P09,TRUE
HbA1c,P1354,PATIENT,,PAT1354,,5.1,%,2026-08-13,ARCH-c4000,J. Varade,HB-2026-08-P10,TRUE
HbA1c,P1355,PATIENT,,PAT1355,,6.6,%,2026-08-14,ARCH-c8000,M. Kulkarni,HB-2026-08-P11,TRUE
HbA1c,P1356,PATIENT,,PAT1356,,7.2,%,2026-08-15,ARCH-c4000,S. Rao,HB-2026-08-P12,TRUE
HbA1c,P1357,PATIENT,,PAT1357,,6.9,%,2026-08-10,ARCH-c8000,J. Varade,HB-2026-08-P01,TRUE
HbA1c,P1358,PATIENT,,PAT1358,,6.4,%,2026-08-11,ARCH-c4000,M. Kulkarni,HB-2026-08-P02,TRUE
HbA1c,P1359,PATIENT,,PAT1359,,5.9,%,2026-08-12,ARCH-c8000,S. Rao,HB-2026-08-P03,FALSE
HbA1c,P1360,PATIENT,,PAT1360,,6.1,%,2026-08-13,ARCH-c4000,J. Varade,HB-2026-08-P04,TRUE
HbA1c,P1361,PATIENT,,PAT1361,,6.9,%,2026-08-14,ARCH-c8000,M. Kulkarni,HB-2026-08-P05,TRUE
HbA1c,P1362,PATIENT,,PAT1362,,7.6,%,2026-08-15,ARCH-c4000,S. Rao,HB-2026-08-P06,TRUE
HbA1c,P1363,PATIENT,,PAT1363,,5.2,%,2026-08-10,ARCH-c8000,J. Varade,HB-2026-08-P07,TRUE
HbA1c,P1364,PATIENT,,PAT1364,,6.7,%,2026-08-11,ARCH-c4000,M. Kulkarni,HB-2026-08-P08,TRUE
HbA1c,P1365,PATIENT,,PAT1365,,6.4,%,2026-08-12,ARCH-c8000,S. Rao,HB-2026-08-P09,TRUE
HbA1c,P1366,PATIENT,,PAT1366,,2.8,%,2026-08-13,ARCH-c4000,J. Varade,HB-2026-08-P10,TRUE
HbA1c,P1367,PATIENT,,PAT1367,,6.7,%,2026-08-14,ARCH-c8000,M. Kulkarni,HB-2026-08-P11,TRUE
HbA1c,P1368,PATIENT,,PAT1368,,4.2,%,2026-08-15,ARCH-c4000,S. Rao,HB-2026-08-P12,TRUE
HbA1c,P1369,PATIENT,,PAT1369,,6.7,%,2026-08-10,ARCH-c8000,J. Varade,HB-2026-08-P01,TRUE
HbA1c,P1370,PATIENT,,PAT1370,,5.3,%,2026-08-11,ARCH-c4000,M. Kulkarni,HB-2026-08-P02,TRUE
HbA1c,P1371,PATIENT,,PAT1371,,6.0,%,2026-08-12,ARCH-c8000,S. Rao,HB-2026-08-P03,TRUE
HbA1c,P1372,PATIENT,,PAT1372,,5.7,%,2026-08-13,ARCH-c4000,J. Varade,HB-2026-08-P04,TRUE
HbA1c,P1373,PATIENT,,PAT1373,,8.3,%,2026-08-14,ARCH-c8000,M. Kulkarni,HB-2026-08-P05,TRUE
HbA1c,P1374,PATIENT,,PAT1374,,6.6,%,2026-08-15,ARCH-c4000,S. Rao,HB-2026-08-P06,TRUE
HbA1c,P1375,PATIENT,,PAT1375,,8.3,%,2026-08-10,ARCH-c8000,J. Varade,HB-2026-08-P07,TRUE
HbA1c,P1376,PATIENT,,PAT1376,,5.9,%,2026-08-11,ARCH-c4000,M. Kulkarni,HB-2026-08-P08,TRUE
HbA1c,P1377,PATIENT,,PAT1377,,5.1,%,2026-08-12,ARCH-c8000,S. Rao,HB-2026-08-P09,TRUE
HbA1c,P1378,PATIENT,,PAT1378,,5.6,%,2026-08-13,ARCH-c4000,J. Varade,HB-2026-08-P10,TRUE
HbA1c,P1379,PATIENT,,PAT1379,,7.3,%,2026-08-14,ARCH-c8000,M. Kulkarni,HB-2026-08-P11,TRUE
HbA1c,P1380,PATIENT,,PAT1380,,14.1,%,2026-08-15,ARCH-c4000,S. Rao,HB-2026-08-P12,TRUE
HbA1c,P1381,PATIENT,,PAT1381,,6.2,%,2026-08-10,ARCH-c8000,J. Varade,HB-2026-08-P01,TRUE
HbA1c,P1382,PATIENT,,PAT1382,,7.8,%,2026-08-11,ARCH-c4000,M. Kulkarni,HB-2026-08-P02,TRUE
HbA1c,P1383,PATIENT,,PAT1383,,8.4,%,2026-08-12,ARCH-c8000,S. Rao,HB-2026-08-P03,TRUE
HbA1c,P1384,PATIENT,,PAT1384,,6.9,%,2026-08-13,ARCH-c4000,J. Varade,HB-2026-08-P04,TRUE
HbA1c,P1385,PATIENT,,PAT1385,,6.9,%,2026-08-14,ARCH-c8000,M. Kulkarni,HB-2026-08-P05,TRUE
HbA1c,P1386,PATIENT,,PAT1386,,6.6,%,2026-08-15,ARCH-c4000,S. Rao,HB-2026-08-P06,TRUE
HbA1c,P1387,PATIENT,,PAT1387,,2.8,%,2026-08-10,ARCH-c8000,J. Varade,HB-2026-08-P07,TRUE
HbA1c,P1388,PATIENT,,PAT1388,,7.9,%,2026-08-11,ARCH-c4000,M. Kulkarni,HB-2026-08-P08,TRUE
HbA1c,P1389,PATIENT,,PAT1389,,6.2,%,2026-08-12,ARCH-c8000,S. Rao,HB-2026-08-P09,TRUE
HbA1c,P1390,PATIENT,,PAT1390,,8.7,%,2026-08-13,ARCH-c4000,J. Varade,HB-2026-08-P10,TRUE
HbA1c,P1391,PATIENT,,PAT1391,,9.4,%,2026-08-14,ARCH-c8000,M. Kulkarni,HB-2026-08-P11,TRUE
HbA1c,P1392,PATIENT,,PAT1392,,7.6,%,2026-08-15,ARCH-c4000,S. Rao,HB-2026-08-P12,TRUE
HbA1c,P1393,PATIENT,,PAT1393,,6.2,%,2026-08-10,ARCH-c8000,J. Varade,HB-2026-08-P01,TRUE
HbA1c,P1394,PATIENT,,PAT1394,,7.3,%,2026-08-11,ARCH-c4000,M. Kulkarni,HB-2026-08-P02,TRUE
HbA1c,P1395,PATIENT,,PAT1395,,3.0,%,2026-08-12,ARCH-c8000,S. Rao,HB-2026-08-P03,TRUE
HbA1c,P1396,PATIENT,,PAT1396,,5.0,%,2026-08-13,ARCH-c4000,J. Varade,HB-2026-08-P04,TRUE
HbA1c,P1397,PATIENT,,PAT1397,,5.7,%,2026-08-14,ARCH-c8000,M. Kulkarni,HB-2026-08-P05,TRUE
HbA1c,P1398,PATIENT,,PAT1398,,6.5,%,2026-08-15,ARCH-c4000,S. Rao,HB-2026-08-P06,TRUE
HbA1c,P1399,PATIENT,,PAT1399,,6.4,%,2026-08-10,ARCH-c8000,J. Varade,HB-2026-08-P07,TRUE
HbA1c,P1400,PATIENT,,PAT1400,,6.9,%,2026-08-11,ARCH-c4000,M. Kulkarni,HB-2026-08-P08,TRUE
HbA1c,P1401,PATIENT,,PAT1401,,6.8,%,2026-08-12,ARCH-c8000,S. Rao,HB-2026-08-P09,TRUE
HbA1c,P1402,PATIENT,,PAT1402,,6.0,%,2026-08-13,ARCH-c4000,J. Varade,HB-2026-08-P10,TRUE
HbA1c,P1403,PATIENT,,PAT1403,,6.9,%,2026-08-14,ARCH-c8000,M. Kulkarni,HB-2026-08-P11,TRUE
HbA1c,P1404,PATIENT,,PAT1404,,7.1,%,2026-08-15,ARCH-c4000,S. Rao,HB-2026-08-P12,TRUE
HbA1c,P1405,PATIENT,,PAT1405,,6.1,%,2026-08-10,ARCH-c8000,J. Varade,HB-2026-08-P01,TRUE
HbA1c,P1406,PATIENT,,PAT1406,,8.5,%,2026-08-11,ARCH-c4000,M. Kulkarni,HB-2026-08-P02,TRUE
HbA1c,P1407,PATIENT,,PAT1407,,6.7,%,2026-08-12,ARCH-c8000,S. Rao,HB-2026-08-P03,TRUE
HbA1c,P1408,PATIENT,,PAT1408,,13.1,%,2026-08-13,ARCH-c4000,J. Varade,HB-2026-08-P04,TRUE
HbA1c,P1409,PATIENT,,PAT1409,,7.9,%,2026-08-14,ARCH-c8000,M. Kulkarni,HB-2026-08-P05,TRUE
HbA1c,P1410,PATIENT,,PAT1410,,6.9,%,2026-08-15,ARCH-c4000,S. Rao,HB-2026-08-P06,TRUE
HbA1c,P1411,PATIENT,,PAT1411,,7.2,%,2026-08-10,ARCH-c8000,J. Varade,HB-2026-08-P07,TRUE
HbA1c,P1412,PATIENT,,PAT1412,,5.1,%,2026-08-11,ARCH-c4000,M. Kulkarni,HB-2026-08-P08,TRUE
HbA1c,P1413,PATIENT,,PAT1413,,6.0,%,2026-08-12,ARCH-c8000,S. Rao,HB-2026-08-P09,TRUE
HbA1c,P1414,PATIENT,,PAT1414,,6.4,%,2026-08-13,ARCH-c4000,J. Varade,HB-2026-08-P10,TRUE
HbA1c,P1415,PATIENT,,PAT1415,,6.1,%,2026-08-14,ARCH-c8000,M. Kulkarni,HB-2026-08-P11,TRUE
HbA1c,P1416,PATIENT,,PAT1416,,9.3,%,2026-08-15,ARCH-c4000,S. Rao,HB-2026-08-P12,TRUE
HbA1c,P1417,PATIENT,,PAT1417,,8.5,%,2026-08-10,ARCH-c8000,J. Varade,HB-2026-08-P01,TRUE
HbA1c,P1418,PATIENT,,PAT1418,,6.0,%,2026-08-11,ARCH-c4000,M. Kulkarni,HB-2026-08-P02,TRUE
HbA1c,P1419,PATIENT,,PAT1419,,8.2,%,2026-08-12,ARCH-c8000,S. Rao,HB-2026-08-P03,TRUE
HbA1c,P1420,PATIENT,,PAT1420,,6.9,%,2026-08-13,ARCH-c4000,J. Varade,HB-2026-08-P04,TRUE
HbA1c,P1421,PATIENT,,PAT1421,,6.6,%,2026-08-14,ARCH-c8000,M. Kulkarni,HB-2026-08-P05,TRUE
HbA1c,P1422,PATIENT,,PAT1422,,9.4,%,2026-08-15,ARCH-c4000,S. Rao,HB-2026-08-P06,TRUE
HbA1c,P1423,PATIENT,,PAT1423,,7.4,%,2026-08-10,ARCH-c8000,J. Varade,HB-2026-08-P07,TRUE
HbA1c,P1424,PATIENT,,PAT1424,,6.3,%,2026-08-11,ARCH-c4000,M. Kulkarni,HB-2026-08-P08,TRUE
HbA1c,P1425,PATIENT,,PAT1425,,8.2,%,2026-08-12,ARCH-c8000,S. Rao,HB-2026-08-P09,TRUE
HbA1c,P1426,PATIENT,,PAT1426,,6.6,%,2026-08-13,ARCH-c4000,J. Varade,HB-2026-08-P10,TRUE
HbA1c,P1427,PATIENT,,PAT1427,,6.8,%,2026-08-14,ARCH-c8000,M. Kulkarni,HB-2026-08-P11,TRUE
HbA1c,P1428,PATIENT,,PAT1428,,5.7,%,2026-08-15,ARCH-c4000,S. Rao,HB-2026-08-P12,TRUE
HbA1c,P1429,PATIENT,,PAT1429,,5.5,%,2026-08-10,ARCH-c8000,J. Varade,HB-2026-08-P01,TRUE
HbA1c,P1430,PATIENT,,PAT1430,,6.4,%,2026-08-11,ARCH-c4000,M. Kulkarni,HB-2026-08-P02,TRUE
HbA1c,P1431,PATIENT,,PAT1431,,2.9,%,2026-08-12,ARCH-c8000,S. Rao,HB-2026-08-P03,TRUE
HbA1c,P1432,PATIENT,,PAT1432,,10.2,%,2026-08-13,ARCH-c4000,J. Varade,HB-2026-08-P04,TRUE
HbA1c,P1433,PATIENT,,PAT1433,,14.9,%,2026-08-14,ARCH-c8000,M. Kulkarni,HB-2026-08-P05,TRUE
HbA1c,P1434,PATIENT,,PAT1434,,6.7,%,2026-08-15,ARCH-c4000,S. Rao,HB-2026-08-P06,TRUE
HbA1c,P1435,PATIENT,,PAT1435,,6.4,%,2026-08-10,ARCH-c8000,J. Varade,HB-2026-08-P07,TRUE
HbA1c,P1436,PATIENT,,PAT1436,,7.8,%,2026-08-11,ARCH-c4000,M. Kulkarni,HB-2026-08-P08,TRUE
HbA1c,P1437,PATIENT,,PAT1437,,5.9,%,2026-08-12,ARCH-c8000,S. Rao,HB-2026-08-P09,TRUE
HbA1c,P1438,PATIENT,,PAT1438,,6.9,%,2026-08-13,ARCH-c4000,J. Varade,HB-2026-08-P10,TRUE
HbA1c,P1439,PATIENT,,PAT1439,,15.4,%,2026-08-14,ARCH-c8000,M. Kulkarni,HB-2026-08-P11,TRUE
HbA1c,P1440,PATIENT,,PAT1440,,6.1,%,2026-08-15,ARCH-c4000,S. Rao,HB-2026-08-P12,TRUE
HbA1c,P1441,PATIENT,,PAT1441,,7.7,%,2026-08-10,ARCH-c8000,J. Varade,HB-2026-08-P01,TRUE
HbA1c,P1442,PATIENT,,PAT1442,,6.3,%,2026-08-11,ARCH-c4000,M. Kulkarni,HB-2026-08-P02,TRUE
HbA1c,P1443,PATIENT,,PAT1443,,7.9,%,2026-08-12,ARCH-c8000,S. Rao,HB-2026-08-P03,TRUE
HbA1c,P1444,PATIENT,,PAT1444,,10.1,%,2026-08-13,ARCH-c4000,J. Varade,HB-2026-08-P04,TRUE
HbA1c,P1445,PATIENT,,PAT1445,,6.3,%,2026-08-14,ARCH-c8000,M. Kulkarni,HB-2026-08-P05,TRUE
HbA1c,P1446,PATIENT,,PAT1446,,7.0,%,2026-08-15,ARCH-c4000,S. Rao,HB-2026-08-P06,TRUE
HbA1c,P1447,PATIENT,,PAT1447,,7.9,%,2026-08-10,ARCH-c8000,J. Varade,HB-2026-08-P07,TRUE
HbA1c,P1448,PATIENT,,PAT1448,,4.8,%,2026-08-11,ARCH-c4000,M. Kulkarni,HB-2026-08-P08,TRUE
HbA1c,P1449,PATIENT,,PAT1449,,6.4,%,2026-08-12,ARCH-c8000,S. Rao,HB-2026-08-P09,TRUE
HbA1c,P1450,PATIENT,,PAT1450,,6.5,%,2026-08-13,ARCH-c4000,J. Varade,HB-2026-08-P10,TRUE
HbA1c,P1451,PATIENT,,PAT1451,,7.0,%,2026-08-14,ARCH-c8000,M. Kulkarni,HB-2026-08-P11,TRUE
HbA1c,P1452,PATIENT,,PAT1452,,7.8,%,2026-08-15,ARCH-c4000,S. Rao,HB-2026-08-P12,TRUE
HbA1c,P1453,PATIENT,,PAT1453,,7.3,%,2026-08-10,ARCH-c8000,J. Varade,HB-2026-08-P01,TRUE
HbA1c,P1454,PATIENT,,PAT1454,,6.9,%,2026-08-11,ARCH-c4000,M. Kulkarni,HB-2026-08-P02,TRUE
HbA1c,P1455,PATIENT,,PAT1455,,7.4,%,2026-08-12,ARCH-c8000,S. Rao,HB-2026-08-P03,TRUE
HbA1c,P1456,PATIENT,,PAT1456,,7.0,%,2026-08-13,ARCH-c4000,J. Varade,HB-2026-08-P04,FALSE
HbA1c,P1457,PATIENT,,PAT1457,,7.9,%,2026-08-14,ARCH-c8000,M. Kulkarni,HB-2026-08-P05,TRUE
HbA1c,P1458,PATIENT,,PAT1458,,14.4,%,2026-08-15,ARCH-c4000,S. Rao,HB-2026-08-P06,TRUE
HbA1c,P1459,PATIENT,,PAT1459,,10.2,%,2026-08-10,ARCH-c8000,J. Varade,HB-2026-08-P07,TRUE
HbA1c,P1460,PATIENT,,PAT1460,,6.1,%,2026-08-11,ARCH-c4000,M. Kulkarni,HB-2026-08-P08,TRUE
HbA1c,P1461,PATIENT,,PAT1461,,10.3,%,2026-08-12,ARCH-c8000,S. Rao,HB-2026-08-P09,TRUE
HbA1c,P1462,PATIENT,,PAT1462,,2.3,%,2026-08-13,ARCH-c4000,J. Varade,HB-2026-08-P10,TRUE
HbA1c,P1463,PATIENT,,PAT1463,,6.9,%,2026-08-14,ARCH-c8000,M. Kulkarni,HB-2026-08-P11,TRUE
HbA1c,P1464,PATIENT,,PAT1464,,7.1,%,2026-08-15,ARCH-c4000,S. Rao,HB-2026-08-P12,TRUE
HbA1c,P1465,PATIENT,,PAT1465,,8.5,%,2026-08-10,ARCH-c8000,J. Varade,HB-2026-08-P01,TRUE
HbA1c,P1466,PATIENT,,PAT1466,,6.9,%,2026-08-11,ARCH-c4000,M. Kulkarni,HB-2026-08-P02,TRUE
HbA1c,P1467,PATIENT,,PAT1467,,8.1,%,2026-08-12,ARCH-c8000,S. Rao,HB-2026-08-P03,TRUE
HbA1c,P1468,PATIENT,,PAT1468,,6.9,%,2026-08-13,ARCH-c4000,J. Varade,HB-2026-08-P04,TRUE
HbA1c,P1469,PATIENT,,PAT1469,,8.5,%,2026-08-14,ARCH-c8000,M. Kulkarni,HB-2026-08-P05,TRUE
HbA1c,P1470,PATIENT,,PAT1470,,7.1,%,2026-08-15,ARCH-c4000,S. Rao,HB-2026-08-P06,TRUE
HbA1c,P1471,PATIENT,,PAT1471,,8.2,%,2026-08-10,ARCH-c8000,J. Varade,HB-2026-08-P07,TRUE
HbA1c,P1472,PATIENT,,PAT1472,,16.5,%,2026-08-11,ARCH-c4000,M. Kulkarni,HB-2026-08-P08,TRUE
HbA1c,P1473,PATIENT,,PAT1473,,7.9,%,2026-08-12,ARCH-c8000,S. Rao,HB-2026-08-P09,TRUE
HbA1c,P1474,PATIENT,,PAT1474,,6.8,%,2026-08-13,ARCH-c4000,J. Varade,HB-2026-08-P10,TRUE
HbA1c,P1475,PATIENT,,PAT1475,,8.5,%,2026-08-14,ARCH-c8000,M. Kulkarni,HB-2026-08-P11,TRUE
HbA1c,P1476,PATIENT,,PAT1476,,7.5,%,2026-08-15,ARCH-c4000,S. Rao,HB-2026-08-P12,TRUE
HbA1c,P1477,PATIENT,,PAT1477,,6.9,%,2026-08-10,ARCH-c8000,J. Varade,HB-2026-08-P01,TRUE
HbA1c,P1478,PATIENT,,PAT1478,,8.0,%,2026-08-11,ARCH-c4000,M. Kulkarni,HB-2026-08-P02,TRUE
HbA1c,P1479,PATIENT,,PAT1479,,7.1,%,2026-08-12,ARCH-c8000,S. Rao,HB-2026-08-P03,TRUE
HbA1c,P1480,PATIENT,,PAT1480,,9.3,%,2026-08-13,ARCH-c4000,J. Varade,HB-2026-08-P04,TRUE
HbA1c,P1481,PATIENT,,PAT1481,,17.3,%,2026-08-14,ARCH-c8000,M. Kulkarni,HB-2026-08-P05,TRUE
HbA1c,P1482,PATIENT,,PAT1482,,7.8,%,2026-08-15,ARCH-c4000,S. Rao,HB-2026-08-P06,TRUE
HbA1c,P1483,PATIENT,,PAT1483,,7.6,%,2026-08-10,ARCH-c8000,J. Varade,HB-2026-08-P07,TRUE
HbA1c,P1484,PATIENT,,PAT1484,,10.3,%,2026-08-11,ARCH-c4000,M. Kulkarni,HB-2026-08-P08,TRUE
HbA1c,P1485,PATIENT,,PAT1485,,7.0,%,2026-08-12,ARCH-c8000,S. Rao,HB-2026-08-P09,TRUE
HbA1c,P1486,PATIENT,,PAT1486,,6.6,%,2026-08-13,ARCH-c4000,J. Varade,HB-2026-08-P10,TRUE
HbA1c,P1487,PATIENT,,PAT1487,,7.1,%,2026-08-14,ARCH-c8000,M. Kulkarni,HB-2026-08-P11,TRUE
HbA1c,P1488,PATIENT,,PAT1488,,6.3,%,2026-08-15,ARCH-c4000,S. Rao,HB-2026-08-P12,TRUE
HbA1c,P1489,PATIENT,,PAT1489,,7.1,%,2026-08-10,ARCH-c8000,J. Varade,HB-2026-08-P01,TRUE
HbA1c,P1490,PATIENT,,PAT1490,,7.7,%,2026-08-11,ARCH-c4000,M. Kulkarni,HB-2026-08-P02,TRUE
HbA1c,P1491,PATIENT,,PAT1491,,15.7,%,2026-08-12,ARCH-c8000,S. Rao,HB-2026-08-P03,TRUE
HbA1c,P1492,PATIENT,,PAT1492,,6.4,%,2026-08-13,ARCH-c4000,J. Varade,HB-2026-08-P04,TRUE
HbA1c,P1493,PATIENT,,PAT1493,,6.3,%,2026-08-14,ARCH-c8000,M. Kulkarni,HB-2026-08-P05,TRUE
HbA1c,P1494,PATIENT,,PAT1494,,6.4,%,2026-08-15,ARCH-c4000,S. Rao,HB-2026-08-P06,TRUE
HbA1c,P1495,PATIENT,,PAT1495,,6.3,%,2026-08-10,ARCH-c8000,J. Varade,HB-2026-08-P07,TRUE
HbA1c,P1496,PATIENT,,PAT1496,,4.2,%,2026-08-11,ARCH-c4000,M. Kulkarni,HB-2026-08-P08,TRUE
HbA1c,P1497,PATIENT,,PAT1497,,9.4,%,2026-08-12,ARCH-c8000,S. Rao,HB-2026-08-P09,TRUE
HbA1c,P1498,PATIENT,,PAT1498,,7.0,%,2026-08-13,ARCH-c4000,J. Varade,HB-2026-08-P10,TRUE
HbA1c,P1499,PATIENT,,PAT1499,,4.8,%,2026-08-14,ARCH-c8000,M. Kulkarni,HB-2026-08-P11,TRUE
HbA1c,P1500,PATIENT,,PAT1500,,5.9,%,2026-08-15,ARCH-c4000,S. Rao,HB-2026-08-P12,TRUE
HbA1c,P1501,PATIENT,,PAT1501,,7.4,%,2026-08-10,ARCH-c8000,J. Varade,HB-2026-08-P01,TRUE
HbA1c,P1502,PATIENT,,PAT1502,,6.6,%,2026-08-11,ARCH-c4000,M. Kulkarni,HB-2026-08-P02,TRUE
HbA1c,P1503,PATIENT,,PAT1503,,4.2,%,2026-08-12,ARCH-c8000,S. Rao,HB-2026-08-P03,TRUE
HbA1c,P1504,PATIENT,,PAT1504,,6.1,%,2026-08-13,ARCH-c4000,J. Varade,HB-2026-08-P04,TRUE
HbA1c,P1505,PATIENT,,PAT1505,,10.4,%,2026-08-14,ARCH-c8000,M. Kulkarni,HB-2026-08-P05,TRUE
HbA1c,P1506,PATIENT,,PAT1506,,7.5,%,2026-08-15,ARCH-c4000,S. Rao,HB-2026-08-P06,TRUE
HbA1c,P1507,PATIENT,,PAT1507,,6.3,%,2026-08-10,ARCH-c8000,J. Varade,HB-2026-08-P07,TRUE
HbA1c,P1508,PATIENT,,PAT1508,,7.2,%,2026-08-11,ARCH-c4000,M. Kulkarni,HB-2026-08-P08,TRUE
HbA1c,P1509,PATIENT,,PAT1509,,2.6,%,2026-08-12,ARCH-c8000,S. Rao,HB-2026-08-P09,TRUE
HbA1c,P1510,PATIENT,,PAT1510,,7.5,%,2026-08-13,ARCH-c4000,J. Varade,HB-2026-08-P10,TRUE
HbA1c,P1511,PATIENT,,PAT1511,,5.5,%,2026-08-14,ARCH-c8000,M. Kulkarni,HB-2026-08-P11,TRUE
HbA1c,P1512,PATIENT,,PAT1512,,7.1,%,2026-08-15,ARCH-c4000,S. Rao,HB-2026-08-P12,TRUE
HbA1c,P1513,PATIENT,,PAT1513,,8.7,%,2026-08-10,ARCH-c8000,J. Varade,HB-2026-08-P01,TRUE
HbA1c,P1514,PATIENT,,PAT1514,,7.7,%,2026-08-11,ARCH-c4000,M. Kulkarni,HB-2026-08-P02,TRUE
HbA1c,P1515,PATIENT,,PAT1515,,5.4,%,2026-08-12,ARCH-c8000,S. Rao,HB-2026-08-P03,TRUE
HbA1c,P1516,PATIENT,,PAT1516,,5.9,%,2026-08-13,ARCH-c4000,J. Varade,HB-2026-08-P04,TRUE
HbA1c,P1517,PATIENT,,PAT1517,,6.1,%,2026-08-14,ARCH-c8000,M. Kulkarni,HB-2026-08-P05,TRUE
HbA1c,P1518,PATIENT,,PAT1518,,7.1,%,2026-08-15,ARCH-c4000,S. Rao,HB-2026-08-P06,TRUE
HbA1c,P1519,PATIENT,,PAT1519,,7.5,%,2026-08-10,ARCH-c8000,J. Varade,HB-2026-08-P07,TRUE
HbA1c,P1520,PATIENT,,PAT1520,,2.8,%,2026-08-11,ARCH-c4000,M. Kulkarni,HB-2026-08-P08,TRUE
HbA1c,P1521,PATIENT,,PAT1521,,8.9,%,2026-08-12,ARCH-c8000,S. Rao,HB-2026-08-P09,TRUE
HbA1c,P1522,PATIENT,,PAT1522,,9.0,%,2026-08-13,ARCH-c4000,J. Varade,HB-2026-08-P10,TRUE
HbA1c,P1523,PATIENT,,PAT1523,,7.8,%,2026-08-14,ARCH-c8000,M. Kulkarni,HB-2026-08-P11,TRUE
HbA1c,P1524,PATIENT,,PAT1524,,4.7,%,2026-08-15,ARCH-c4000,S. Rao,HB-2026-08-P12,TRUE
HbA1c,P1525,PATIENT,,PAT1525,,5.6,%,2026-08-10,ARCH-c8000,J. Varade,HB-2026-08-P01,TRUE
HbA1c,P1526,PATIENT,,PAT1526,,6.1,%,2026-08-11,ARCH-c4000,M. Kulkarni,HB-2026-08-P02,TRUE
HbA1c,P1527,PATIENT,,PAT1527,,4.2,%,2026-08-12,ARCH-c8000,S. Rao,HB-2026-08-P03,TRUE
HbA1c,P1528,PATIENT,,PAT1528,,8.6,%,2026-08-13,ARCH-c4000,J. Varade,HB-2026-08-P04,TRUE
HbA1c,P1529,PATIENT,,PAT1529,,6.8,%,2026-08-14,ARCH-c8000,M. Kulkarni,HB-2026-08-P05,TRUE
HbA1c,P1530,PATIENT,,PAT1530,,7.5,%,2026-08-15,ARCH-c4000,S. Rao,HB-2026-08-P06,TRUE
HbA1c,P1531,PATIENT,,PAT1531,,7.2,%,2026-08-10,ARCH-c8000,J. Varade,HB-2026-08-P07,TRUE
HbA1c,P1532,PATIENT,,PAT1532,,6.3,%,2026-08-11,ARCH-c4000,M. Kulkarni,HB-2026-08-P08,TRUE
HbA1c,P1533,PATIENT,,PAT1533,,6.8,%,2026-08-12,ARCH-c8000,S. Rao,HB-2026-08-P09,TRUE
HbA1c,P1534,PATIENT,,PAT1534,,8.1,%,2026-08-13,ARCH-c4000,J. Varade,HB-2026-08-P10,TRUE
HbA1c,P1535,PATIENT,,PAT1535,,7.1,%,2026-08-14,ARCH-c8000,M. Kulkarni,HB-2026-08-P11,TRUE
HbA1c,P1536,PATIENT,,PAT1536,,8.2,%,2026-08-15,ARCH-c4000,S. Rao,HB-2026-08-P12,TRUE
HbA1c,P1537,PATIENT,,PAT1537,,7.2,%,2026-08-10,ARCH-c8000,J. Varade,HB-2026-08-P01,TRUE
HbA1c,P1538,PATIENT,,PAT1538,,10.5,%,2026-08-11,ARCH-c4000,M. Kulkarni,HB-2026-08-P02,TRUE
HbA1c,P1539,PATIENT,,PAT1539,,5.2,%,2026-08-12,ARCH-c8000,S. Rao,HB-2026-08-P03,TRUE
HbA1c,P1540,PATIENT,,PAT1540,,7.5,%,2026-08-13,ARCH-c4000,J. Varade,HB-2026-08-P04,TRUE
HbA1c,P1541,PATIENT,,PAT1541,,7.9,%,2026-08-14,ARCH-c8000,M. Kulkarni,HB-2026-08-P05,TRUE
HbA1c,P1542,PATIENT,,PAT1542,,9.4,%,2026-08-15,ARCH-c4000,S. Rao,HB-2026-08-P06,TRUE
HbA1c,P1543,PATIENT,,PAT1543,,5.7,%,2026-08-10,ARCH-c8000,J. Varade,HB-2026-08-P07,TRUE
HbA1c,P1544,PATIENT,,PAT1544,,6.6,%,2026-08-11,ARCH-c4000,M. Kulkarni,HB-2026-08-P08,TRUE
HbA1c,P1545,PATIENT,,PAT1545,,7.4,%,2026-08-12,ARCH-c8000,S. Rao,HB-2026-08-P09,TRUE
HbA1c,P1546,PATIENT,,PAT1546,,6.5,%,2026-08-13,ARCH-c4000,J. Varade,HB-2026-08-P10,TRUE
HbA1c,P1547,PATIENT,,PAT1547,,8.7,%,2026-08-14,ARCH-c8000,M. Kulkarni,HB-2026-08-P11,TRUE
HbA1c,P1548,PATIENT,,PAT1548,,6.8,%,2026-08-15,ARCH-c4000,S. Rao,HB-2026-08-P12,TRUE
HbA1c,P1549,PATIENT,,PAT1549,,6.3,%,2026-08-10,ARCH-c8000,J. Varade,HB-2026-08-P01,TRUE
HbA1c,P1550,PATIENT,,PAT1550,,8.2,%,2026-08-11,ARCH-c4000,M. Kulkarni,HB-2026-08-P02,TRUE
HbA1c,P1551,PATIENT,,PAT1551,,8.7,%,2026-08-12,ARCH-c8000,S. Rao,HB-2026-08-P03,TRUE
HbA1c,P1552,PATIENT,,PAT1552,,6.8,%,2026-08-13,ARCH-c4000,J. Varade,HB-2026-08-P04,TRUE
HbA1c,P1553,PATIENT,,PAT1553,,4.2,%,2026-08-14,ARCH-c8000,M. Kulkarni,HB-2026-08-P05,FALSE
HbA1c,P1554,PATIENT,,PAT1554,,4.8,%,2026-08-15,ARCH-c4000,S. Rao,HB-2026-08-P06,TRUE
HbA1c,P1555,PATIENT,,PAT1555,,7.5,%,2026-08-10,ARCH-c8000,J. Varade,HB-2026-08-P07,TRUE
HbA1c,P1556,PATIENT,,PAT1556,,5.8,%,2026-08-11,ARCH-c4000,M. Kulkarni,HB-2026-08-P08,TRUE
HbA1c,P1557,PATIENT,,PAT1557,,8.1,%,2026-08-12,ARCH-c8000,S. Rao,HB-2026-08-P09,TRUE
HbA1c,P1558,PATIENT,,PAT1558,,6.5,%,2026-08-13,ARCH-c4000,J. Varade,HB-2026-08-P10,TRUE
HbA1c,P1559,PATIENT,,PAT1559,,8.5,%,2026-08-14,ARCH-c8000,M. Kulkarni,HB-2026-08-P11,TRUE
HbA1c,P1560,PATIENT,,PAT1560,,7.4,%,2026-08-15,ARCH-c4000,S. Rao,HB-2026-08-P12,TRUE
HbA1c,P1561,PATIENT,,PAT1561,,7.4,%,2026-08-10,ARCH-c8000,J. Varade,HB-2026-08-P01,TRUE
HbA1c,P1562,PATIENT,,PAT1562,,6.3,%,2026-08-11,ARCH-c4000,M. Kulkarni,HB-2026-08-P02,TRUE
HbA1c,P1563,PATIENT,,PAT1563,,6.3,%,2026-08-12,ARCH-c8000,S. Rao,HB-2026-08-P03,TRUE
HbA1c,P1564,PATIENT,,PAT1564,,6.4,%,2026-08-13,ARCH-c4000,J. Varade,HB-2026-08-P04,TRUE
HbA1c,P1565,PATIENT,,PAT1565,,7.8,%,2026-08-14,ARCH-c8000,M. Kulkarni,HB-2026-08-P05,TRUE
HbA1c,P1566,PATIENT,,PAT1566,,8.3,%,2026-08-15,ARCH-c4000,S. Rao,HB-2026-08-P06,TRUE
HbA1c,P1567,PATIENT,,PAT1567,,8.1,%,2026-08-10,ARCH-c8000,J. Varade,HB-2026-08-P07,TRUE
HbA1c,P1568,PATIENT,,PAT1568,,2.9,%,2026-08-11,ARCH-c4000,M. Kulkarni,HB-2026-08-P08,TRUE
HbA1c,P1569,PATIENT,,PAT1569,,5.5,%,2026-08-12,ARCH-c8000,S. Rao,HB-2026-08-P09,TRUE
HbA1c,P1570,PATIENT,,PAT1570,,5.0,%,2026-08-13,ARCH-c4000,J. Varade,HB-2026-08-P10,TRUE
HbA1c,P1571,PATIENT,,PAT1571,,7.7,%,2026-08-14,ARCH-c8000,M. Kulkarni,HB-2026-08-P11,TRUE
HbA1c,P1572,PATIENT,,PAT1572,,7.2,%,2026-08-15,ARCH-c4000,S. Rao,HB-2026-08-P12,TRUE
HbA1c,P1573,PATIENT,,PAT1573,,7.1,%,2026-08-10,ARCH-c8000,J. Varade,HB-2026-08-P01,TRUE
HbA1c,P1574,PATIENT,,PAT1574,,6.9,%,2026-08-11,ARCH-c4000,M. Kulkarni,HB-2026-08-P02,TRUE
HbA1c,P1575,PATIENT,,PAT1575,,6.2,%,2026-08-12,ARCH-c8000,S. Rao,HB-2026-08-P03,TRUE
HbA1c,P1576,PATIENT,,PAT1576,,6.1,%,2026-08-13,ARCH-c4000,J. Varade,HB-2026-08-P04,TRUE
HbA1c,P1577,PATIENT,,PAT1577,,5.5,%,2026-08-14,ARCH-c8000,M. Kulkarni,HB-2026-08-P05,TRUE
HbA1c,P1578,PATIENT,,PAT1578,,6.2,%,2026-08-15,ARCH-c4000,S. Rao,HB-2026-08-P06,TRUE
HbA1c,P1579,PATIENT,,PAT1579,,6.4,%,2026-08-10,ARCH-c8000,J. Varade,HB-2026-08-P07,TRUE
HbA1c,P1580,PATIENT,,PAT1580,,7.0,%,2026-08-11,ARCH-c4000,M. Kulkarni,HB-2026-08-P08,TRUE
HbA1c,P1581,PATIENT,,PAT1581,,6.9,%,2026-08-12,ARCH-c8000,S. Rao,HB-2026-08-P09,TRUE
HbA1c,P1582,PATIENT,,PAT1582,,5.3,%,2026-08-13,ARCH-c4000,J. Varade,HB-2026-08-P10,TRUE
HbA1c,P1583,PATIENT,,PAT1583,,6.4,%,2026-08-14,ARCH-c8000,M. Kulkarni,HB-2026-08-P11,TRUE
HbA1c,P1584,PATIENT,,PAT1584,,5.8,%,2026-08-15,ARCH-c4000,S. Rao,HB-2026-08-P12,TRUE
HbA1c,P1585,PATIENT,,PAT1585,,6.5,%,2026-08-10,ARCH-c8000,J. Varade,HB-2026-08-P01,TRUE
HbA1c,P1586,PATIENT,,PAT1586,,8.2,%,2026-08-11,ARCH-c4000,M. Kulkarni,HB-2026-08-P02,TRUE
HbA1c,P1587,PATIENT,,PAT1587,,7.2,%,2026-08-12,ARCH-c8000,S. Rao,HB-2026-08-P03,TRUE
HbA1c,P1588,PATIENT,,PAT1588,,7.7,%,2026-08-13,ARCH-c4000,J. Varade,HB-2026-08-P04,TRUE
HbA1c,P1589,PATIENT,,PAT1589,,7.5,%,2026-08-14,ARCH-c8000,M. Kulkarni,HB-2026-08-P05,TRUE
HbA1c,P1590,PATIENT,,PAT1590,,9.4,%,2026-08-15,ARCH-c4000,S. Rao,HB-2026-08-P06,TRUE
HbA1c,P1591,PATIENT,,PAT1591,,5.4,%,2026-08-10,ARCH-c8000,J. Varade,HB-2026-08-P07,TRUE
HbA1c,P1592,PATIENT,,PAT1592,,17.2,%,2026-08-11,ARCH-c4000,M. Kulkarni,HB-2026-08-P08,TRUE
HbA1c,P1593,PATIENT,,PAT1593,,8.6,%,2026-08-12,ARCH-c8000,S. Rao,HB-2026-08-P09,TRUE
HbA1c,P1594,PATIENT,,PAT1594,,6.6,%,2026-08-13,ARCH-c4000,J. Varade,HB-2026-08-P10,TRUE
HbA1c,P1595,PATIENT,,PAT1595,,7.7,%,2026-08-14,ARCH-c8000,M. Kulkarni,HB-2026-08-P11,TRUE
HbA1c,P1596,PATIENT,,PAT1596,,5.6,%,2026-08-15,ARCH-c4000,S. Rao,HB-2026-08-P12,TRUE
HbA1c,P1597,PATIENT,,PAT1597,,6.9,%,2026-08-10,ARCH-c8000,J. Varade,HB-2026-08-P01,TRUE
HbA1c,P1598,PATIENT,,PAT1598,,7.4,%,2026-08-11,ARCH-c4000,M. Kulkarni,HB-2026-08-P02,TRUE
HbA1c,P1599,PATIENT,,PAT1599,,7.1,%,2026-08-12,ARCH-c8000,S. Rao,HB-2026-08-P03,TRUE
HbA1c,P1600,PATIENT,,PAT1600,,6.4,%,2026-08-13,ARCH-c4000,J. Varade,HB-2026-08-P04,TRUE
HbA1c,P1601,PATIENT,,PAT1601,,6.8,%,2026-08-14,ARCH-c8000,M. Kulkarni,HB-2026-08-P05,TRUE
HbA1c,P1602,PATIENT,,PAT1602,,5.1,%,2026-08-15,ARCH-c4000,S. Rao,HB-2026-08-P06,TRUE
HbA1c,P1603,PATIENT,,PAT1603,,6.9,%,2026-08-10,ARCH-c8000,J. Varade,HB-2026-08-P07,TRUE
HbA1c,P1604,PATIENT,,PAT1604,,13.4,%,2026-08-11,ARCH-c4000,M. Kulkarni,HB-2026-08-P08,TRUE
HbA1c,P1605,PATIENT,,PAT1605,,6.7,%,2026-08-12,ARCH-c8000,S. Rao,HB-2026-08-P09,TRUE
HbA1c,P1606,PATIENT,,PAT1606,,5.0,%,2026-08-13,ARCH-c4000,J. Varade,HB-2026-08-P10,TRUE
HbA1c,P1607,PATIENT,,PAT1607,,7.4,%,2026-08-14,ARCH-c8000,M. Kulkarni,HB-2026-08-P11,TRUE
HbA1c,P1608,PATIENT,,PAT1608,,7.5,%,2026-08-15,ARCH-c4000,S. Rao,HB-2026-08-P12,TRUE
HbA1c,P1609,PATIENT,,PAT1609,,5.3,%,2026-08-10,ARCH-c8000,J. Varade,HB-2026-08-P01,TRUE
HbA1c,P1610,PATIENT,,PAT1610,,6.9,%,2026-08-11,ARCH-c4000,M. Kulkarni,HB-2026-08-P02,TRUE
HbA1c,P1611,PATIENT,,PAT1611,,8.0,%,2026-08-12,ARCH-c8000,S. Rao,HB-2026-08-P03,TRUE
HbA1c,P1612,PATIENT,,PAT1612,,7.3,%,2026-08-13,ARCH-c4000,J. Varade,HB-2026-08-P04,TRUE
HbA1c,P1613,PATIENT,,PAT1613,,5.9,%,2026-08-14,ARCH-c8000,M. Kulkarni,HB-2026-08-P05,TRUE
HbA1c,P1614,PATIENT,,PAT1614,,6.3,%,2026-08-15,ARCH-c4000,S. Rao,HB-2026-08-P06,TRUE
HbA1c,P1615,PATIENT,,PAT1615,,5.5,%,2026-08-10,ARCH-c8000,J. Varade,HB-2026-08-P07,TRUE
HbA1c,P1616,PATIENT,,PAT1616,,7.2,%,2026-08-11,ARCH-c4000,M. Kulkarni,HB-2026-08-P08,TRUE
HbA1c,P1617,PATIENT,,PAT1617,,8.1,%,2026-08-12,ARCH-c8000,S. Rao,HB-2026-08-P09,TRUE
HbA1c,P1618,PATIENT,,PAT1618,,6.0,%,2026-08-13,ARCH-c4000,J. Varade,HB-2026-08-P10,TRUE
HbA1c,P1619,PATIENT,,PAT1619,,4.8,%,2026-08-14,ARCH-c8000,M. Kulkarni,HB-2026-08-P11,TRUE
HbA1c,P1620,PATIENT,,PAT1620,,6.0,%,2026-08-15,ARCH-c4000,S. Rao,HB-2026-08-P12,TRUE
HbA1c,P1621,PATIENT,,PAT1621,,8.9,%,2026-08-10,ARCH-c8000,J. Varade,HB-2026-08-P01,TRUE
HbA1c,P1622,PATIENT,,PAT1622,,8.3,%,2026-08-11,ARCH-c4000,M. Kulkarni,HB-2026-08-P02,TRUE
HbA1c,P1623,PATIENT,,PAT1623,,7.1,%,2026-08-12,ARCH-c8000,S. Rao,HB-2026-08-P03,TRUE
HbA1c,P1624,PATIENT,,PAT1624,,7.3,%,2026-08-13,ARCH-c4000,J. Varade,HB-2026-08-P04,TRUE
HbA1c,P1625,PATIENT,,PAT1625,,10.4,%,2026-08-14,ARCH-c8000,M. Kulkarni,HB-2026-08-P05,TRUE
HbA1c,P1626,PATIENT,,PAT1626,,8.0,%,2026-08-15,ARCH-c4000,S. Rao,HB-2026-08-P06,TRUE
HbA1c,P1627,PATIENT,,PAT1627,,8.3,%,2026-08-10,ARCH-c8000,J. Varade,HB-2026-08-P07,TRUE
HbA1c,P1628,PATIENT,,PAT1628,,6.9,%,2026-08-11,ARCH-c4000,M. Kulkarni,HB-2026-08-P08,TRUE
HbA1c,P1629,PATIENT,,PAT1629,,5.6,%,2026-08-12,ARCH-c8000,S. Rao,HB-2026-08-P09,TRUE
HbA1c,P1630,PATIENT,,PAT1630,,6.5,%,2026-08-13,ARCH-c4000,J. Varade,HB-2026-08-P10,TRUE
HbA1c,P1631,PATIENT,,PAT1631,,9.4,%,2026-08-14,ARCH-c8000,M. Kulkarni,HB-2026-08-P11,TRUE
HbA1c,P1632,PATIENT,,PAT1632,,6.8,%,2026-08-15,ARCH-c4000,S. Rao,HB-2026-08-P12,TRUE
HbA1c,P1633,PATIENT,,PAT1633,,7.8,%,2026-08-10,ARCH-c8000,J. Varade,HB-2026-08-P01,TRUE
HbA1c,P1634,PATIENT,,PAT1634,,5.9,%,2026-08-11,ARCH-c4000,M. Kulkarni,HB-2026-08-P02,TRUE
HbA1c,P1635,PATIENT,,PAT1635,,7.0,%,2026-08-12,ARCH-c8000,S. Rao,HB-2026-08-P03,TRUE
HbA1c,P1636,PATIENT,,PAT1636,,8.7,%,2026-08-13,ARCH-c4000,J. Varade,HB-2026-08-P04,TRUE
HbA1c,P1637,PATIENT,,PAT1637,,5.7,%,2026-08-14,ARCH-c8000,M. Kulkarni,HB-2026-08-P05,TRUE
HbA1c,P1638,PATIENT,,PAT1638,,----,%,2026-08-15,ARCH-c4000,S. Rao,HB-2026-08-P06,FALSE
HbA1c,P1639,PATIENT,,PAT1639,,6.7,%,2026-08-10,ARCH-c8000,J. Varade,HB-2026-08-P07,TRUE
HbA1c,P1640,PATIENT,,PAT1640,,7.3,%,2026-08-11,ARCH-c4000,M. Kulkarni,HB-2026-08-P08,TRUE
HbA1c,P1641,PATIENT,,PAT1641,,7.8,%,2026-08-12,ARCH-c8000,S. Rao,HB-2026-08-P09,TRUE
HbA1c,P1642,PATIENT,,PAT1642,,8.3,%,2026-08-13,ARCH-c4000,J. Varade,HB-2026-08-P10,TRUE
HbA1c,P1643,PATIENT,,PAT1643,,8.1,%,2026-08-14,ARCH-c8000,M. Kulkarni,HB-2026-08-P11,TRUE
HbA1c,P1644,PATIENT,,PAT1644,,7.9,%,2026-08-15,ARCH-c4000,S. Rao,HB-2026-08-P12,TRUE
HbA1c,P1645,PATIENT,,PAT1645,,7.9,%,2026-08-10,ARCH-c8000,J. Varade,HB-2026-08-P01,TRUE
HbA1c,P1646,PATIENT,,PAT1646,,10.2,%,2026-08-11,ARCH-c4000,M. Kulkarni,HB-2026-08-P02,TRUE
HbA1c,P1647,PATIENT,,PAT1647,,6.5,%,2026-08-12,ARCH-c8000,S. Rao,HB-2026-08-P03,TRUE
HbA1c,P1648,PATIENT,,PAT1648,,5.9,%,2026-08-13,ARCH-c4000,J. Varade,HB-2026-08-P04,TRUE
HbA1c,P1649,PATIENT,,PAT1649,,8.1,%,2026-08-14,ARCH-c8000,M. Kulkarni,HB-2026-08-P05,TRUE
HbA1c,P1650,PATIENT,,PAT1650,,8.5,%,2026-08-15,ARCH-c4000,S. Rao,HB-2026-08-P06,FALSE
HbA1c,P1651,PATIENT,,PAT1651,,7.3,%,2026-08-10,ARCH-c8000,J. Varade,HB-2026-08-P07,TRUE
HbA1c,P1652,PATIENT,,PAT1652,,5.0,%,2026-08-11,ARCH-c4000,M. Kulkarni,HB-2026-08-P08,TRUE
HbA1c,P1653,PATIENT,,PAT1653,,8.2,%,2026-08-12,ARCH-c8000,S. Rao,HB-2026-08-P09,TRUE
HbA1c,P1654,PATIENT,,PAT1654,,7.9,%,2026-08-13,ARCH-c4000,J. Varade,HB-2026-08-P10,TRUE
HbA1c,P1655,PATIENT,,PAT1655,,7.1,%,2026-08-14,ARCH-c8000,M. Kulkarni,HB-2026-08-P11,TRUE
HbA1c,P1656,PATIENT,,PAT1656,,6.4,%,2026-08-15,ARCH-c4000,S. Rao,HB-2026-08-P12,TRUE
HbA1c,P1657,PATIENT,,PAT1657,,6.7,%,2026-08-10,ARCH-c8000,J. Varade,HB-2026-08-P01,TRUE
HbA1c,P1658,PATIENT,,PAT1658,,5.8,%,2026-08-11,ARCH-c4000,M. Kulkarni,HB-2026-08-P02,TRUE
HbA1c,P1659,PATIENT,,PAT1659,,7.3,%,2026-08-12,ARCH-c8000,S. Rao,HB-2026-08-P03,TRUE
HbA1c,P1660,PATIENT,,PAT1660,,6.0,%,2026-08-13,ARCH-c4000,J. Varade,HB-2026-08-P04,TRUE
HbA1c,P1661,PATIENT,,PAT1661,,7.3,%,2026-08-14,ARCH-c8000,M. Kulkarni,HB-2026-08-P05,TRUE
HbA1c,P1662,PATIENT,,PAT1662,,8.4,%,2026-08-15,ARCH-c4000,S. Rao,HB-2026-08-P06,TRUE
HbA1c,P1663,PATIENT,,PAT1663,,5.9,%,2026-08-10,ARCH-c8000,J. Varade,HB-2026-08-P07,TRUE
HbA1c,P1664,PATIENT,,PAT1664,,5.9,%,2026-08-11,ARCH-c4000,M. Kulkarni,HB-2026-08-P08,TRUE
HbA1c,P1665,PATIENT,,PAT1665,,7.0,%,2026-08-12,ARCH-c8000,S. Rao,HB-2026-08-P09,TRUE
HbA1c,P1666,PATIENT,,PAT1666,,6.6,%,2026-08-13,ARCH-c4000,J. Varade,HB-2026-08-P10,TRUE
HbA1c,P1667,PATIENT,,PAT1667,,3.1,%,2026-08-14,ARCH-c8000,M. Kulkarni,HB-2026-08-P11,TRUE
HbA1c,P1668,PATIENT,,PAT1668,,5.7,%,2026-08-15,ARCH-c4000,S. Rao,HB-2026-08-P12,TRUE
HbA1c,P1669,PATIENT,,PAT1669,,6.2,%,2026-08-10,ARCH-c8000,J. Varade,HB-2026-08-P01,TRUE
HbA1c,P1670,PATIENT,,PAT1670,,5.8,%,2026-08-11,ARCH-c4000,M. Kulkarni,HB-2026-08-P02,TRUE
HbA1c,P1671,PATIENT,,PAT1671,,7.5,%,2026-08-12,ARCH-c8000,S. Rao,HB-2026-08-P03,TRUE
HbA1c,P1672,PATIENT,,PAT1672,,6.9,%,2026-08-13,ARCH-c4000,J. Varade,HB-2026-08-P04,TRUE
HbA1c,P1673,PATIENT,,PAT1673,,5.5,%,2026-08-14,ARCH-c8000,M. Kulkarni,HB-2026-08-P05,TRUE
HbA1c,P1674,PATIENT,,PAT1674,,8.0,%,2026-08-15,ARCH-c4000,S. Rao,HB-2026-08-P06,TRUE
HbA1c,P1675,PATIENT,,PAT1675,,7.4,%,2026-08-10,ARCH-c8000,J. Varade,HB-2026-08-P07,TRUE
HbA1c,P1676,PATIENT,,PAT1676,,9.0,%,2026-08-11,ARCH-c4000,M. Kulkarni,HB-2026-08-P08,TRUE
HbA1c,P1677,PATIENT,,PAT1677,,5.7,%,2026-08-12,ARCH-c8000,S. Rao,HB-2026-08-P09,TRUE
HbA1c,P1678,PATIENT,,PAT1678,,5.6,%,2026-08-13,ARCH-c4000,J. Varade,HB-2026-08-P10,TRUE
HbA1c,P1679,PATIENT,,PAT1679,,5.6,%,2026-08-14,ARCH-c8000,M. Kulkarni,HB-2026-08-P11,TRUE
HbA1c,P1680,PATIENT,,PAT1680,,8.4,%,2026-08-15,ARCH-c4000,S. Rao,HB-2026-08-P12,TRUE
HbA1c,P1681,PATIENT,,PAT1681,,7.3,%,2026-08-10,ARCH-c8000,J. Varade,HB-2026-08-P01,TRUE
HbA1c,P1682,PATIENT,,PAT1682,,5.1,%,2026-08-11,ARCH-c4000,M. Kulkarni,HB-2026-08-P02,TRUE
HbA1c,P1683,PATIENT,,PAT1683,,6.0,%,2026-08-12,ARCH-c8000,S. Rao,HB-2026-08-P03,TRUE
HbA1c,P1684,PATIENT,,PAT1684,,5.3,%,2026-08-13,ARCH-c4000,J. Varade,HB-2026-08-P04,TRUE
HbA1c,P1685,PATIENT,,PAT1685,,5.5,%,2026-08-14,ARCH-c8000,M. Kulkarni,HB-2026-08-P05,TRUE
HbA1c,P1686,PATIENT,,PAT1686,,8.0,%,2026-08-15,ARCH-c4000,S. Rao,HB-2026-08-P06,TRUE
HbA1c,P1687,PATIENT,,PAT1687,,2.5,%,2026-08-10,ARCH-c8000,J. Varade,HB-2026-08-P07,TRUE
HbA1c,P1688,PATIENT,,PAT1688,,4.3,%,2026-08-11,ARCH-c4000,M. Kulkarni,HB-2026-08-P08,TRUE
HbA1c,P1689,PATIENT,,PAT1689,,7.2,%,2026-08-12,ARCH-c8000,S. Rao,HB-2026-08-P09,TRUE
HbA1c,P1690,PATIENT,,PAT1690,,5.9,%,2026-08-13,ARCH-c4000,J. Varade,HB-2026-08-P10,TRUE
HbA1c,P1691,PATIENT,,PAT1691,,6.2,%,2026-08-14,ARCH-c8000,M. Kulkarni,HB-2026-08-P11,TRUE
HbA1c,P1692,PATIENT,,PAT1692,,7.7,%,2026-08-15,ARCH-c4000,S. Rao,HB-2026-08-P12,TRUE
HbA1c,P1693,PATIENT,,PAT1693,,8.5,%,2026-08-10,ARCH-c8000,J. Varade,HB-2026-08-P01,TRUE
HbA1c,P1694,PATIENT,,PAT1694,,6.9,%,2026-08-11,ARCH-c4000,M. Kulkarni,HB-2026-08-P02,TRUE
HbA1c,P1695,PATIENT,,PAT1695,,7.5,%,2026-08-12,ARCH-c8000,S. Rao,HB-2026-08-P03,TRUE
HbA1c,P1696,PATIENT,,PAT1696,,6.4,%,2026-08-13,ARCH-c4000,J. Varade,HB-2026-08-P04,TRUE
HbA1c,P1697,PATIENT,,PAT1697,,7.0,%,2026-08-14,ARCH-c8000,M. Kulkarni,HB-2026-08-P05,TRUE
HbA1c,P1698,PATIENT,,PAT1698,,5.5,%,2026-08-15,ARCH-c4000,S. Rao,HB-2026-08-P06,TRUE
HbA1c,P1699,PATIENT,,PAT1699,,4.3,%,2026-08-10,ARCH-c8000,J. Varade,HB-2026-08-P07,TRUE
HbA1c,P1700,PATIENT,,PAT1700,,5.5,%,2026-08-11,ARCH-c4000,M. Kulkarni,HB-2026-08-P08,TRUE
HbA1c,P1701,PATIENT,,PAT1701,,6.4,%,2026-08-12,ARCH-c8000,S. Rao,HB-2026-08-P09,TRUE
HbA1c,P1702,PATIENT,,PAT1702,,8.7,%,2026-08-13,ARCH-c4000,J. Varade,HB-2026-08-P10,TRUE
HbA1c,P1703,PATIENT,,PAT1703,,7.0,%,2026-08-14,ARCH-c8000,M. Kulkarni,HB-2026-08-P11,TRUE
HbA1c,P1704,PATIENT,,PAT1704,,7.2,%,2026-08-15,ARCH-c4000,S. Rao,HB-2026-08-P12,TRUE
HbA1c,P1705,PATIENT,,PAT1705,,5.7,%,2026-08-10,ARCH-c8000,J. Varade,HB-2026-08-P01,TRUE
HbA1c,P1706,PATIENT,,PAT1706,,5.1,%,2026-08-11,ARCH-c4000,M. Kulkarni,HB-2026-08-P02,TRUE
HbA1c,P1707,PATIENT,,PAT1707,,7.8,%,2026-08-12,ARCH-c8000,S. Rao,HB-2026-08-P03,TRUE
HbA1c,P1708,PATIENT,,PAT1708,,9.4,%,2026-08-13,ARCH-c4000,J. Varade,HB-2026-08-P04,TRUE
HbA1c,P1709,PATIENT,,PAT1709,,6.7,%,2026-08-14,ARCH-c8000,M. Kulkarni,HB-2026-08-P05,TRUE
HbA1c,P1710,PATIENT,,PAT1710,,7.6,%,2026-08-15,ARCH-c4000,S. Rao,HB-2026-08-P06,TRUE
HbA1c,P1711,PATIENT,,PAT1711,,5.3,%,2026-08-10,ARCH-c8000,J. Varade,HB-2026-08-P07,TRUE
HbA1c,P1712,PATIENT,,PAT1712,,8.0,%,2026-08-11,ARCH-c4000,M. Kulkarni,HB-2026-08-P08,TRUE
HbA1c,P1713,PATIENT,,PAT1713,,6.3,%,2026-08-12,ARCH-c8000,S. Rao,HB-2026-08-P09,TRUE
HbA1c,P1714,PATIENT,,PAT1714,,6.3,%,2026-08-13,ARCH-c4000,J. Varade,HB-2026-08-P10,TRUE
HbA1c,P1715,PATIENT,,PAT1715,,5.9,%,2026-08-14,ARCH-c8000,M. Kulkarni,HB-2026-08-P11,TRUE
HbA1c,P1716,PATIENT,,PAT1716,,7.6,%,2026-08-15,ARCH-c4000,S. Rao,HB-2026-08-P12,TRUE
HbA1c,P1717,PATIENT,,PAT1717,,5.0,%,2026-08-10,ARCH-c8000,J. Varade,HB-2026-08-P01,TRUE
HbA1c,P1718,PATIENT,,PAT1718,,8.1,%,2026-08-11,ARCH-c4000,M. Kulkarni,HB-2026-08-P02,TRUE
HbA1c,P1719,PATIENT,,PAT1719,,8.0,%,2026-08-12,ARCH-c8000,S. Rao,HB-2026-08-P03,TRUE
HbA1c,P1720,PATIENT,,PAT1720,,7.0,%,2026-08-13,ARCH-c4000,J. Varade,HB-2026-08-P04,TRUE
HbA1c,P1721,PATIENT,,PAT1721,,6.3,%,2026-08-14,ARCH-c8000,M. Kulkarni,HB-2026-08-P05,TRUE
HbA1c,P1722,PATIENT,,PAT1722,,8.8,%,2026-08-15,ARCH-c4000,S. Rao,HB-2026-08-P06,TRUE
HbA1c,P1723,PATIENT,,PAT1723,,7.6,%,2026-08-10,ARCH-c8000,J. Varade,HB-2026-08-P07,TRUE
HbA1c,P1724,PATIENT,,PAT1724,,6.7,%,2026-08-11,ARCH-c4000,M. Kulkarni,HB-2026-08-P08,TRUE
HbA1c,P1725,PATIENT,,PAT1725,,4.6,%,2026-08-12,ARCH-c8000,S. Rao,HB-2026-08-P09,TRUE
HbA1c,P1726,PATIENT,,PAT1726,,6.2,%,2026-08-13,ARCH-c4000,J. Varade,HB-2026-08-P10,TRUE
HbA1c,P1727,PATIENT,,PAT1727,,6.6,%,2026-08-14,ARCH-c8000,M. Kulkarni,HB-2026-08-P11,TRUE
HbA1c,P1728,PATIENT,,PAT1728,,4.8,%,2026-08-15,ARCH-c4000,S. Rao,HB-2026-08-P12,TRUE
HbA1c,P1729,PATIENT,,PAT1729,,6.2,%,2026-08-10,ARCH-c8000,J. Varade,HB-2026-08-P01,TRUE
HbA1c,P1730,PATIENT,,PAT1730,,7.9,%,2026-08-11,ARCH-c4000,M. Kulkarni,HB-2026-08-P02,TRUE
HbA1c,P1731,PATIENT,,PAT1731,,6.7,%,2026-08-12,ARCH-c8000,S. Rao,HB-2026-08-P03,TRUE
HbA1c,P1732,PATIENT,,PAT1732,,6.6,%,2026-08-13,ARCH-c4000,J. Varade,HB-2026-08-P04,TRUE
HbA1c,P1733,PATIENT,,PAT1733,,6.2,%,2026-08-14,ARCH-c8000,M. Kulkarni,HB-2026-08-P05,TRUE
HbA1c,P1734,PATIENT,,PAT1734,,5.6,%,2026-08-15,ARCH-c4000,S. Rao,HB-2026-08-P06,TRUE
HbA1c,P1735,PATIENT,,PAT1735,,7.2,%,2026-08-10,ARCH-c8000,J. Varade,HB-2026-08-P07,TRUE
HbA1c,P1736,PATIENT,,PAT1736,,7.7,%,2026-08-11,ARCH-c4000,M. Kulkarni,HB-2026-08-P08,TRUE
HbA1c,P1737,PATIENT,,PAT1737,,16.1,%,2026-08-12,ARCH-c8000,S. Rao,HB-2026-08-P09,TRUE
HbA1c,P1738,PATIENT,,PAT1738,,6.1,%,2026-08-13,ARCH-c4000,J. Varade,HB-2026-08-P10,TRUE
HbA1c,P1739,PATIENT,,PAT1739,,2.6,%,2026-08-14,ARCH-c8000,M. Kulkarni,HB-2026-08-P11,TRUE
HbA1c,P1740,PATIENT,,PAT1740,,6.5,%,2026-08-15,ARCH-c4000,S. Rao,HB-2026-08-P12,TRUE
HbA1c,P1741,PATIENT,,PAT1741,,5.1,%,2026-08-10,ARCH-c8000,J. Varade,HB-2026-08-P01,TRUE
HbA1c,P1742,PATIENT,,PAT1742,,8.9,%,2026-08-11,ARCH-c4000,M. Kulkarni,HB-2026-08-P02,TRUE
HbA1c,P1743,PATIENT,,PAT1743,,5.7,%,2026-08-12,ARCH-c8000,S. Rao,HB-2026-08-P03,TRUE
HbA1c,P1744,PATIENT,,PAT1744,,8.2,%,2026-08-13,ARCH-c4000,J. Varade,HB-2026-08-P04,TRUE
HbA1c,P1745,PATIENT,,PAT1745,,6.8,%,2026-08-14,ARCH-c8000,M. Kulkarni,HB-2026-08-P05,TRUE
HbA1c,P1746,PATIENT,,PAT1746,,5.3,%,2026-08-15,ARCH-c4000,S. Rao,HB-2026-08-P06,TRUE
HbA1c,P1747,PATIENT,,PAT1747,,9.1,%,2026-08-10,ARCH-c8000,J. Varade,HB-2026-08-P07,FALSE
HbA1c,P1748,PATIENT,,PAT1748,,6.2,%,2026-08-11,ARCH-c4000,M. Kulkarni,HB-2026-08-P08,TRUE
HbA1c,P1749,PATIENT,,PAT1749,,7.8,%,2026-08-12,ARCH-c8000,S. Rao,HB-2026-08-P09,TRUE
HbA1c,P1750,PATIENT,,PAT1750,,6.0,%,2026-08-13,ARCH-c4000,J. Varade,HB-2026-08-P10,TRUE
HbA1c,P1751,PATIENT,,PAT1751,,6.9,%,2026-08-14,ARCH-c8000,M. Kulkarni,HB-2026-08-P11,TRUE
HbA1c,P1752,PATIENT,,PAT1752,,7.1,%,2026-08-15,ARCH-c4000,S. Rao,HB-2026-08-P12,TRUE
HbA1c,P1753,PATIENT,,PAT1753,,6.9,%,2026-08-10,ARCH-c8000,J. Varade,HB-2026-08-P01,TRUE
HbA1c,P1754,PATIENT,,PAT1754,,10.5,%,2026-08-11,ARCH-c4000,M. Kulkarni,HB-2026-08-P02,TRUE
HbA1c,P1755,PATIENT,,PAT1755,,5.1,%,2026-08-12,ARCH-c8000,S. Rao,HB-2026-08-P03,TRUE
HbA1c,P1756,PATIENT,,PAT1756,,5.8,%,2026-08-13,ARCH-c4000,J. Varade,HB-2026-08-P04,TRUE
HbA1c,P1757,PATIENT,,PAT1757,,7.8,%,2026-08-14,ARCH-c8000,M. Kulkarni,HB-2026-08-P05,TRUE
HbA1c,P1758,PATIENT,,PAT1758,,6.5,%,2026-08-15,ARCH-c4000,S. Rao,HB-2026-08-P06,TRUE
HbA1c,P1759,PATIENT,,PAT1759,,5.6,%,2026-08-10,ARCH-c8000,J. Varade,HB-2026-08-P07,TRUE
HbA1c,P1760,PATIENT,,PAT1760,,7.3,%,2026-08-11,ARCH-c4000,M. Kulkarni,HB-2026-08-P08,TRUE
HbA1c,P1761,PATIENT,,PAT1761,,6.6,%,2026-08-12,ARCH-c8000,S. Rao,HB-2026-08-P09,TRUE
HbA1c,P1762,PATIENT,,PAT1762,,6.2,%,2026-08-13,ARCH-c4000,J. Varade,HB-2026-08-P10,TRUE
HbA1c,P1763,PATIENT,,PAT1763,,6.3,%,2026-08-14,ARCH-c8000,M. Kulkarni,HB-2026-08-P11,TRUE
HbA1c,P1764,PATIENT,,PAT1764,,7.1,%,2026-08-15,ARCH-c4000,S. Rao,HB-2026-08-P12,TRUE
HbA1c,P1765,PATIENT,,PAT1765,,5.4,%,2026-08-10,ARCH-c8000,J. Varade,HB-2026-08-P01,TRUE
HbA1c,P1766,PATIENT,,PAT1766,,8.6,%,2026-08-11,ARCH-c4000,M. Kulkarni,HB-2026-08-P02,TRUE
HbA1c,P1767,PATIENT,,PAT1767,,7.3,%,2026-08-12,ARCH-c8000,S. Rao,HB-2026-08-P03,TRUE
HbA1c,P1768,PATIENT,,PAT1768,,6.5,%,2026-08-13,ARCH-c4000,J. Varade,HB-2026-08-P04,TRUE
HbA1c,P1769,PATIENT,,PAT1769,,8.0,%,2026-08-14,ARCH-c8000,M. Kulkarni,HB-2026-08-P05,TRUE
HbA1c,P1770,PATIENT,,PAT1770,,6.8,%,2026-08-15,ARCH-c4000,S. Rao,HB-2026-08-P06,TRUE
HbA1c,P1771,PATIENT,,PAT1771,,6.9,%,2026-08-10,ARCH-c8000,J. Varade,HB-2026-08-P07,TRUE
HbA1c,P1772,PATIENT,,PAT1772,,7.0,%,2026-08-11,ARCH-c4000,M. Kulkarni,HB-2026-08-P08,TRUE
HbA1c,P1773,PATIENT,,PAT1773,,8.0,%,2026-08-12,ARCH-c8000,S. Rao,HB-2026-08-P09,TRUE
HbA1c,P1774,PATIENT,,PAT1774,,7.3,%,2026-08-13,ARCH-c4000,J. Varade,HB-2026-08-P10,TRUE
HbA1c,P1775,PATIENT,,PAT1775,,7.8,%,2026-08-14,ARCH-c8000,M. Kulkarni,HB-2026-08-P11,TRUE
HbA1c,P1776,PATIENT,,PAT1776,,7.4,%,2026-08-15,ARCH-c4000,S. Rao,HB-2026-08-P12,TRUE
HbA1c,P1777,PATIENT,,PAT1777,,7.6,%,2026-08-10,ARCH-c8000,J. Varade,HB-2026-08-P01,TRUE
HbA1c,P1778,PATIENT,,PAT1778,,7.7,%,2026-08-11,ARCH-c4000,M. Kulkarni,HB-2026-08-P02,TRUE
HbA1c,P1779,PATIENT,,PAT1779,,10.4,%,2026-08-12,ARCH-c8000,S. Rao,HB-2026-08-P03,TRUE
HbA1c,P1780,PATIENT,,PAT1780,,4.9,%,2026-08-13,ARCH-c4000,J. Varade,HB-2026-08-P04,TRUE
HbA1c,P1781,PATIENT,,PAT1781,,5.8,%,2026-08-14,ARCH-c8000,M. Kulkarni,HB-2026-08-P05,TRUE
HbA1c,P1782,PATIENT,,PAT1782,,2.6,%,2026-08-15,ARCH-c4000,S. Rao,HB-2026-08-P06,TRUE
HbA1c,P1783,PATIENT,,PAT1783,,6.1,%,2026-08-10,ARCH-c8000,J. Varade,HB-2026-08-P07,TRUE
HbA1c,P1784,PATIENT,,PAT1784,,8.0,%,2026-08-11,ARCH-c4000,M. Kulkarni,HB-2026-08-P08,TRUE
HbA1c,P1785,PATIENT,,PAT1785,,7.8,%,2026-08-12,ARCH-c8000,S. Rao,HB-2026-08-P09,TRUE
HbA1c,P1786,PATIENT,,PAT1786,,8.1,%,2026-08-13,ARCH-c4000,J. Varade,HB-2026-08-P10,TRUE
HbA1c,P1787,PATIENT,,PAT1787,,7.2,%,2026-08-14,ARCH-c8000,M. Kulkarni,HB-2026-08-P11,TRUE
HbA1c,P1788,PATIENT,,PAT1788,,6.7,%,2026-08-15,ARCH-c4000,S. Rao,HB-2026-08-P12,TRUE
HbA1c,P1789,PATIENT,,PAT1789,,8.3,%,2026-08-10,ARCH-c8000,J. Varade,HB-2026-08-P01,TRUE
HbA1c,P1790,PATIENT,,PAT1790,,5.3,%,2026-08-11,ARCH-c4000,M. Kulkarni,HB-2026-08-P02,TRUE
HbA1c,P1791,PATIENT,,PAT1791,,5.8,%,2026-08-12,ARCH-c8000,S. Rao,HB-2026-08-P03,TRUE
HbA1c,P1792,PATIENT,,PAT1792,,7.3,%,2026-08-13,ARCH-c4000,J. Varade,HB-2026-08-P04,TRUE
HbA1c,P1793,PATIENT,,PAT1793,,6.0,%,2026-08-14,ARCH-c8000,M. Kulkarni,HB-2026-08-P05,TRUE
HbA1c,P1794,PATIENT,,PAT1794,,6.6,%,2026-08-15,ARCH-c4000,S. Rao,HB-2026-08-P06,TRUE
HbA1c,P1795,PATIENT,,PAT1795,,6.0,%,2026-08-10,ARCH-c8000,J. Varade,HB-2026-08-P07,TRUE
HbA1c,P1796,PATIENT,,PAT1796,,6.9,%,2026-08-11,ARCH-c4000,M. Kulkarni,HB-2026-08-P08,TRUE
HbA1c,P1797,PATIENT,,PAT1797,,8.0,%,2026-08-12,ARCH-c8000,S. Rao,HB-2026-08-P09,TRUE
HbA1c,P1798,PATIENT,,PAT1798,,8.9,%,2026-08-13,ARCH-c4000,J. Varade,HB-2026-08-P10,TRUE
HbA1c,P1799,PATIENT,,PAT1799,,7.2,%,2026-08-14,ARCH-c8000,M. Kulkarni,HB-2026-08-P11,TRUE
HbA1c,P1800,PATIENT,,PAT1800,,6.3,%,2026-08-15,ARCH-c4000,S. Rao,HB-2026-08-P12,TRUE
HbA1c,P1801,PATIENT,,PAT1801,,7.7,%,2026-08-10,ARCH-c8000,J. Varade,HB-2026-08-P01,TRUE
HbA1c,P1802,PATIENT,,PAT1802,,6.0,%,2026-08-11,ARCH-c4000,M. Kulkarni,HB-2026-08-P02,TRUE
HbA1c,P1803,PATIENT,,PAT1803,,7.6,%,2026-08-12,ARCH-c8000,S. Rao,HB-2026-08-P03,TRUE
HbA1c,P1804,PATIENT,,PAT1804,,7.2,%,2026-08-13,ARCH-c4000,J. Varade,HB-2026-08-P04,TRUE
HbA1c,P1805,PATIENT,,PAT1805,,6.6,%,2026-08-14,ARCH-c8000,M. Kulkarni,HB-2026-08-P05,TRUE
HbA1c,P1806,PATIENT,,PAT1806,,13.9,%,2026-08-15,ARCH-c4000,S. Rao,HB-2026-08-P06,TRUE
HbA1c,P1807,PATIENT,,PAT1807,,5.4,%,2026-08-10,ARCH-c8000,J. Varade,HB-2026-08-P07,TRUE
HbA1c,P1808,PATIENT,,PAT1808,,4.2,%,2026-08-11,ARCH-c4000,M. Kulkarni,HB-2026-08-P08,TRUE
HbA1c,P1809,PATIENT,,PAT1809,,6.0,%,2026-08-12,ARCH-c8000,S. Rao,HB-2026-08-P09,TRUE
HbA1c,P1810,PATIENT,,PAT1810,,7.4,%,2026-08-13,ARCH-c4000,J. Varade,HB-2026-08-P10,TRUE
HbA1c,P1811,PATIENT,,PAT1811,,7.1,%,2026-08-14,ARCH-c8000,M. Kulkarni,HB-2026-08-P11,TRUE
HbA1c,P1812,PATIENT,,PAT1812,,6.6,%,2026-08-15,ARCH-c4000,S. Rao,HB-2026-08-P12,TRUE
HbA1c,P1813,PATIENT,,PAT1813,,6.2,%,2026-08-10,ARCH-c8000,J. Varade,HB-2026-08-P01,TRUE
HbA1c,P1814,PATIENT,,PAT1814,,8.0,%,2026-08-11,ARCH-c4000,M. Kulkarni,HB-2026-08-P02,TRUE
HbA1c,P1815,PATIENT,,PAT1815,,6.5,%,2026-08-12,ARCH-c8000,S. Rao,HB-2026-08-P03,TRUE
HbA1c,P1816,PATIENT,,PAT1816,,6.5,%,2026-08-13,ARCH-c4000,J. Varade,HB-2026-08-P04,TRUE
HbA1c,P1817,PATIENT,,PAT1817,,5.9,%,2026-08-14,ARCH-c8000,M. Kulkarni,HB-2026-08-P05,TRUE
HbA1c,P1818,PATIENT,,PAT1818,,8.0,%,2026-08-15,ARCH-c4000,S. Rao,HB-2026-08-P06,TRUE
HbA1c,P1819,PATIENT,,PAT1819,,7.8,%,2026-08-10,ARCH-c8000,J. Varade,HB-2026-08-P07,TRUE
HbA1c,P1820,PATIENT,,PAT1820,,7.1,%,2026-08-11,ARCH-c4000,M. Kulkarni,HB-2026-08-P08,TRUE
HbA1c,P1821,PATIENT,,PAT1821,,8.7,%,2026-08-12,ARCH-c8000,S. Rao,HB-2026-08-P09,TRUE
HbA1c,P1822,PATIENT,,PAT1822,,8.6,%,2026-08-13,ARCH-c4000,J. Varade,HB-2026-08-P10,TRUE
HbA1c,P1823,PATIENT,,PAT1823,,5.7,%,2026-08-14,ARCH-c8000,M. Kulkarni,HB-2026-08-P11,TRUE
HbA1c,P1824,PATIENT,,PAT1824,,8.0,%,2026-08-15,ARCH-c4000,S. Rao,HB-2026-08-P12,TRUE
HbA1c,P1825,PATIENT,,PAT1825,,16.2,%,2026-08-10,ARCH-c8000,J. Varade,HB-2026-08-P01,TRUE
HbA1c,P1826,PATIENT,,PAT1826,,8.0,%,2026-08-11,ARCH-c4000,M. Kulkarni,HB-2026-08-P02,TRUE
HbA1c,P1827,PATIENT,,PAT1827,,8.4,%,2026-08-12,ARCH-c8000,S. Rao,HB-2026-08-P03,TRUE
HbA1c,P1828,PATIENT,,PAT1828,,7.0,%,2026-08-13,ARCH-c4000,J. Varade,HB-2026-08-P04,TRUE
HbA1c,P1829,PATIENT,,PAT1829,,5.7,%,2026-08-14,ARCH-c8000,M. Kulkarni,HB-2026-08-P05,TRUE
HbA1c,P1830,PATIENT,,PAT1830,,6.3,%,2026-08-15,ARCH-c4000,S. Rao,HB-2026-08-P06,TRUE
HbA1c,P1831,PATIENT,,PAT1831,,4.4,%,2026-08-10,ARCH-c8000,J. Varade,HB-2026-08-P07,TRUE
HbA1c,P1832,PATIENT,,PAT1832,,6.0,%,2026-08-11,ARCH-c4000,M. Kulkarni,HB-2026-08-P08,TRUE
HbA1c,P1833,PATIENT,,PAT1833,,5.8,%,2026-08-12,ARCH-c8000,S. Rao,HB-2026-08-P09,TRUE
HbA1c,P1834,PATIENT,,PAT1834,,6.5,%,2026-08-13,ARCH-c4000,J. Varade,HB-2026-08-P10,TRUE
HbA1c,P1835,PATIENT,,PAT1835,,7.3,%,2026-08-14,ARCH-c8000,M. Kulkarni,HB-2026-08-P11,TRUE
HbA1c,P1836,PATIENT,,PAT1836,,8.1,%,2026-08-15,ARCH-c4000,S. Rao,HB-2026-08-P12,TRUE
HbA1c,P1837,PATIENT,,PAT1837,,7.2,%,2026-08-10,ARCH-c8000,J. Varade,HB-2026-08-P01,TRUE
HbA1c,P1838,PATIENT,,PAT1838,,6.0,%,2026-08-11,ARCH-c4000,M. Kulkarni,HB-2026-08-P02,TRUE
HbA1c,P1839,PATIENT,,PAT1839,,4.8,%,2026-08-12,ARCH-c8000,S. Rao,HB-2026-08-P03,TRUE
HbA1c,P1840,PATIENT,,PAT1840,,7.6,%,2026-08-13,ARCH-c4000,J. Varade,HB-2026-08-P04,TRUE
HbA1c,P1841,PATIENT,,PAT1841,,4.5,%,2026-08-14,ARCH-c8000,M. Kulkarni,HB-2026-08-P05,TRUE
HbA1c,P1842,PATIENT,,PAT1842,,6.4,%,2026-08-15,ARCH-c4000,S. Rao,HB-2026-08-P06,TRUE
HbA1c,P1843,PATIENT,,PAT1843,,6.1,%,2026-08-10,ARCH-c8000,J. Varade,HB-2026-08-P07,TRUE
HbA1c,P1844,PATIENT,,PAT1844,,5.9,%,2026-08-11,ARCH-c4000,M. Kulkarni,HB-2026-08-P08,FALSE
HbA1c,P1845,PATIENT,,PAT1845,,4.4,%,2026-08-12,ARCH-c8000,S. Rao,HB-2026-08-P09,TRUE
HbA1c,P1846,PATIENT,,PAT1846,,7.0,%,2026-08-13,ARCH-c4000,J. Varade,HB-2026-08-P10,TRUE
HbA1c,P1847,PATIENT,,PAT1847,,7.0,%,2026-08-14,ARCH-c8000,M. Kulkarni,HB-2026-08-P11,TRUE
HbA1c,P1848,PATIENT,,PAT1848,,8.0,%,2026-08-15,ARCH-c4000,S. Rao,HB-2026-08-P12,TRUE
HbA1c,P1849,PATIENT,,PAT1849,,5.5,%,2026-08-10,ARCH-c8000,J. Varade,HB-2026-08-P01,TRUE
HbA1c,P1850,PATIENT,,PAT1850,,6.9,%,2026-08-11,ARCH-c4000,M. Kulkarni,HB-2026-08-P02,TRUE
HbA1c,P1851,PATIENT,,PAT1851,,7.6,%,2026-08-12,ARCH-c8000,S. Rao,HB-2026-08-P03,TRUE
HbA1c,P1852,PATIENT,,PAT1852,,7.1,%,2026-08-13,ARCH-c4000,J. Varade,HB-2026-08-P04,TRUE
HbA1c,P1853,PATIENT,,PAT1853,,6.3,%,2026-08-14,ARCH-c8000,M. Kulkarni,HB-2026-08-P05,TRUE
HbA1c,P1854,PATIENT,,PAT1854,,6.8,%,2026-08-15,ARCH-c4000,S. Rao,HB-2026-08-P06,TRUE
HbA1c,P1855,PATIENT,,PAT1855,,8.0,%,2026-08-10,ARCH-c8000,J. Varade,HB-2026-08-P07,TRUE
HbA1c,P1856,PATIENT,,PAT1856,,4.5,%,2026-08-11,ARCH-c4000,M. Kulkarni,HB-2026-08-P08,TRUE
HbA1c,P1857,PATIENT,,PAT1857,,8.5,%,2026-08-12,ARCH-c8000,S. Rao,HB-2026-08-P09,TRUE
HbA1c,P1858,PATIENT,,PAT1858,,7.8,%,2026-08-13,ARCH-c4000,J. Varade,HB-2026-08-P10,TRUE
HbA1c,P1859,PATIENT,,PAT1859,,7.2,%,2026-08-14,ARCH-c8000,M. Kulkarni,HB-2026-08-P11,TRUE
HbA1c,P1860,PATIENT,,PAT1860,,6.5,%,2026-08-15,ARCH-c4000,S. Rao,HB-2026-08-P12,TRUE
HbA1c,P1861,PATIENT,,PAT1861,,5.8,%,2026-08-10,ARCH-c8000,J. Varade,HB-2026-08-P01,TRUE
HbA1c,P1862,PATIENT,,PAT1862,,6.5,%,2026-08-11,ARCH-c4000,M. Kulkarni,HB-2026-08-P02,TRUE
HbA1c,P1863,PATIENT,,PAT1863,,7.4,%,2026-08-12,ARCH-c8000,S. Rao,HB-2026-08-P03,TRUE
HbA1c,P1864,PATIENT,,PAT1864,,6.2,%,2026-08-13,ARCH-c4000,J. Varade,HB-2026-08-P04,TRUE
HbA1c,P1865,PATIENT,,PAT1865,,6.3,%,2026-08-14,ARCH-c8000,M. Kulkarni,HB-2026-08-P05,TRUE
HbA1c,P1866,PATIENT,,PAT1866,,6.5,%,2026-08-15,ARCH-c4000,S. Rao,HB-2026-08-P06,TRUE
HbA1c,P1867,PATIENT,,PAT1867,,7.2,%,2026-08-10,ARCH-c8000,J. Varade,HB-2026-08-P07,TRUE
HbA1c,P1868,PATIENT,,PAT1868,,7.6,%,2026-08-11,ARCH-c4000,M. Kulkarni,HB-2026-08-P08,TRUE
HbA1c,P1869,PATIENT,,PAT1869,,6.7,%,2026-08-12,ARCH-c8000,S. Rao,HB-2026-08-P09,TRUE
HbA1c,P1870,PATIENT,,PAT1870,,7.0,%,2026-08-13,ARCH-c4000,J. Varade,HB-2026-08-P10,TRUE
HbA1c,P1871,PATIENT,,PAT1871,,13.1,%,2026-08-14,ARCH-c8000,M. Kulkarni,HB-2026-08-P11,TRUE
HbA1c,P1872,PATIENT,,PAT1872,,6.2,%,2026-08-15,ARCH-c4000,S. Rao,HB-2026-08-P12,TRUE
HbA1c,P1873,PATIENT,,PAT1873,,8.7,%,2026-08-10,ARCH-c8000,J. Varade,HB-2026-08-P01,TRUE
HbA1c,P1874,PATIENT,,PAT1874,,7.0,%,2026-08-11,ARCH-c4000,M. Kulkarni,HB-2026-08-P02,TRUE
HbA1c,P1875,PATIENT,,PAT1875,,7.2,%,2026-08-12,ARCH-c8000,S. Rao,HB-2026-08-P03,TRUE
HbA1c,P1876,PATIENT,,PAT1876,,7.5,%,2026-08-13,ARCH-c4000,J. Varade,HB-2026-08-P04,TRUE
HbA1c,P1877,PATIENT,,PAT1877,,8.5,%,2026-08-14,ARCH-c8000,M. Kulkarni,HB-2026-08-P05,TRUE
HbA1c,P1878,PATIENT,,PAT1878,,7.3,%,2026-08-15,ARCH-c4000,S. Rao,HB-2026-08-P06,TRUE
HbA1c,P1879,PATIENT,,PAT1879,,7.2,%,2026-08-10,ARCH-c8000,J. Varade,HB-2026-08-P07,TRUE
HbA1c,P1880,PATIENT,,PAT1880,,6.6,%,2026-08-11,ARCH-c4000,M. Kulkarni,HB-2026-08-P08,TRUE
HbA1c,P1881,PATIENT,,PAT1881,,6.4,%,2026-08-12,ARCH-c8000,S. Rao,HB-2026-08-P09,TRUE
HbA1c,P1882,PATIENT,,PAT1882,,5.2,%,2026-08-13,ARCH-c4000,J. Varade,HB-2026-08-P10,TRUE
HbA1c,P1883,PATIENT,,PAT1883,,4.7,%,2026-08-14,ARCH-c8000,M. Kulkarni,HB-2026-08-P11,TRUE
HbA1c,P1884,PATIENT,,PAT1884,,5.7,%,2026-08-15,ARCH-c4000,S. Rao,HB-2026-08-P12,TRUE
HbA1c,P1885,PATIENT,,PAT1885,,8.5,%,2026-08-10,ARCH-c8000,J. Varade,HB-2026-08-P01,TRUE
HbA1c,P1886,PATIENT,,PAT1886,,5.2,%,2026-08-11,ARCH-c4000,M. Kulkarni,HB-2026-08-P02,TRUE
HbA1c,P1887,PATIENT,,PAT1887,,5.3,%,2026-08-12,ARCH-c8000,S. Rao,HB-2026-08-P03,TRUE
HbA1c,P1888,PATIENT,,PAT1888,,7.7,%,2026-08-13,ARCH-c4000,J. Varade,HB-2026-08-P04,TRUE
HbA1c,P1889,PATIENT,,PAT1889,,7.4,%,2026-08-14,ARCH-c8000,M. Kulkarni,HB-2026-08-P05,TRUE
HbA1c,P1890,PATIENT,,PAT1890,,7.7,%,2026-08-15,ARCH-c4000,S. Rao,HB-2026-08-P06,TRUE
HbA1c,P1891,PATIENT,,PAT1891,,6.8,%,2026-08-10,ARCH-c8000,J. Varade,HB-2026-08-P07,TRUE
HbA1c,P1892,PATIENT,,PAT1892,,5.0,%,2026-08-11,ARCH-c4000,M. Kulkarni,HB-2026-08-P08,TRUE
HbA1c,P1893,PATIENT,,PAT1893,,5.4,%,2026-08-12,ARCH-c8000,S. Rao,HB-2026-08-P09,TRUE
HbA1c,P1894,PATIENT,,PAT1894,,5.2,%,2026-08-13,ARCH-c4000,J. Varade,HB-2026-08-P10,TRUE
HbA1c,P1895,PATIENT,,PAT1895,,6.5,%,2026-08-14,ARCH-c8000,M. Kulkarni,HB-2026-08-P11,TRUE
HbA1c,P1896,PATIENT,,PAT1896,,6.7,%,2026-08-15,ARCH-c4000,S. Rao,HB-2026-08-P12,TRUE
HbA1c,P1897,PATIENT,,PAT1897,,4.3,%,2026-08-10,ARCH-c8000,J. Varade,HB-2026-08-P01,TRUE
HbA1c,P1898,PATIENT,,PAT1898,,6.7,%,2026-08-11,ARCH-c4000,M. Kulkarni,HB-2026-08-P02,TRUE
HbA1c,P1899,PATIENT,,PAT1899,,7.7,%,2026-08-12,ARCH-c8000,S. Rao,HB-2026-08-P03,TRUE
HbA1c,P1900,PATIENT,,PAT1900,,5.8,%,2026-08-13,ARCH-c4000,J. Varade,HB-2026-08-P04,TRUE
HbA1c,P1901,PATIENT,,PAT1901,,6.5,%,2026-08-14,ARCH-c8000,M. Kulkarni,HB-2026-08-P05,TRUE
HbA1c,P1902,PATIENT,,PAT1902,,8.7,%,2026-08-15,ARCH-c4000,S. Rao,HB-2026-08-P06,TRUE
HbA1c,P1903,PATIENT,,PAT1903,,8.7,%,2026-08-10,ARCH-c8000,J. Varade,HB-2026-08-P07,TRUE
HbA1c,P1904,PATIENT,,PAT1904,,8.0,%,2026-08-11,ARCH-c4000,M. Kulkarni,HB-2026-08-P08,TRUE
HbA1c,P1905,PATIENT,,PAT1905,,8.0,%,2026-08-12,ARCH-c8000,S. Rao,HB-2026-08-P09,TRUE
HbA1c,P1906,PATIENT,,PAT1906,,4.9,%,2026-08-13,ARCH-c4000,J. Varade,HB-2026-08-P10,TRUE
HbA1c,P1907,PATIENT,,PAT1907,,7.5,%,2026-08-14,ARCH-c8000,M. Kulkarni,HB-2026-08-P11,TRUE
HbA1c,P1908,PATIENT,,PAT1908,,6.5,%,2026-08-15,ARCH-c4000,S. Rao,HB-2026-08-P12,TRUE
HbA1c,P1909,PATIENT,,PAT1909,,7.5,%,2026-08-10,ARCH-c8000,J. Varade,HB-2026-08-P01,TRUE
HbA1c,P1910,PATIENT,,PAT1910,,5.3,%,2026-08-11,ARCH-c4000,M. Kulkarni,HB-2026-08-P02,TRUE
HbA1c,P1911,PATIENT,,PAT1911,,8.5,%,2026-08-12,ARCH-c8000,S. Rao,HB-2026-08-P03,TRUE
HbA1c,P1912,PATIENT,,PAT1912,,6.5,%,2026-08-13,ARCH-c4000,J. Varade,HB-2026-08-P04,TRUE
HbA1c,P1913,PATIENT,,PAT1913,,6.4,%,2026-08-14,ARCH-c8000,M. Kulkarni,HB-2026-08-P05,TRUE
HbA1c,P1914,PATIENT,,PAT1914,,8.9,%,2026-08-15,ARCH-c4000,S. Rao,HB-2026-08-P06,TRUE
HbA1c,P1915,PATIENT,,PAT1915,,7.1,%,2026-08-10,ARCH-c8000,J. Varade,HB-2026-08-P07,TRUE
HbA1c,P1916,PATIENT,,PAT1916,,6.9,%,2026-08-11,ARCH-c4000,M. Kulkarni,HB-2026-08-P08,TRUE
HbA1c,P1917,PATIENT,,PAT1917,,7.3,%,2026-08-12,ARCH-c8000,S. Rao,HB-2026-08-P09,TRUE
HbA1c,P1918,PATIENT,,PAT1918,,7.6,%,2026-08-13,ARCH-c4000,J. Varade,HB-2026-08-P10,TRUE
HbA1c,P1919,PATIENT,,PAT1919,,7.0,%,2026-08-14,ARCH-c8000,M. Kulkarni,HB-2026-08-P11,TRUE
HbA1c,P1920,PATIENT,,PAT1920,,4.2,%,2026-08-15,ARCH-c4000,S. Rao,HB-2026-08-P12,TRUE
HbA1c,P1921,PATIENT,,PAT1921,,7.7,%,2026-08-10,ARCH-c8000,J. Varade,HB-2026-08-P01,TRUE
HbA1c,P1922,PATIENT,,PAT1922,,7.8,%,2026-08-11,ARCH-c4000,M. Kulkarni,HB-2026-08-P02,TRUE
HbA1c,P1923,PATIENT,,PAT1923,,9.3,%,2026-08-12,ARCH-c8000,S. Rao,HB-2026-08-P03,TRUE
HbA1c,P1924,PATIENT,,PAT1924,,6.8,%,2026-08-13,ARCH-c4000,J. Varade,HB-2026-08-P04,TRUE
HbA1c,P1925,PATIENT,,PAT1925,,7.4,%,2026-08-14,ARCH-c8000,M. Kulkarni,HB-2026-08-P05,TRUE
HbA1c,P1926,PATIENT,,PAT1926,,6.2,%,2026-08-15,ARCH-c4000,S. Rao,HB-2026-08-P06,TRUE
HbA1c,P1927,PATIENT,,PAT1927,,5.6,%,2026-08-10,ARCH-c8000,J. Varade,HB-2026-08-P07,TRUE
HbA1c,P1928,PATIENT,,PAT1928,,7.5,%,2026-08-11,ARCH-c4000,M. Kulkarni,HB-2026-08-P08,TRUE
HbA1c,P1929,PATIENT,,PAT1929,,14.2,%,2026-08-12,ARCH-c8000,S. Rao,HB-2026-08-P09,TRUE
HbA1c,P1930,PATIENT,,PAT1930,,6.4,%,2026-08-13,ARCH-c4000,J. Varade,HB-2026-08-P10,TRUE
HbA1c,P1931,PATIENT,,PAT1931,,8.4,%,2026-08-14,ARCH-c8000,M. Kulkarni,HB-2026-08-P11,TRUE
HbA1c,P1932,PATIENT,,PAT1932,,6.8,%,2026-08-15,ARCH-c4000,S. Rao,HB-2026-08-P12,TRUE
HbA1c,P1933,PATIENT,,PAT1933,,7.4,%,2026-08-10,ARCH-c8000,J. Varade,HB-2026-08-P01,TRUE
HbA1c,P1934,PATIENT,,PAT1934,,9.3,%,2026-08-11,ARCH-c4000,M. Kulkarni,HB-2026-08-P02,TRUE
HbA1c,P1935,PATIENT,,PAT1935,,9.4,%,2026-08-12,ARCH-c8000,S. Rao,HB-2026-08-P03,TRUE
HbA1c,P1936,PATIENT,,PAT1936,,7.6,%,2026-08-13,ARCH-c4000,J. Varade,HB-2026-08-P04,TRUE
HbA1c,P1937,PATIENT,,PAT1937,,6.0,%,2026-08-14,ARCH-c8000,M. Kulkarni,HB-2026-08-P05,TRUE
HbA1c,P1938,PATIENT,,PAT1938,,6.3,%,2026-08-15,ARCH-c4000,S. Rao,HB-2026-08-P06,TRUE
HbA1c,P1939,PATIENT,,PAT1939,,8.9,%,2026-08-10,ARCH-c8000,J. Varade,HB-2026-08-P07,TRUE
HbA1c,P1940,PATIENT,,PAT1940,,8.0,%,2026-08-11,ARCH-c4000,M. Kulkarni,HB-2026-08-P08,TRUE
HbA1c,P1941,PATIENT,,PAT1941,,8.3,%,2026-08-12,ARCH-c8000,S. Rao,HB-2026-08-P09,FALSE
HbA1c,P1942,PATIENT,,PAT1942,,5.8,%,2026-08-13,ARCH-c4000,J. Varade,HB-2026-08-P10,TRUE
HbA1c,P1943,PATIENT,,PAT1943,,6.6,%,2026-08-14,ARCH-c8000,M. Kulkarni,HB-2026-08-P11,TRUE
HbA1c,P1944,PATIENT,,PAT1944,,6.7,%,2026-08-15,ARCH-c4000,S. Rao,HB-2026-08-P12,TRUE
HbA1c,P1945,PATIENT,,PAT1945,,7.4,%,2026-08-10,ARCH-c8000,J. Varade,HB-2026-08-P01,TRUE
HbA1c,P1946,PATIENT,,PAT1946,,7.0,%,2026-08-11,ARCH-c4000,M. Kulkarni,HB-2026-08-P02,TRUE
HbA1c,P1947,PATIENT,,PAT1947,,7.9,%,2026-08-12,ARCH-c8000,S. Rao,HB-2026-08-P03,TRUE
HbA1c,P1948,PATIENT,,PAT1948,,6.8,%,2026-08-13,ARCH-c4000,J. Varade,HB-2026-08-P04,TRUE
HbA1c,P1949,PATIENT,,PAT1949,,7.6,%,2026-08-14,ARCH-c8000,M. Kulkarni,HB-2026-08-P05,TRUE
HbA1c,P1950,PATIENT,,PAT1950,,6.3,%,2026-08-15,ARCH-c4000,S. Rao,HB-2026-08-P06,TRUE
HbA1c,P1951,PATIENT,,PAT1951,,4.8,%,2026-08-10,ARCH-c8000,J. Varade,HB-2026-08-P07,TRUE
HbA1c,P1952,PATIENT,,PAT1952,,5.8,%,2026-08-11,ARCH-c4000,M. Kulkarni,HB-2026-08-P08,TRUE
HbA1c,P1953,PATIENT,,PAT1953,,7.2,%,2026-08-12,ARCH-c8000,S. Rao,HB-2026-08-P09,TRUE
HbA1c,P1954,PATIENT,,PAT1954,,7.4,%,2026-08-13,ARCH-c4000,J. Varade,HB-2026-08-P10,TRUE
HbA1c,P1955,PATIENT,,PAT1955,,7.5,%,2026-08-14,ARCH-c8000,M. Kulkarni,HB-2026-08-P11,TRUE
HbA1c,P1956,PATIENT,,PAT1956,,7.5,%,2026-08-15,ARCH-c4000,S. Rao,HB-2026-08-P12,TRUE
HbA1c,P1957,PATIENT,,PAT1957,,7.4,%,2026-08-10,ARCH-c8000,J. Varade,HB-2026-08-P01,TRUE
HbA1c,P1958,PATIENT,,PAT1958,,5.4,%,2026-08-11,ARCH-c4000,M. Kulkarni,HB-2026-08-P02,TRUE
HbA1c,P1959,PATIENT,,PAT1959,,4.7,%,2026-08-12,ARCH-c8000,S. Rao,HB-2026-08-P03,TRUE
HbA1c,P1960,PATIENT,,PAT1960,,6.0,%,2026-08-13,ARCH-c4000,J. Varade,HB-2026-08-P04,TRUE
HbA1c,P1961,PATIENT,,PAT1961,,6.9,%,2026-08-14,ARCH-c8000,M. Kulkarni,HB-2026-08-P05,TRUE
HbA1c,P1962,PATIENT,,PAT1962,,7.4,%,2026-08-15,ARCH-c4000,S. Rao,HB-2026-08-P06,TRUE
HbA1c,P1963,PATIENT,,PAT1963,,7.2,%,2026-08-10,ARCH-c8000,J. Varade,HB-2026-08-P07,TRUE
HbA1c,P1964,PATIENT,,PAT1964,,6.8,%,2026-08-11,ARCH-c4000,M. Kulkarni,HB-2026-08-P08,TRUE
HbA1c,P1965,PATIENT,,PAT1965,,6.0,%,2026-08-12,ARCH-c8000,S. Rao,HB-2026-08-P09,TRUE
HbA1c,P1966,PATIENT,,PAT1966,,7.2,%,2026-08-13,ARCH-c4000,J. Varade,HB-2026-08-P10,TRUE
HbA1c,P1967,PATIENT,,PAT1967,,4.6,%,2026-08-14,ARCH-c8000,M. Kulkarni,HB-2026-08-P11,TRUE
HbA1c,P1968,PATIENT,,PAT1968,,6.7,%,2026-08-15,ARCH-c4000,S. Rao,HB-2026-08-P12,TRUE
HbA1c,P1969,PATIENT,,PAT1969,,2.3,%,2026-08-10,ARCH-c8000,J. Varade,HB-2026-08-P01,TRUE
HbA1c,P1970,PATIENT,,PAT1970,,7.3,%,2026-08-11,ARCH-c4000,M. Kulkarni,HB-2026-08-P02,TRUE
HbA1c,P1971,PATIENT,,PAT1971,,6.9,%,2026-08-12,ARCH-c8000,S. Rao,HB-2026-08-P03,TRUE
HbA1c,P1972,PATIENT,,PAT1972,,7.4,%,2026-08-13,ARCH-c4000,J. Varade,HB-2026-08-P04,TRUE
HbA1c,P1973,PATIENT,,PAT1973,,8.4,%,2026-08-14,ARCH-c8000,M. Kulkarni,HB-2026-08-P05,TRUE
HbA1c,P1974,PATIENT,,PAT1974,,6.3,%,2026-08-15,ARCH-c4000,S. Rao,HB-2026-08-P06,TRUE
HbA1c,P1975,PATIENT,,PAT1975,,7.2,%,2026-08-10,ARCH-c8000,J. Varade,HB-2026-08-P07,TRUE
HbA1c,P1976,PATIENT,,PAT1976,,5.8,%,2026-08-11,ARCH-c4000,M. Kulkarni,HB-2026-08-P08,TRUE
HbA1c,P1977,PATIENT,,PAT1977,,6.7,%,2026-08-12,ARCH-c8000,S. Rao,HB-2026-08-P09,TRUE
HbA1c,P1978,PATIENT,,PAT1978,,5.7,%,2026-08-13,ARCH-c4000,J. Varade,HB-2026-08-P10,TRUE
HbA1c,P1979,PATIENT,,PAT1979,,8.1,%,2026-08-14,ARCH-c8000,M. Kulkarni,HB-2026-08-P11,TRUE
HbA1c,P1980,PATIENT,,PAT1980,,3.2,%,2026-08-15,ARCH-c4000,S. Rao,HB-2026-08-P12,TRUE
HbA1c,P1981,PATIENT,,PAT1981,,6.1,%,2026-08-10,ARCH-c8000,J. Varade,HB-2026-08-P01,TRUE
HbA1c,P1982,PATIENT,,PAT1982,,5.8,%,2026-08-11,ARCH-c4000,M. Kulkarni,HB-2026-08-P02,TRUE
HbA1c,P1983,PATIENT,,PAT1983,,8.1,%,2026-08-12,ARCH-c8000,S. Rao,HB-2026-08-P03,TRUE
HbA1c,P1984,PATIENT,,PAT1984,,5.2,%,2026-08-13,ARCH-c4000,J. Varade,HB-2026-08-P04,TRUE
HbA1c,P1985,PATIENT,,PAT1985,,7.3,%,2026-08-14,ARCH-c8000,M. Kulkarni,HB-2026-08-P05,TRUE
HbA1c,P1986,PATIENT,,PAT1986,,16.0,%,2026-08-15,ARCH-c4000,S. Rao,HB-2026-08-P06,TRUE
HbA1c,P1987,PATIENT,,PAT1987,,7.3,%,2026-08-10,ARCH-c8000,J. Varade,HB-2026-08-P07,TRUE
HbA1c,P1988,PATIENT,,PAT1988,,14.1,%,2026-08-11,ARCH-c4000,M. Kulkarni,HB-2026-08-P08,TRUE
HbA1c,P1989,PATIENT,,PAT1989,,6.6,%,2026-08-12,ARCH-c8000,S. Rao,HB-2026-08-P09,TRUE
HbA1c,P1990,PATIENT,,PAT1990,,8.6,%,2026-08-13,ARCH-c4000,J. Varade,HB-2026-08-P10,TRUE
HbA1c,P1991,PATIENT,,PAT1991,,9.4,%,2026-08-14,ARCH-c8000,M. Kulkarni,HB-2026-08-P11,TRUE
HbA1c,P1992,PATIENT,,PAT1992,,6.9,%,2026-08-15,ARCH-c4000,S. Rao,HB-2026-08-P12,TRUE
HbA1c,P1993,PATIENT,,PAT1993,,6.9,%,2026-08-10,ARCH-c8000,J. Varade,HB-2026-08-P01,TRUE
HbA1c,P1994,PATIENT,,PAT1994,,6.6,%,2026-08-11,ARCH-c4000,M. Kulkarni,HB-2026-08-P02,TRUE
HbA1c,P1995,PATIENT,,PAT1995,,7.2,%,2026-08-12,ARCH-c8000,S. Rao,HB-2026-08-P03,TRUE
HbA1c,P1996,PATIENT,,PAT1996,,6.1,%,2026-08-13,ARCH-c4000,J. Varade,HB-2026-08-P04,TRUE
HbA1c,P1997,PATIENT,,PAT1997,,8.2,%,2026-08-14,ARCH-c8000,M. Kulkarni,HB-2026-08-P05,TRUE
HbA1c,P1998,PATIENT,,PAT1998,,6.0,%,2026-08-15,ARCH-c4000,S. Rao,HB-2026-08-P06,TRUE
HbA1c,P1999,PATIENT,,PAT1999,,6.4,%,2026-08-10,ARCH-c8000,J. Varade,HB-2026-08-P07,TRUE
HbA1c,P2000,PATIENT,,PAT2000,,5.1,%,2026-08-11,ARCH-c4000,M. Kulkarni,HB-2026-08-P08,TRUE
HbA1c,P2001,PATIENT,,PAT2001,,7.5,%,2026-08-12,ARCH-c8000,S. Rao,HB-2026-08-P09,TRUE
HbA1c,P2002,PATIENT,,PAT2002,,8.0,%,2026-08-13,ARCH-c4000,J. Varade,HB-2026-08-P10,TRUE
HbA1c,P2003,PATIENT,,PAT2003,,8.0,%,2026-08-14,ARCH-c8000,M. Kulkarni,HB-2026-08-P11,TRUE
HbA1c,P2004,PATIENT,,PAT2004,,6.5,%,2026-08-15,ARCH-c4000,S. Rao,HB-2026-08-P12,TRUE
HbA1c,P2005,PATIENT,,PAT2005,,6.8,%,2026-08-10,ARCH-c8000,J. Varade,HB-2026-08-P01,TRUE
HbA1c,P2006,PATIENT,,PAT2006,,8.0,%,2026-08-11,ARCH-c4000,M. Kulkarni,HB-2026-08-P02,TRUE
HbA1c,P2007,PATIENT,,PAT2007,,5.8,%,2026-08-12,ARCH-c8000,S. Rao,HB-2026-08-P03,TRUE
HbA1c,P2008,PATIENT,,PAT2008,,6.6,%,2026-08-13,ARCH-c4000,J. Varade,HB-2026-08-P04,TRUE
HbA1c,P2009,PATIENT,,PAT2009,,5.6,%,2026-08-14,ARCH-c8000,M. Kulkarni,HB-2026-08-P05,TRUE
HbA1c,P2010,PATIENT,,PAT2010,,6.3,%,2026-08-15,ARCH-c4000,S. Rao,HB-2026-08-P06,TRUE
HbA1c,P2011,PATIENT,,PAT2011,,9.4,%,2026-08-10,ARCH-c8000,J. Varade,HB-2026-08-P07,TRUE
HbA1c,P2012,PATIENT,,PAT2012,,7.8,%,2026-08-11,ARCH-c4000,M. Kulkarni,HB-2026-08-P08,TRUE
HbA1c,P2013,PATIENT,,PAT2013,,7.6,%,2026-08-12,ARCH-c8000,S. Rao,HB-2026-08-P09,TRUE
HbA1c,P2014,PATIENT,,PAT2014,,13.9,%,2026-08-13,ARCH-c4000,J. Varade,HB-2026-08-P10,TRUE
HbA1c,P2015,PATIENT,,PAT2015,,8.9,%,2026-08-14,ARCH-c8000,M. Kulkarni,HB-2026-08-P11,TRUE
HbA1c,P2016,PATIENT,,PAT2016,,6.3,%,2026-08-15,ARCH-c4000,S. Rao,HB-2026-08-P12,TRUE
HbA1c,P2017,PATIENT,,PAT2017,,16.1,%,2026-08-10,ARCH-c8000,J. Varade,HB-2026-08-P01,TRUE
HbA1c,P2018,PATIENT,,PAT2018,,7.6,%,2026-08-11,ARCH-c4000,M. Kulkarni,HB-2026-08-P02,TRUE
HbA1c,P2019,PATIENT,,PAT2019,,6.0,%,2026-08-12,ARCH-c8000,S. Rao,HB-2026-08-P03,TRUE
HbA1c,P2020,PATIENT,,PAT2020,,5.6,%,2026-08-13,ARCH-c4000,J. Varade,HB-2026-08-P04,TRUE
HbA1c,P2021,PATIENT,,PAT2021,,8.0,%,2026-08-14,ARCH-c8000,M. Kulkarni,HB-2026-08-P05,TRUE
HbA1c,P2022,PATIENT,,PAT2022,,6.9,%,2026-08-15,ARCH-c4000,S. Rao,HB-2026-08-P06,TRUE
HbA1c,P2023,PATIENT,,PAT2023,,4.4,%,2026-08-10,ARCH-c8000,J. Varade,HB-2026-08-P07,TRUE
HbA1c,P2024,PATIENT,,PAT2024,,5.6,%,2026-08-11,ARCH-c4000,M. Kulkarni,HB-2026-08-P08,TRUE
HbA1c,P2025,PATIENT,,PAT2025,,5.9,%,2026-08-12,ARCH-c8000,S. Rao,HB-2026-08-P09,TRUE
HbA1c,P2026,PATIENT,,PAT2026,,7.2,%,2026-08-13,ARCH-c4000,J. Varade,HB-2026-08-P10,TRUE
HbA1c,P2027,PATIENT,,PAT2027,,6.2,%,2026-08-14,ARCH-c8000,M. Kulkarni,HB-2026-08-P11,TRUE
HbA1c,P2028,PATIENT,,PAT2028,,7.5,%,2026-08-15,ARCH-c4000,S. Rao,HB-2026-08-P12,TRUE
HbA1c,P2029,PATIENT,,PAT2029,,7.6,%,2026-08-10,ARCH-c8000,J. Varade,HB-2026-08-P01,TRUE
HbA1c,P2030,PATIENT,,PAT2030,,8.0,%,2026-08-11,ARCH-c4000,M. Kulkarni,HB-2026-08-P02,TRUE
HbA1c,P2031,PATIENT,,PAT2031,,5.7,%,2026-08-12,ARCH-c8000,S. Rao,HB-2026-08-P03,TRUE
HbA1c,P2032,PATIENT,,PAT2032,,8.0,%,2026-08-13,ARCH-c4000,J. Varade,HB-2026-08-P04,TRUE
HbA1c,P2033,PATIENT,,PAT2033,,6.3,%,2026-08-14,ARCH-c8000,M. Kulkarni,HB-2026-08-P05,TRUE
HbA1c,P2034,PATIENT,,PAT2034,,6.5,%,2026-08-15,ARCH-c4000,S. Rao,HB-2026-08-P06,TRUE
HbA1c,P2035,PATIENT,,PAT2035,,7.3,%,2026-08-10,ARCH-c8000,J. Varade,HB-2026-08-P07,TRUE
HbA1c,P2036,PATIENT,,PAT2036,,6.2,%,2026-08-11,ARCH-c4000,M. Kulkarni,HB-2026-08-P08,TRUE
HbA1c,P2037,PATIENT,,PAT2037,,5.9,%,2026-08-12,ARCH-c8000,S. Rao,HB-2026-08-P09,TRUE
HbA1c,P2038,PATIENT,,PAT2038,,7.9,%,2026-08-13,ARCH-c4000,J. Varade,HB-2026-08-P10,FALSE
HbA1c,P2039,PATIENT,,PAT2039,,16.3,%,2026-08-14,ARCH-c8000,M. Kulkarni,HB-2026-08-P11,TRUE
HbA1c,P2040,PATIENT,,PAT2040,,8.0,%,2026-08-15,ARCH-c4000,S. Rao,HB-2026-08-P12,TRUE
HbA1c,P2041,PATIENT,,PAT2041,,6.7,%,2026-08-10,ARCH-c8000,J. Varade,HB-2026-08-P01,TRUE
HbA1c,P2042,PATIENT,,PAT2042,,5.4,%,2026-08-11,ARCH-c4000,M. Kulkarni,HB-2026-08-P02,TRUE
HbA1c,P2043,PATIENT,,PAT2043,,8.3,%,2026-08-12,ARCH-c8000,S. Rao,HB-2026-08-P03,TRUE
HbA1c,P2044,PATIENT,,PAT2044,,7.1,%,2026-08-13,ARCH-c4000,J. Varade,HB-2026-08-P04,TRUE
HbA1c,P2045,PATIENT,,PAT2045,,6.3,%,2026-08-14,ARCH-c8000,M. Kulkarni,HB-2026-08-P05,TRUE
HbA1c,P2046,PATIENT,,PAT2046,,5.0,%,2026-08-15,ARCH-c4000,S. Rao,HB-2026-08-P06,TRUE
HbA1c,P2047,PATIENT,,PAT2047,,5.9,%,2026-08-10,ARCH-c8000,J. Varade,HB-2026-08-P07,TRUE
HbA1c,P2048,PATIENT,,PAT2048,,6.6,%,2026-08-11,ARCH-c4000,M. Kulkarni,HB-2026-08-P08,TRUE
HbA1c,P2049,PATIENT,,PAT2049,,8.3,%,2026-08-12,ARCH-c8000,S. Rao,HB-2026-08-P09,TRUE
HbA1c,P2050,PATIENT,,PAT2050,,5.4,%,2026-08-13,ARCH-c4000,J. Varade,HB-2026-08-P10,TRUE
HbA1c,P2051,PATIENT,,PAT2051,,7.3,%,2026-08-14,ARCH-c8000,M. Kulkarni,HB-2026-08-P11,TRUE
HbA1c,P2052,PATIENT,,PAT2052,,5.2,%,2026-08-15,ARCH-c4000,S. Rao,HB-2026-08-P12,TRUE
HbA1c,P2053,PATIENT,,PAT2053,,8.0,%,2026-08-10,ARCH-c8000,J. Varade,HB-2026-08-P01,TRUE
HbA1c,P2054,PATIENT,,PAT2054,,7.2,%,2026-08-11,ARCH-c4000,M. Kulkarni,HB-2026-08-P02,TRUE
HbA1c,P2055,PATIENT,,PAT2055,,5.7,%,2026-08-12,ARCH-c8000,S. Rao,HB-2026-08-P03,TRUE
HbA1c,P2056,PATIENT,,PAT2056,,6.2,%,2026-08-13,ARCH-c4000,J. Varade,HB-2026-08-P04,TRUE
HbA1c,P2057,PATIENT,,PAT2057,,5.6,%,2026-08-14,ARCH-c8000,M. Kulkarni,HB-2026-08-P05,TRUE
HbA1c,P2058,PATIENT,,PAT2058,,6.2,%,2026-08-15,ARCH-c4000,S. Rao,HB-2026-08-P06,TRUE
HbA1c,P2059,PATIENT,,PAT2059,,6.5,%,2026-08-10,ARCH-c8000,J. Varade,HB-2026-08-P07,TRUE
HbA1c,P2060,PATIENT,,PAT2060,,6.3,%,2026-08-11,ARCH-c4000,M. Kulkarni,HB-2026-08-P08,TRUE
HbA1c,P2061,PATIENT,,PAT2061,,6.3,%,2026-08-12,ARCH-c8000,S. Rao,HB-2026-08-P09,TRUE
HbA1c,P2062,PATIENT,,PAT2062,,6.8,%,2026-08-13,ARCH-c4000,J. Varade,HB-2026-08-P10,TRUE
HbA1c,P2063,PATIENT,,PAT2063,,8.8,%,2026-08-14,ARCH-c8000,M. Kulkarni,HB-2026-08-P11,TRUE
HbA1c,P2064,PATIENT,,PAT2064,,8.2,%,2026-08-15,ARCH-c4000,S. Rao,HB-2026-08-P12,TRUE
HbA1c,P2065,PATIENT,,PAT2065,,6.7,%,2026-08-10,ARCH-c8000,J. Varade,HB-2026-08-P01,TRUE
HbA1c,P2066,PATIENT,,PAT2066,,9.0,%,2026-08-11,ARCH-c4000,M. Kulkarni,HB-2026-08-P02,TRUE
HbA1c,P2067,PATIENT,,PAT2067,,6.6,%,2026-08-12,ARCH-c8000,S. Rao,HB-2026-08-P03,TRUE
HbA1c,P2068,PATIENT,,PAT2068,,8.3,%,2026-08-13,ARCH-c4000,J. Varade,HB-2026-08-P04,TRUE
HbA1c,P2069,PATIENT,,PAT2069,,7.5,%,2026-08-14,ARCH-c8000,M. Kulkarni,HB-2026-08-P05,TRUE
HbA1c,P2070,PATIENT,,PAT2070,,2.7,%,2026-08-15,ARCH-c4000,S. Rao,HB-2026-08-P06,TRUE
HbA1c,P2071,PATIENT,,PAT2071,,5.7,%,2026-08-10,ARCH-c8000,J. Varade,HB-2026-08-P07,TRUE
HbA1c,P2072,PATIENT,,PAT2072,,7.6,%,2026-08-11,ARCH-c4000,M. Kulkarni,HB-2026-08-P08,TRUE
HbA1c,P2073,PATIENT,,PAT2073,,8.5,%,2026-08-12,ARCH-c8000,S. Rao,HB-2026-08-P09,TRUE
HbA1c,P2074,PATIENT,,PAT2074,,7.3,%,2026-08-13,ARCH-c4000,J. Varade,HB-2026-08-P10,TRUE
HbA1c,P2075,PATIENT,,PAT2075,,7.6,%,2026-08-14,ARCH-c8000,M. Kulkarni,HB-2026-08-P11,TRUE
HbA1c,P2076,PATIENT,,PAT2076,,6.4,%,2026-08-15,ARCH-c4000,S. Rao,HB-2026-08-P12,TRUE
HbA1c,P2077,PATIENT,,PAT2077,,7.4,%,2026-08-10,ARCH-c8000,J. Varade,HB-2026-08-P01,TRUE
HbA1c,P2078,PATIENT,,PAT2078,,6.3,%,2026-08-11,ARCH-c4000,M. Kulkarni,HB-2026-08-P02,TRUE
HbA1c,P2079,PATIENT,,PAT2079,,7.2,%,2026-08-12,ARCH-c8000,S. Rao,HB-2026-08-P03,TRUE
HbA1c,P2080,PATIENT,,PAT2080,,10.2,%,2026-08-13,ARCH-c4000,J. Varade,HB-2026-08-P04,TRUE
HbA1c,P2081,PATIENT,,PAT2081,,5.0,%,2026-08-14,ARCH-c8000,M. Kulkarni,HB-2026-08-P05,TRUE
HbA1c,P2082,PATIENT,,PAT2082,,6.9,%,2026-08-15,ARCH-c4000,S. Rao,HB-2026-08-P06,TRUE
HbA1c,P2083,PATIENT,,PAT2083,,6.2,%,2026-08-10,ARCH-c8000,J. Varade,HB-2026-08-P07,TRUE
HbA1c,P2084,PATIENT,,PAT2084,,8.1,%,2026-08-11,ARCH-c4000,M. Kulkarni,HB-2026-08-P08,TRUE
HbA1c,P2085,PATIENT,,PAT2085,,7.7,%,2026-08-12,ARCH-c8000,S. Rao,HB-2026-08-P09,TRUE
HbA1c,P2086,PATIENT,,PAT2086,,6.8,%,2026-08-13,ARCH-c4000,J. Varade,HB-2026-08-P10,TRUE
HbA1c,P2087,PATIENT,,PAT2087,,4.9,%,2026-08-14,ARCH-c8000,M. Kulkarni,HB-2026-08-P11,TRUE
HbA1c,P2088,PATIENT,,PAT2088,,7.0,%,2026-08-15,ARCH-c4000,S. Rao,HB-2026-08-P12,TRUE
HbA1c,P2089,PATIENT,,PAT2089,,14.2,%,2026-08-10,ARCH-c8000,J. Varade,HB-2026-08-P01,TRUE
HbA1c,P2090,PATIENT,,PAT2090,,9.1,%,2026-08-11,ARCH-c4000,M. Kulkarni,HB-2026-08-P02,TRUE
HbA1c,P2091,PATIENT,,PAT2091,,8.2,%,2026-08-12,ARCH-c8000,S. Rao,HB-2026-08-P03,TRUE
HbA1c,P2092,PATIENT,,PAT2092,,6.1,%,2026-08-13,ARCH-c4000,J. Varade,HB-2026-08-P04,TRUE
HbA1c,P2093,PATIENT,,PAT2093,,6.7,%,2026-08-14,ARCH-c8000,M. Kulkarni,HB-2026-08-P05,TRUE
HbA1c,P2094,PATIENT,,PAT2094,,6.2,%,2026-08-15,ARCH-c4000,S. Rao,HB-2026-08-P06,TRUE
HbA1c,P2095,PATIENT,,PAT2095,,6.3,%,2026-08-10,ARCH-c8000,J. Varade,HB-2026-08-P07,TRUE
HbA1c,P2096,PATIENT,,PAT2096,,6.9,%,2026-08-11,ARCH-c4000,M. Kulkarni,HB-2026-08-P08,TRUE
HbA1c,P2097,PATIENT,,PAT2097,,7.1,%,2026-08-12,ARCH-c8000,S. Rao,HB-2026-08-P09,TRUE
HbA1c,P2098,PATIENT,,PAT2098,,8.0,%,2026-08-13,ARCH-c4000,J. Varade,HB-2026-08-P10,TRUE
HbA1c,P2099,PATIENT,,PAT2099,,5.3,%,2026-08-14,ARCH-c8000,M. Kulkarni,HB-2026-08-P11,TRUE
HbA1c,P2100,PATIENT,,PAT2100,,2.4,%,2026-08-15,ARCH-c4000,S. Rao,HB-2026-08-P12,TRUE
HbA1c,P2101,PATIENT,,PAT2101,,7.8,%,2026-08-10,ARCH-c8000,J. Varade,HB-2026-08-P01,TRUE
HbA1c,P2102,PATIENT,,PAT2102,,6.6,%,2026-08-11,ARCH-c4000,M. Kulkarni,HB-2026-08-P02,TRUE
HbA1c,P2103,PATIENT,,PAT2103,,7.6,%,2026-08-12,ARCH-c8000,S. Rao,HB-2026-08-P03,TRUE
HbA1c,P2104,PATIENT,,PAT2104,,7.8,%,2026-08-13,ARCH-c4000,J. Varade,HB-2026-08-P04,TRUE
HbA1c,P2105,PATIENT,,PAT2105,,7.3,%,2026-08-14,ARCH-c8000,M. Kulkarni,HB-2026-08-P05,TRUE
HbA1c,P2106,PATIENT,,PAT2106,,6.2,%,2026-08-15,ARCH-c4000,S. Rao,HB-2026-08-P06,TRUE
HbA1c,P2107,PATIENT,,PAT2107,,5.6,%,2026-08-10,ARCH-c8000,J. Varade,HB-2026-08-P07,TRUE
HbA1c,P2108,PATIENT,,PAT2108,,6.4,%,2026-08-11,ARCH-c4000,M. Kulkarni,HB-2026-08-P08,TRUE
HbA1c,P2109,PATIENT,,PAT2109,,7.7,%,2026-08-12,ARCH-c8000,S. Rao,HB-2026-08-P09,TRUE
HbA1c,P2110,PATIENT,,PAT2110,,6.0,%,2026-08-13,ARCH-c4000,J. Varade,HB-2026-08-P10,TRUE
HbA1c,P2111,PATIENT,,PAT2111,,7.6,%,2026-08-14,ARCH-c8000,M. Kulkarni,HB-2026-08-P11,TRUE
HbA1c,P2112,PATIENT,,PAT2112,,6.2,%,2026-08-15,ARCH-c4000,S. Rao,HB-2026-08-P12,TRUE
HbA1c,P2113,PATIENT,,PAT2113,,8.1,%,2026-08-10,ARCH-c8000,J. Varade,HB-2026-08-P01,TRUE
HbA1c,P2114,PATIENT,,PAT2114,,6.2,%,2026-08-11,ARCH-c4000,M. Kulkarni,HB-2026-08-P02,TRUE
HbA1c,P2115,PATIENT,,PAT2115,,5.6,%,2026-08-12,ARCH-c8000,S. Rao,HB-2026-08-P03,TRUE
HbA1c,P2116,PATIENT,,PAT2116,,7.8,%,2026-08-13,ARCH-c4000,J. Varade,HB-2026-08-P04,TRUE
HbA1c,P2117,PATIENT,,PAT2117,,7.0,%,2026-08-14,ARCH-c8000,M. Kulkarni,HB-2026-08-P05,TRUE
HbA1c,P2118,PATIENT,,PAT2118,,8.4,%,2026-08-15,ARCH-c4000,S. Rao,HB-2026-08-P06,TRUE
HbA1c,P2119,PATIENT,,PAT2119,,6.7,%,2026-08-10,ARCH-c8000,J. Varade,HB-2026-08-P07,TRUE
HbA1c,P2120,PATIENT,,PAT2120,,6.3,%,2026-08-11,ARCH-c4000,M. Kulkarni,HB-2026-08-P08,TRUE
HbA1c,P2121,PATIENT,,PAT2121,,6.6,%,2026-08-12,ARCH-c8000,S. Rao,HB-2026-08-P09,TRUE
HbA1c,P2122,PATIENT,,PAT2122,,5.3,%,2026-08-13,ARCH-c4000,J. Varade,HB-2026-08-P10,TRUE
HbA1c,P2123,PATIENT,,PAT2123,,8.0,%,2026-08-14,ARCH-c8000,M. Kulkarni,HB-2026-08-P11,TRUE
HbA1c,P2124,PATIENT,,PAT2124,,6.7,%,2026-08-15,ARCH-c4000,S. Rao,HB-2026-08-P12,TRUE
HbA1c,P2125,PATIENT,,PAT2125,,6.2,%,2026-08-10,ARCH-c8000,J. Varade,HB-2026-08-P01,TRUE
HbA1c,P2126,PATIENT,,PAT2126,,7.2,%,2026-08-11,ARCH-c4000,M. Kulkarni,HB-2026-08-P02,TRUE
HbA1c,P2127,PATIENT,,PAT2127,,6.5,%,2026-08-12,ARCH-c8000,S. Rao,HB-2026-08-P03,TRUE
HbA1c,P2128,PATIENT,,PAT2128,,7.2,%,2026-08-13,ARCH-c4000,J. Varade,HB-2026-08-P04,TRUE
HbA1c,P2129,PATIENT,,PAT2129,,7.9,%,2026-08-14,ARCH-c8000,M. Kulkarni,HB-2026-08-P05,TRUE
HbA1c,P2130,PATIENT,,PAT2130,,4.9,%,2026-08-15,ARCH-c4000,S. Rao,HB-2026-08-P06,TRUE
HbA1c,P2131,PATIENT,,PAT2131,,8.1,%,2026-08-10,ARCH-c8000,J. Varade,HB-2026-08-P07,TRUE
HbA1c,P2132,PATIENT,,PAT2132,,6.0,%,2026-08-11,ARCH-c4000,M. Kulkarni,HB-2026-08-P08,TRUE
HbA1c,P2133,PATIENT,,PAT2133,,8.0,%,2026-08-12,ARCH-c8000,S. Rao,HB-2026-08-P09,TRUE
HbA1c,P2134,PATIENT,,PAT2134,,8.1,%,2026-08-13,ARCH-c4000,J. Varade,HB-2026-08-P10,TRUE
HbA1c,P2135,PATIENT,,PAT2135,,8.4,%,2026-08-14,ARCH-c8000,M. Kulkarni,HB-2026-08-P11,FALSE
HbA1c,P2136,PATIENT,,PAT2136,,7.5,%,2026-08-15,ARCH-c4000,S. Rao,HB-2026-08-P12,TRUE
HbA1c,P2137,PATIENT,,PAT2137,,7.5,%,2026-08-10,ARCH-c8000,J. Varade,HB-2026-08-P01,TRUE
HbA1c,P2138,PATIENT,,PAT2138,,8.2,%,2026-08-11,ARCH-c4000,M. Kulkarni,HB-2026-08-P02,TRUE
HbA1c,P2139,PATIENT,,PAT2139,,7.6,%,2026-08-12,ARCH-c8000,S. Rao,HB-2026-08-P03,TRUE
HbA1c,P2140,PATIENT,,PAT2140,,6.1,%,2026-08-13,ARCH-c4000,J. Varade,HB-2026-08-P04,TRUE
HbA1c,P2141,PATIENT,,PAT2141,,6.7,%,2026-08-14,ARCH-c8000,M. Kulkarni,HB-2026-08-P05,TRUE
HbA1c,P2142,PATIENT,,PAT2142,,6.8,%,2026-08-15,ARCH-c4000,S. Rao,HB-2026-08-P06,TRUE
HbA1c,P2143,PATIENT,,PAT2143,,7.7,%,2026-08-10,ARCH-c8000,J. Varade,HB-2026-08-P07,TRUE
HbA1c,P2144,PATIENT,,PAT2144,,----,%,2026-08-11,ARCH-c4000,M. Kulkarni,HB-2026-08-P08,FALSE
HbA1c,P2145,PATIENT,,PAT2145,,6.3,%,2026-08-12,ARCH-c8000,S. Rao,HB-2026-08-P09,TRUE
HbA1c,P2146,PATIENT,,PAT2146,,7.8,%,2026-08-13,ARCH-c4000,J. Varade,HB-2026-08-P10,TRUE
HbA1c,P2147,PATIENT,,PAT2147,,7.5,%,2026-08-14,ARCH-c8000,M. Kulkarni,HB-2026-08-P11,TRUE
HbA1c,P2148,PATIENT,,PAT2148,,5.6,%,2026-08-15,ARCH-c4000,S. Rao,HB-2026-08-P12,TRUE
HbA1c,P2149,PATIENT,,PAT2149,,6.4,%,2026-08-10,ARCH-c8000,J. Varade,HB-2026-08-P01,TRUE
HbA1c,P2150,PATIENT,,PAT2150,,6.8,%,2026-08-11,ARCH-c4000,M. Kulkarni,HB-2026-08-P02,TRUE
HbA1c,P2151,PATIENT,,PAT2151,,7.1,%,2026-08-12,ARCH-c8000,S. Rao,HB-2026-08-P03,TRUE
HbA1c,P2152,PATIENT,,PAT2152,,7.1,%,2026-08-13,ARCH-c4000,J. Varade,HB-2026-08-P04,TRUE
HbA1c,P2153,PATIENT,,PAT2153,,8.9,%,2026-08-14,ARCH-c8000,M. Kulkarni,HB-2026-08-P05,TRUE
HbA1c,P2154,PATIENT,,PAT2154,,7.5,%,2026-08-15,ARCH-c4000,S. Rao,HB-2026-08-P06,TRUE
HbA1c,P2155,PATIENT,,PAT2155,,6.9,%,2026-08-10,ARCH-c8000,J. Varade,HB-2026-08-P07,TRUE
HbA1c,P2156,PATIENT,,PAT2156,,5.5,%,2026-08-11,ARCH-c4000,M. Kulkarni,HB-2026-08-P08,TRUE
HbA1c,P2157,PATIENT,,PAT2157,,7.4,%,2026-08-12,ARCH-c8000,S. Rao,HB-2026-08-P09,TRUE
HbA1c,P2158,PATIENT,,PAT2158,,5.4,%,2026-08-13,ARCH-c4000,J. Varade,HB-2026-08-P10,TRUE
HbA1c,P2159,PATIENT,,PAT2159,,6.5,%,2026-08-14,ARCH-c8000,M. Kulkarni,HB-2026-08-P11,TRUE
HbA1c,P2160,PATIENT,,PAT2160,,6.8,%,2026-08-15,ARCH-c4000,S. Rao,HB-2026-08-P12,TRUE
HbA1c,P2161,PATIENT,,PAT2161,,7.8,%,2026-08-10,ARCH-c8000,J. Varade,HB-2026-08-P01,TRUE
HbA1c,P2162,PATIENT,,PAT2162,,2.3,%,2026-08-11,ARCH-c4000,M. Kulkarni,HB-2026-08-P02,TRUE
HbA1c,P2163,PATIENT,,PAT2163,,8.6,%,2026-08-12,ARCH-c8000,S. Rao,HB-2026-08-P03,TRUE
HbA1c,P2164,PATIENT,,PAT2164,,6.1,%,2026-08-13,ARCH-c4000,J. Varade,HB-2026-08-P04,TRUE
HbA1c,P2165,PATIENT,,PAT2165,,8.1,%,2026-08-14,ARCH-c8000,M. Kulkarni,HB-2026-08-P05,TRUE
HbA1c,P2166,PATIENT,,PAT2166,,4.4,%,2026-08-15,ARCH-c4000,S. Rao,HB-2026-08-P06,TRUE
HbA1c,P2167,PATIENT,,PAT2167,,8.5,%,2026-08-10,ARCH-c8000,J. Varade,HB-2026-08-P07,TRUE
HbA1c,P2168,PATIENT,,PAT2168,,4.9,%,2026-08-11,ARCH-c4000,M. Kulkarni,HB-2026-08-P08,TRUE
HbA1c,P2169,PATIENT,,PAT2169,,6.9,%,2026-08-12,ARCH-c8000,S. Rao,HB-2026-08-P09,TRUE
HbA1c,P2170,PATIENT,,PAT2170,,6.2,%,2026-08-13,ARCH-c4000,J. Varade,HB-2026-08-P10,TRUE
HbA1c,P2171,PATIENT,,PAT2171,,6.7,%,2026-08-14,ARCH-c8000,M. Kulkarni,HB-2026-08-P11,TRUE
HbA1c,P2172,PATIENT,,PAT2172,,6.2,%,2026-08-15,ARCH-c4000,S. Rao,HB-2026-08-P12,TRUE
HbA1c,P2173,PATIENT,,PAT2173,,9.3,%,2026-08-10,ARCH-c8000,J. Varade,HB-2026-08-P01,TRUE
HbA1c,P2174,PATIENT,,PAT2174,,9.3,%,2026-08-11,ARCH-c4000,M. Kulkarni,HB-2026-08-P02,TRUE
HbA1c,P2175,PATIENT,,PAT2175,,8.3,%,2026-08-12,ARCH-c8000,S. Rao,HB-2026-08-P03,TRUE
HbA1c,P2176,PATIENT,,PAT2176,,8.0,%,2026-08-13,ARCH-c4000,J. Varade,HB-2026-08-P04,TRUE
HbA1c,P2177,PATIENT,,PAT2177,,7.4,%,2026-08-14,ARCH-c8000,M. Kulkarni,HB-2026-08-P05,TRUE
HbA1c,P2178,PATIENT,,PAT2178,,5.9,%,2026-08-15,ARCH-c4000,S. Rao,HB-2026-08-P06,TRUE
HbA1c,P2179,PATIENT,,PAT2179,,7.2,%,2026-08-10,ARCH-c8000,J. Varade,HB-2026-08-P07,TRUE
HbA1c,P2180,PATIENT,,PAT2180,,13.0,%,2026-08-11,ARCH-c4000,M. Kulkarni,HB-2026-08-P08,TRUE
HbA1c,P2181,PATIENT,,PAT2181,,5.9,%,2026-08-12,ARCH-c8000,S. Rao,HB-2026-08-P09,TRUE
HbA1c,P2182,PATIENT,,PAT2182,,5.6,%,2026-08-13,ARCH-c4000,J. Varade,HB-2026-08-P10,TRUE
HbA1c,P2183,PATIENT,,PAT2183,,7.7,%,2026-08-14,ARCH-c8000,M. Kulkarni,HB-2026-08-P11,TRUE
HbA1c,P2184,PATIENT,,PAT2184,,7.5,%,2026-08-15,ARCH-c4000,S. Rao,HB-2026-08-P12,TRUE
HbA1c,P2185,PATIENT,,PAT2185,,7.9,%,2026-08-10,ARCH-c8000,J. Varade,HB-2026-08-P01,TRUE
HbA1c,P2186,PATIENT,,PAT2186,,6.0,%,2026-08-11,ARCH-c4000,M. Kulkarni,HB-2026-08-P02,TRUE
HbA1c,P2187,PATIENT,,PAT2187,,6.8,%,2026-08-12,ARCH-c8000,S. Rao,HB-2026-08-P03,TRUE
HbA1c,P2188,PATIENT,,PAT2188,,9.1,%,2026-08-13,ARCH-c4000,J. Varade,HB-2026-08-P04,TRUE
HbA1c,P2189,PATIENT,,PAT2189,,6.4,%,2026-08-14,ARCH-c8000,M. Kulkarni,HB-2026-08-P05,TRUE
HbA1c,P2190,PATIENT,,PAT2190,,7.6,%,2026-08-15,ARCH-c4000,S. Rao,HB-2026-08-P06,TRUE
HbA1c,P2191,PATIENT,,PAT2191,,7.5,%,2026-08-10,ARCH-c8000,J. Varade,HB-2026-08-P07,TRUE
HbA1c,P2192,PATIENT,,PAT2192,,6.5,%,2026-08-11,ARCH-c4000,M. Kulkarni,HB-2026-08-P08,TRUE
HbA1c,P2193,PATIENT,,PAT2193,,7.2,%,2026-08-12,ARCH-c8000,S. Rao,HB-2026-08-P09,TRUE
HbA1c,P2194,PATIENT,,PAT2194,,7.5,%,2026-08-13,ARCH-c4000,J. Varade,HB-2026-08-P10,TRUE
HbA1c,P2195,PATIENT,,PAT2195,,8.6,%,2026-08-14,ARCH-c8000,M. Kulkarni,HB-2026-08-P11,TRUE
HbA1c,P2196,PATIENT,,PAT2196,,7.0,%,2026-08-15,ARCH-c4000,S. Rao,HB-2026-08-P12,TRUE
HbA1c,P2197,PATIENT,,PAT2197,,4.3,%,2026-08-10,ARCH-c8000,J. Varade,HB-2026-08-P01,TRUE
HbA1c,P2198,PATIENT,,PAT2198,,9.2,%,2026-08-11,ARCH-c4000,M. Kulkarni,HB-2026-08-P02,TRUE
HbA1c,P2199,PATIENT,,PAT2199,,5.6,%,2026-08-12,ARCH-c8000,S. Rao,HB-2026-08-P03,TRUE
HbA1c,P2200,PATIENT,,PAT2200,,6.6,%,2026-08-13,ARCH-c4000,J. Varade,HB-2026-08-P04,TRUE
HbA1c,P2201,PATIENT,,PAT2201,,6.2,%,2026-08-14,ARCH-c8000,M. Kulkarni,HB-2026-08-P05,TRUE
HbA1c,P2202,PATIENT,,PAT2202,,5.6,%,2026-08-15,ARCH-c4000,S. Rao,HB-2026-08-P06,TRUE
HbA1c,P2203,PATIENT,,PAT2203,,7.9,%,2026-08-10,ARCH-c8000,J. Varade,HB-2026-08-P07,TRUE
HbA1c,P2204,PATIENT,,PAT2204,,7.5,%,2026-08-11,ARCH-c4000,M. Kulkarni,HB-2026-08-P08,TRUE
HbA1c,P2205,PATIENT,,PAT2205,,6.7,%,2026-08-12,ARCH-c8000,S. Rao,HB-2026-08-P09,TRUE
HbA1c,P2206,PATIENT,,PAT2206,,7.4,%,2026-08-13,ARCH-c4000,J. Varade,HB-2026-08-P10,TRUE
HbA1c,P2207,PATIENT,,PAT2207,,7.5,%,2026-08-14,ARCH-c8000,M. Kulkarni,HB-2026-08-P11,TRUE
HbA1c,P2208,PATIENT,,PAT2208,,4.2,%,2026-08-15,ARCH-c4000,S. Rao,HB-2026-08-P12,TRUE
HbA1c,P2209,PATIENT,,PAT2209,,6.3,%,2026-08-10,ARCH-c8000,J. Varade,HB-2026-08-P01,TRUE
HbA1c,P2210,PATIENT,,PAT2210,,6.8,%,2026-08-11,ARCH-c4000,M. Kulkarni,HB-2026-08-P02,TRUE
HbA1c,P2211,PATIENT,,PAT2211,,10.2,%,2026-08-12,ARCH-c8000,S. Rao,HB-2026-08-P03,TRUE
HbA1c,P2212,PATIENT,,PAT2212,,5.2,%,2026-08-13,ARCH-c4000,J. Varade,HB-2026-08-P04,TRUE
HbA1c,P2213,PATIENT,,PAT2213,,6.1,%,2026-08-14,ARCH-c8000,M. Kulkarni,HB-2026-08-P05,TRUE
HbA1c,P2214,PATIENT,,PAT2214,,6.7,%,2026-08-15,ARCH-c4000,S. Rao,HB-2026-08-P06,TRUE
HbA1c,P2215,PATIENT,,PAT2215,,7.3,%,2026-08-10,ARCH-c8000,J. Varade,HB-2026-08-P07,TRUE
HbA1c,P2216,PATIENT,,PAT2216,,6.3,%,2026-08-11,ARCH-c4000,M. Kulkarni,HB-2026-08-P08,TRUE
HbA1c,P2217,PATIENT,,PAT2217,,6.8,%,2026-08-12,ARCH-c8000,S. Rao,HB-2026-08-P09,TRUE
HbA1c,P2218,PATIENT,,PAT2218,,6.7,%,2026-08-13,ARCH-c4000,J. Varade,HB-2026-08-P10,TRUE
HbA1c,P2219,PATIENT,,PAT2219,,5.8,%,2026-08-14,ARCH-c8000,M. Kulkarni,HB-2026-08-P11,TRUE
HbA1c,P2220,PATIENT,,PAT2220,,7.1,%,2026-08-15,ARCH-c4000,S. Rao,HB-2026-08-P12,TRUE
HbA1c,P2221,PATIENT,,PAT2221,,7.6,%,2026-08-10,ARCH-c8000,J. Varade,HB-2026-08-P01,TRUE
HbA1c,P2222,PATIENT,,PAT2222,,8.1,%,2026-08-11,ARCH-c4000,M. Kulkarni,HB-2026-08-P02,TRUE
HbA1c,P2223,PATIENT,,PAT2223,,6.6,%,2026-08-12,ARCH-c8000,S. Rao,HB-2026-08-P03,TRUE
HbA1c,P2224,PATIENT,,PAT2224,,6.5,%,2026-08-13,ARCH-c4000,J. Varade,HB-2026-08-P04,TRUE
HbA1c,P2225,PATIENT,,PAT2225,,4.7,%,2026-08-14,ARCH-c8000,M. Kulkarni,HB-2026-08-P05,TRUE
HbA1c,P2226,PATIENT,,PAT2226,,15.6,%,2026-08-15,ARCH-c4000,S. Rao,HB-2026-08-P06,TRUE
HbA1c,P2227,PATIENT,,PAT2227,,10.4,%,2026-08-10,ARCH-c8000,J. Varade,HB-2026-08-P07,TRUE
HbA1c,P2228,PATIENT,,PAT2228,,6.9,%,2026-08-11,ARCH-c4000,M. Kulkarni,HB-2026-08-P08,TRUE
HbA1c,P2229,PATIENT,,PAT2229,,7.5,%,2026-08-12,ARCH-c8000,S. Rao,HB-2026-08-P09,TRUE
HbA1c,P2230,PATIENT,,PAT2230,,7.7,%,2026-08-13,ARCH-c4000,J. Varade,HB-2026-08-P10,TRUE
HbA1c,P2231,PATIENT,,PAT2231,,4.2,%,2026-08-14,ARCH-c8000,M. Kulkarni,HB-2026-08-P11,TRUE
HbA1c,P2232,PATIENT,,PAT2232,,6.5,%,2026-08-15,ARCH-c4000,S. Rao,HB-2026-08-P12,FALSE
HbA1c,P2233,PATIENT,,PAT2233,,7.3,%,2026-08-10,ARCH-c8000,J. Varade,HB-2026-08-P01,TRUE
HbA1c,P2234,PATIENT,,PAT2234,,6.5,%,2026-08-11,ARCH-c4000,M. Kulkarni,HB-2026-08-P02,TRUE
HbA1c,P2235,PATIENT,,PAT2235,,7.1,%,2026-08-12,ARCH-c8000,S. Rao,HB-2026-08-P03,TRUE
HbA1c,P2236,PATIENT,,PAT2236,,5.3,%,2026-08-13,ARCH-c4000,J. Varade,HB-2026-08-P04,TRUE
HbA1c,P2237,PATIENT,,PAT2237,,6.3,%,2026-08-14,ARCH-c8000,M. Kulkarni,HB-2026-08-P05,TRUE
HbA1c,P2238,PATIENT,,PAT2238,,7.2,%,2026-08-15,ARCH-c4000,S. Rao,HB-2026-08-P06,TRUE
HbA1c,P2239,PATIENT,,PAT2239,,7.0,%,2026-08-10,ARCH-c8000,J. Varade,HB-2026-08-P07,TRUE
HbA1c,P2240,PATIENT,,PAT2240,,6.6,%,2026-08-11,ARCH-c4000,M. Kulkarni,HB-2026-08-P08,TRUE
HbA1c,P2241,PATIENT,,PAT2241,,7.5,%,2026-08-12,ARCH-c8000,S. Rao,HB-2026-08-P09,TRUE
HbA1c,P2242,PATIENT,,PAT2242,,4.8,%,2026-08-13,ARCH-c4000,J. Varade,HB-2026-08-P10,TRUE
HbA1c,P2243,PATIENT,,PAT2243,,5.8,%,2026-08-14,ARCH-c8000,M. Kulkarni,HB-2026-08-P11,TRUE
HbA1c,P2244,PATIENT,,PAT2244,,5.4,%,2026-08-15,ARCH-c4000,S. Rao,HB-2026-08-P12,TRUE
HbA1c,P2245,PATIENT,,PAT2245,,7.1,%,2026-08-10,ARCH-c8000,J. Varade,HB-2026-08-P01,TRUE
HbA1c,P2246,PATIENT,,PAT2246,,6.3,%,2026-08-11,ARCH-c4000,M. Kulkarni,HB-2026-08-P02,TRUE
HbA1c,P2247,PATIENT,,PAT2247,,7.6,%,2026-08-12,ARCH-c8000,S. Rao,HB-2026-08-P03,TRUE
HbA1c,P2248,PATIENT,,PAT2248,,14.7,%,2026-08-13,ARCH-c4000,J. Varade,HB-2026-08-P04,TRUE
HbA1c,P2249,PATIENT,,PAT2249,,7.6,%,2026-08-14,ARCH-c8000,M. Kulkarni,HB-2026-08-P05,TRUE
HbA1c,P2250,PATIENT,,PAT2250,,7.4,%,2026-08-15,ARCH-c4000,S. Rao,HB-2026-08-P06,TRUE
HbA1c,P2251,PATIENT,,PAT2251,,6.5,%,2026-08-10,ARCH-c8000,J. Varade,HB-2026-08-P07,TRUE
HbA1c,P2252,PATIENT,,PAT2252,,5.8,%,2026-08-11,ARCH-c4000,M. Kulkarni,HB-2026-08-P08,TRUE
HbA1c,P2253,PATIENT,,PAT2253,,2.2,%,2026-08-12,ARCH-c8000,S. Rao,HB-2026-08-P09,TRUE
HbA1c,P2254,PATIENT,,PAT2254,,7.0,%,2026-08-13,ARCH-c4000,J. Varade,HB-2026-08-P10,TRUE
HbA1c,P2255,PATIENT,,PAT2255,,6.3,%,2026-08-14,ARCH-c8000,M. Kulkarni,HB-2026-08-P11,TRUE
HbA1c,P2256,PATIENT,,PAT2256,,6.3,%,2026-08-15,ARCH-c4000,S. Rao,HB-2026-08-P12,TRUE
HbA1c,P2257,PATIENT,,PAT2257,,6.8,%,2026-08-10,ARCH-c8000,J. Varade,HB-2026-08-P01,TRUE
HbA1c,P2258,PATIENT,,PAT2258,,9.3,%,2026-08-11,ARCH-c4000,M. Kulkarni,HB-2026-08-P02,TRUE
HbA1c,P2259,PATIENT,,PAT2259,,3.1,%,2026-08-12,ARCH-c8000,S. Rao,HB-2026-08-P03,TRUE
HbA1c,P2260,PATIENT,,PAT2260,,4.7,%,2026-08-13,ARCH-c4000,J. Varade,HB-2026-08-P04,TRUE
HbA1c,P2261,PATIENT,,PAT2261,,6.2,%,2026-08-14,ARCH-c8000,M. Kulkarni,HB-2026-08-P05,TRUE
HbA1c,P2262,PATIENT,,PAT2262,,6.9,%,2026-08-15,ARCH-c4000,S. Rao,HB-2026-08-P06,TRUE
HbA1c,P2263,PATIENT,,PAT2263,,6.3,%,2026-08-10,ARCH-c8000,J. Varade,HB-2026-08-P07,TRUE
HbA1c,P2264,PATIENT,,PAT2264,,5.6,%,2026-08-11,ARCH-c4000,M. Kulkarni,HB-2026-08-P08,TRUE
HbA1c,P2265,PATIENT,,PAT2265,,6.8,%,2026-08-12,ARCH-c8000,S. Rao,HB-2026-08-P09,TRUE
HbA1c,P2266,PATIENT,,PAT2266,,5.0,%,2026-08-13,ARCH-c4000,J. Varade,HB-2026-08-P10,TRUE
HbA1c,P2267,PATIENT,,PAT2267,,7.0,%,2026-08-14,ARCH-c8000,M. Kulkarni,HB-2026-08-P11,TRUE
HbA1c,P2268,PATIENT,,PAT2268,,6.3,%,2026-08-15,ARCH-c4000,S. Rao,HB-2026-08-P12,TRUE
HbA1c,P2269,PATIENT,,PAT2269,,7.3,%,2026-08-10,ARCH-c8000,J. Varade,HB-2026-08-P01,TRUE
HbA1c,P2270,PATIENT,,PAT2270,,5.0,%,2026-08-11,ARCH-c4000,M. Kulkarni,HB-2026-08-P02,TRUE
HbA1c,P2271,PATIENT,,PAT2271,,8.2,%,2026-08-12,ARCH-c8000,S. Rao,HB-2026-08-P03,TRUE
HbA1c,P2272,PATIENT,,PAT2272,,5.2,%,2026-08-13,ARCH-c4000,J. Varade,HB-2026-08-P04,TRUE
HbA1c,P2273,PATIENT,,PAT2273,,7.6,%,2026-08-14,ARCH-c8000,M. Kulkarni,HB-2026-08-P05,TRUE
HbA1c,P2274,PATIENT,,PAT2274,,8.0,%,2026-08-15,ARCH-c4000,S. Rao,HB-2026-08-P06,TRUE
HbA1c,P2275,PATIENT,,PAT2275,,7.4,%,2026-08-10,ARCH-c8000,J. Varade,HB-2026-08-P07,TRUE
HbA1c,P2276,PATIENT,,PAT2276,,4.9,%,2026-08-11,ARCH-c4000,M. Kulkarni,HB-2026-08-P08,TRUE
HbA1c,P2277,PATIENT,,PAT2277,,7.5,%,2026-08-12,ARCH-c8000,S. Rao,HB-2026-08-P09,TRUE
HbA1c,P2278,PATIENT,,PAT2278,,5.3,%,2026-08-13,ARCH-c4000,J. Varade,HB-2026-08-P10,TRUE
HbA1c,P2279,PATIENT,,PAT2279,,6.7,%,2026-08-14,ARCH-c8000,M. Kulkarni,HB-2026-08-P11,TRUE
HbA1c,P2280,PATIENT,,PAT2280,,6.4,%,2026-08-15,ARCH-c4000,S. Rao,HB-2026-08-P12,TRUE
HbA1c,P2281,PATIENT,,PAT2281,,6.1,%,2026-08-10,ARCH-c8000,J. Varade,HB-2026-08-P01,TRUE
HbA1c,P2282,PATIENT,,PAT2282,,6.1,%,2026-08-11,ARCH-c4000,M. Kulkarni,HB-2026-08-P02,TRUE
HbA1c,P2283,PATIENT,,PAT2283,,6.6,%,2026-08-12,ARCH-c8000,S. Rao,HB-2026-08-P03,TRUE
HbA1c,P2284,PATIENT,,PAT2284,,6.7,%,2026-08-13,ARCH-c4000,J. Varade,HB-2026-08-P04,TRUE
HbA1c,P2285,PATIENT,,PAT2285,,4.8,%,2026-08-14,ARCH-c8000,M. Kulkarni,HB-2026-08-P05,TRUE
HbA1c,P2286,PATIENT,,PAT2286,,4.9,%,2026-08-15,ARCH-c4000,S. Rao,HB-2026-08-P06,TRUE
HbA1c,P2287,PATIENT,,PAT2287,,6.6,%,2026-08-10,ARCH-c8000,J. Varade,HB-2026-08-P07,TRUE
HbA1c,P2288,PATIENT,,PAT2288,,6.2,%,2026-08-11,ARCH-c4000,M. Kulkarni,HB-2026-08-P08,TRUE
HbA1c,P2289,PATIENT,,PAT2289,,8.9,%,2026-08-12,ARCH-c8000,S. Rao,HB-2026-08-P09,TRUE
HbA1c,P2290,PATIENT,,PAT2290,,5.7,%,2026-08-13,ARCH-c4000,J. Varade,HB-2026-08-P10,TRUE
HbA1c,P2291,PATIENT,,PAT2291,,7.8,%,2026-08-14,ARCH-c8000,M. Kulkarni,HB-2026-08-P11,TRUE
HbA1c,P2292,PATIENT,,PAT2292,,6.5,%,2026-08-15,ARCH-c4000,S. Rao,HB-2026-08-P12,TRUE
HbA1c,P2293,PATIENT,,PAT2293,,10.4,%,2026-08-10,ARCH-c8000,J. Varade,HB-2026-08-P01,TRUE
HbA1c,P2294,PATIENT,,PAT2294,,6.1,%,2026-08-11,ARCH-c4000,M. Kulkarni,HB-2026-08-P02,TRUE
HbA1c,P2295,PATIENT,,PAT2295,,5.8,%,2026-08-12,ARCH-c8000,S. Rao,HB-2026-08-P03,TRUE
HbA1c,P2296,PATIENT,,PAT2296,,5.8,%,2026-08-13,ARCH-c4000,J. Varade,HB-2026-08-P04,TRUE
HbA1c,P2297,PATIENT,,PAT2297,,5.5,%,2026-08-14,ARCH-c8000,M. Kulkarni,HB-2026-08-P05,TRUE
HbA1c,P2298,PATIENT,,PAT2298,,7.1,%,2026-08-15,ARCH-c4000,S. Rao,HB-2026-08-P06,TRUE
HbA1c,P2299,PATIENT,,PAT2299,,7.0,%,2026-08-10,ARCH-c8000,J. Varade,HB-2026-08-P07,TRUE
HbA1c,P2300,PATIENT,,PAT2300,,8.0,%,2026-08-11,ARCH-c4000,M. Kulkarni,HB-2026-08-P08,TRUE
HbA1c,P2301,PATIENT,,PAT2301,,4.2,%,2026-08-12,ARCH-c8000,S. Rao,HB-2026-08-P09,TRUE
HbA1c,P2302,PATIENT,,PAT2302,,6.0,%,2026-08-13,ARCH-c4000,J. Varade,HB-2026-08-P10,TRUE
HbA1c,P2303,PATIENT,,PAT2303,,8.4,%,2026-08-14,ARCH-c8000,M. Kulkarni,HB-2026-08-P11,TRUE
HbA1c,P2304,PATIENT,,PAT2304,,6.6,%,2026-08-15,ARCH-c4000,S. Rao,HB-2026-08-P12,TRUE
HbA1c,P2305,PATIENT,,PAT2305,,9.4,%,2026-08-10,ARCH-c8000,J. Varade,HB-2026-08-P01,TRUE
HbA1c,P2306,PATIENT,,PAT2306,,5.2,%,2026-08-11,ARCH-c4000,M. Kulkarni,HB-2026-08-P02,TRUE
HbA1c,P2307,PATIENT,,PAT2307,,7.0,%,2026-08-12,ARCH-c8000,S. Rao,HB-2026-08-P03,TRUE
HbA1c,P2308,PATIENT,,PAT2308,,5.2,%,2026-08-13,ARCH-c4000,J. Varade,HB-2026-08-P04,TRUE
HbA1c,P2309,PATIENT,,PAT2309,,6.1,%,2026-08-14,ARCH-c8000,M. Kulkarni,HB-2026-08-P05,TRUE
HbA1c,P2310,PATIENT,,PAT2310,,6.1,%,2026-08-15,ARCH-c4000,S. Rao,HB-2026-08-P06,TRUE
HbA1c,P2311,PATIENT,,PAT2311,,7.1,%,2026-08-10,ARCH-c8000,J. Varade,HB-2026-08-P07,TRUE
HbA1c,P2312,PATIENT,,PAT2312,,6.7,%,2026-08-11,ARCH-c4000,M. Kulkarni,HB-2026-08-P08,TRUE
HbA1c,P2313,PATIENT,,PAT2313,,7.1,%,2026-08-12,ARCH-c8000,S. Rao,HB-2026-08-P09,TRUE
HbA1c,P2314,PATIENT,,PAT2314,,6.4,%,2026-08-13,ARCH-c4000,J. Varade,HB-2026-08-P10,TRUE
HbA1c,P2315,PATIENT,,PAT2315,,4.4,%,2026-08-14,ARCH-c8000,M. Kulkarni,HB-2026-08-P11,TRUE
HbA1c,P2316,PATIENT,,PAT2316,,7.5,%,2026-08-15,ARCH-c4000,S. Rao,HB-2026-08-P12,TRUE
HbA1c,P2317,PATIENT,,PAT2317,,6.0,%,2026-08-10,ARCH-c8000,J. Varade,HB-2026-08-P01,TRUE
HbA1c,P2318,PATIENT,,PAT2318,,6.2,%,2026-08-11,ARCH-c4000,M. Kulkarni,HB-2026-08-P02,TRUE
HbA1c,P2319,PATIENT,,PAT2319,,6.6,%,2026-08-12,ARCH-c8000,S. Rao,HB-2026-08-P03,TRUE
HbA1c,P2320,PATIENT,,PAT2320,,8.2,%,2026-08-13,ARCH-c4000,J. Varade,HB-2026-08-P04,TRUE
HbA1c,P2321,PATIENT,,PAT2321,,6.5,%,2026-08-14,ARCH-c8000,M. Kulkarni,HB-2026-08-P05,TRUE
HbA1c,P2322,PATIENT,,PAT2322,,6.0,%,2026-08-15,ARCH-c4000,S. Rao,HB-2026-08-P06,TRUE
HbA1c,P2323,PATIENT,,PAT2323,,8.2,%,2026-08-10,ARCH-c8000,J. Varade,HB-2026-08-P07,TRUE
HbA1c,P2324,PATIENT,,PAT2324,,10.2,%,2026-08-11,ARCH-c4000,M. Kulkarni,HB-2026-08-P08,TRUE
HbA1c,P2325,PATIENT,,PAT2325,,5.6,%,2026-08-12,ARCH-c8000,S. Rao,HB-2026-08-P09,TRUE
HbA1c,P2326,PATIENT,,PAT2326,,9.0,%,2026-08-13,ARCH-c4000,J. Varade,HB-2026-08-P10,TRUE
HbA1c,P2327,PATIENT,,PAT2327,,5.0,%,2026-08-14,ARCH-c8000,M. Kulkarni,HB-2026-08-P11,TRUE
HbA1c,P2328,PATIENT,,PAT2328,,7.6,%,2026-08-15,ARCH-c4000,S. Rao,HB-2026-08-P12,TRUE
HbA1c,P2329,PATIENT,,PAT2329,,6.3,%,2026-08-10,ARCH-c8000,J. Varade,HB-2026-08-P01,FALSE
HbA1c,P2330,PATIENT,,PAT2330,,7.6,%,2026-08-11,ARCH-c4000,M. Kulkarni,HB-2026-08-P02,TRUE
HbA1c,P2331,PATIENT,,PAT2331,,5.3,%,2026-08-12,ARCH-c8000,S. Rao,HB-2026-08-P03,TRUE
HbA1c,P2332,PATIENT,,PAT2332,,16.6,%,2026-08-13,ARCH-c4000,J. Varade,HB-2026-08-P04,TRUE
HbA1c,P2333,PATIENT,,PAT2333,,6.7,%,2026-08-14,ARCH-c8000,M. Kulkarni,HB-2026-08-P05,TRUE
HbA1c,P2334,PATIENT,,PAT2334,,5.7,%,2026-08-15,ARCH-c4000,S. Rao,HB-2026-08-P06,TRUE
HbA1c,P2335,PATIENT,,PAT2335,,6.1,%,2026-08-10,ARCH-c8000,J. Varade,HB-2026-08-P07,TRUE
HbA1c,P2336,PATIENT,,PAT2336,,7.1,%,2026-08-11,ARCH-c4000,M. Kulkarni,HB-2026-08-P08,TRUE
HbA1c,P2337,PATIENT,,PAT2337,,8.7,%,2026-08-12,ARCH-c8000,S. Rao,HB-2026-08-P09,TRUE
HbA1c,P2338,PATIENT,,PAT2338,,6.6,%,2026-08-13,ARCH-c4000,J. Varade,HB-2026-08-P10,TRUE
HbA1c,P2339,PATIENT,,PAT2339,,7.7,%,2026-08-14,ARCH-c8000,M. Kulkarni,HB-2026-08-P11,TRUE
HbA1c,P2340,PATIENT,,PAT2340,,7.3,%,2026-08-15,ARCH-c4000,S. Rao,HB-2026-08-P12,TRUE
HbA1c,P2341,PATIENT,,PAT2341,,7.8,%,2026-08-10,ARCH-c8000,J. Varade,HB-2026-08-P01,TRUE
HbA1c,P2342,PATIENT,,PAT2342,,7.5,%,2026-08-11,ARCH-c4000,M. Kulkarni,HB-2026-08-P02,TRUE
HbA1c,P2343,PATIENT,,PAT2343,,6.3,%,2026-08-12,ARCH-c8000,S. Rao,HB-2026-08-P03,TRUE
HbA1c,P2344,PATIENT,,PAT2344,,8.1,%,2026-08-13,ARCH-c4000,J. Varade,HB-2026-08-P04,TRUE
HbA1c,P2345,PATIENT,,PAT2345,,6.5,%,2026-08-14,ARCH-c8000,M. Kulkarni,HB-2026-08-P05,TRUE
HbA1c,P2346,PATIENT,,PAT2346,,3.2,%,2026-08-15,ARCH-c4000,S. Rao,HB-2026-08-P06,TRUE
HbA1c,P2347,PATIENT,,PAT2347,,8.6,%,2026-08-10,ARCH-c8000,J. Varade,HB-2026-08-P07,TRUE
HbA1c,P2348,PATIENT,,PAT2348,,8.1,%,2026-08-11,ARCH-c4000,M. Kulkarni,HB-2026-08-P08,TRUE
HbA1c,P2349,PATIENT,,PAT2349,,7.1,%,2026-08-12,ARCH-c8000,S. Rao,HB-2026-08-P09,TRUE
HbA1c,P2350,PATIENT,,PAT2350,,7.8,%,2026-08-13,ARCH-c4000,J. Varade,HB-2026-08-P10,TRUE
HbA1c,P2351,PATIENT,,PAT2351,,6.8,%,2026-08-14,ARCH-c8000,M. Kulkarni,HB-2026-08-P11,TRUE
HbA1c,P2352,PATIENT,,PAT2352,,6.2,%,2026-08-15,ARCH-c4000,S. Rao,HB-2026-08-P12,TRUE
HbA1c,P2353,PATIENT,,PAT2353,,6.7,%,2026-08-10,ARCH-c8000,J. Varade,HB-2026-08-P01,TRUE
HbA1c,P2354,PATIENT,,PAT2354,,4.2,%,2026-08-11,ARCH-c4000,M. Kulkarni,HB-2026-08-P02,TRUE
HbA1c,P2355,PATIENT,,PAT2355,,4.8,%,2026-08-12,ARCH-c8000,S. Rao,HB-2026-08-P03,TRUE
HbA1c,P2356,PATIENT,,PAT2356,,4.9,%,2026-08-13,ARCH-c4000,J. Varade,HB-2026-08-P04,TRUE
HbA1c,P2357,PATIENT,,PAT2357,,7.0,%,2026-08-14,ARCH-c8000,M. Kulkarni,HB-2026-08-P05,TRUE
HbA1c,P2358,PATIENT,,PAT2358,,7.3,%,2026-08-15,ARCH-c4000,S. Rao,HB-2026-08-P06,TRUE
HbA1c,P2359,PATIENT,,PAT2359,,7.9,%,2026-08-10,ARCH-c8000,J. Varade,HB-2026-08-P07,TRUE
HbA1c,P2360,PATIENT,,PAT2360,,5.8,%,2026-08-11,ARCH-c4000,M. Kulkarni,HB-2026-08-P08,TRUE
HbA1c,P2361,PATIENT,,PAT2361,,6.0,%,2026-08-12,ARCH-c8000,S. Rao,HB-2026-08-P09,TRUE
HbA1c,P2362,PATIENT,,PAT2362,,6.6,%,2026-08-13,ARCH-c4000,J. Varade,HB-2026-08-P10,TRUE
HbA1c,P2363,PATIENT,,PAT2363,,7.0,%,2026-08-14,ARCH-c8000,M. Kulkarni,HB-2026-08-P11,TRUE
HbA1c,P2364,PATIENT,,PAT2364,,6.1,%,2026-08-15,ARCH-c4000,S. Rao,HB-2026-08-P12,TRUE
HbA1c,P2365,PATIENT,,PAT2365,,5.9,%,2026-08-10,ARCH-c8000,J. Varade,HB-2026-08-P01,TRUE
HbA1c,P2366,PATIENT,,PAT2366,,6.6,%,2026-08-11,ARCH-c4000,M. Kulkarni,HB-2026-08-P02,TRUE
HbA1c,P2367,PATIENT,,PAT2367,,7.8,%,2026-08-12,ARCH-c8000,S. Rao,HB-2026-08-P03,TRUE
HbA1c,P2368,PATIENT,,PAT2368,,7.6,%,2026-08-13,ARCH-c4000,J. Varade,HB-2026-08-P04,TRUE
HbA1c,P2369,PATIENT,,PAT2369,,5.6,%,2026-08-14,ARCH-c8000,M. Kulkarni,HB-2026-08-P05,TRUE
HbA1c,P2370,PATIENT,,PAT2370,,7.8,%,2026-08-15,ARCH-c4000,S. Rao,HB-2026-08-P06,TRUE
HbA1c,P2371,PATIENT,,PAT2371,,6.5,%,2026-08-10,ARCH-c8000,J. Varade,HB-2026-08-P07,TRUE
HbA1c,P2372,PATIENT,,PAT2372,,7.5,%,2026-08-11,ARCH-c4000,M. Kulkarni,HB-2026-08-P08,TRUE
HbA1c,P2373,PATIENT,,PAT2373,,8.1,%,2026-08-12,ARCH-c8000,S. Rao,HB-2026-08-P09,TRUE
HbA1c,P2374,PATIENT,,PAT2374,,7.8,%,2026-08-13,ARCH-c4000,J. Varade,HB-2026-08-P10,TRUE
HbA1c,P2375,PATIENT,,PAT2375,,4.8,%,2026-08-14,ARCH-c8000,M. Kulkarni,HB-2026-08-P11,TRUE
HbA1c,P2376,PATIENT,,PAT2376,,7.4,%,2026-08-15,ARCH-c4000,S. Rao,HB-2026-08-P12,TRUE
HbA1c,P2377,PATIENT,,PAT2377,,6.0,%,2026-08-10,ARCH-c8000,J. Varade,HB-2026-08-P01,TRUE
HbA1c,P2378,PATIENT,,PAT2378,,5.9,%,2026-08-11,ARCH-c4000,M. Kulkarni,HB-2026-08-P02,TRUE
HbA1c,P2379,PATIENT,,PAT2379,,6.7,%,2026-08-12,ARCH-c8000,S. Rao,HB-2026-08-P03,TRUE
HbA1c,P2380,PATIENT,,PAT2380,,6.8,%,2026-08-13,ARCH-c4000,J. Varade,HB-2026-08-P04,TRUE
HbA1c,P2381,PATIENT,,PAT2381,,5.9,%,2026-08-14,ARCH-c8000,M. Kulkarni,HB-2026-08-P05,TRUE
HbA1c,P2382,PATIENT,,PAT2382,,6.9,%,2026-08-15,ARCH-c4000,S. Rao,HB-2026-08-P06,TRUE
HbA1c,P2383,PATIENT,,PAT2383,,6.9,%,2026-08-10,ARCH-c8000,J. Varade,HB-2026-08-P07,TRUE
HbA1c,P2384,PATIENT,,PAT2384,,6.5,%,2026-08-11,ARCH-c4000,M. Kulkarni,HB-2026-08-P08,TRUE
HbA1c,P2385,PATIENT,,PAT2385,,10.3,%,2026-08-12,ARCH-c8000,S. Rao,HB-2026-08-P09,TRUE
HbA1c,P2386,PATIENT,,PAT2386,,6.5,%,2026-08-13,ARCH-c4000,J. Varade,HB-2026-08-P10,TRUE
HbA1c,P2387,PATIENT,,PAT2387,,6.0,%,2026-08-14,ARCH-c8000,M. Kulkarni,HB-2026-08-P11,TRUE
HbA1c,P2388,PATIENT,,PAT2388,,7.2,%,2026-08-15,ARCH-c4000,S. Rao,HB-2026-08-P12,TRUE
HbA1c,P2389,PATIENT,,PAT2389,,7.4,%,2026-08-10,ARCH-c8000,J. Varade,HB-2026-08-P01,TRUE
HbA1c,P2390,PATIENT,,PAT2390,,7.0,%,2026-08-11,ARCH-c4000,M. Kulkarni,HB-2026-08-P02,TRUE
HbA1c,P2391,PATIENT,,PAT2391,,8.4,%,2026-08-12,ARCH-c8000,S. Rao,HB-2026-08-P03,TRUE
HbA1c,P2392,PATIENT,,PAT2392,,7.5,%,2026-08-13,ARCH-c4000,J. Varade,HB-2026-08-P04,TRUE
HbA1c,P2393,PATIENT,,PAT2393,,2.4,%,2026-08-14,ARCH-c8000,M. Kulkarni,HB-2026-08-P05,TRUE
HbA1c,P2394,PATIENT,,PAT2394,,8.7,%,2026-08-15,ARCH-c4000,S. Rao,HB-2026-08-P06,TRUE
HbA1c,P2395,PATIENT,,PAT2395,,6.6,%,2026-08-10,ARCH-c8000,J. Varade,HB-2026-08-P07,TRUE
HbA1c,P2396,PATIENT,,PAT2396,,6.7,%,2026-08-11,ARCH-c4000,M. Kulkarni,HB-2026-08-P08,TRUE
HbA1c,P2397,PATIENT,,PAT2397,,9.2,%,2026-08-12,ARCH-c8000,S. Rao,HB-2026-08-P09,TRUE
HbA1c,P2398,PATIENT,,PAT2398,,8.9,%,2026-08-13,ARCH-c4000,J. Varade,HB-2026-08-P10,TRUE
HbA1c,P2399,PATIENT,,PAT2399,,7.0,%,2026-08-14,ARCH-c8000,M. Kulkarni,HB-2026-08-P11,TRUE
HbA1c,P2400,PATIENT,,PAT2400,,7.6,%,2026-08-15,ARCH-c4000,S. Rao,HB-2026-08-P12,TRUE
HbA1c,P2401,PATIENT,,PAT2401,,6.8,%,2026-08-10,ARCH-c8000,J. Varade,HB-2026-08-P01,TRUE
HbA1c,P2402,PATIENT,,PAT2402,,9.4,%,2026-08-11,ARCH-c4000,M. Kulkarni,HB-2026-08-P02,TRUE
HbA1c,P2403,PATIENT,,PAT2403,,8.4,%,2026-08-12,ARCH-c8000,S. Rao,HB-2026-08-P03,TRUE
HbA1c,P2404,PATIENT,,PAT2404,,6.4,%,2026-08-13,ARCH-c4000,J. Varade,HB-2026-08-P04,TRUE
HbA1c,P2405,PATIENT,,PAT2405,,7.4,%,2026-08-14,ARCH-c8000,M. Kulkarni,HB-2026-08-P05,TRUE
HbA1c,P2406,PATIENT,,PAT2406,,6.7,%,2026-08-15,ARCH-c4000,S. Rao,HB-2026-08-P06,TRUE
HbA1c,P2407,PATIENT,,PAT2407,,6.8,%,2026-08-10,ARCH-c8000,J. Varade,HB-2026-08-P07,TRUE
HbA1c,P2408,PATIENT,,PAT2408,,4.2,%,2026-08-11,ARCH-c4000,M. Kulkarni,HB-2026-08-P08,TRUE
HbA1c,P2409,PATIENT,,PAT2409,,2.9,%,2026-08-12,ARCH-c8000,S. Rao,HB-2026-08-P09,TRUE
HbA1c,P2410,PATIENT,,PAT2410,,6.0,%,2026-08-13,ARCH-c4000,J. Varade,HB-2026-08-P10,TRUE
HbA1c,P2411,PATIENT,,PAT2411,,7.3,%,2026-08-14,ARCH-c8000,M. Kulkarni,HB-2026-08-P11,TRUE
HbA1c,P2412,PATIENT,,PAT2412,,9.4,%,2026-08-15,ARCH-c4000,S. Rao,HB-2026-08-P12,TRUE
HbA1c,P2413,PATIENT,,PAT2413,,5.4,%,2026-08-10,ARCH-c8000,J. Varade,HB-2026-08-P01,TRUE
HbA1c,P2414,PATIENT,,PAT2414,,6.8,%,2026-08-11,ARCH-c4000,M. Kulkarni,HB-2026-08-P02,TRUE
HbA1c,P2415,PATIENT,,PAT2415,,7.0,%,2026-08-12,ARCH-c8000,S. Rao,HB-2026-08-P03,TRUE
HbA1c,P2416,PATIENT,,PAT2416,,5.3,%,2026-08-13,ARCH-c4000,J. Varade,HB-2026-08-P04,TRUE
HbA1c,P2417,PATIENT,,PAT2417,,6.7,%,2026-08-14,ARCH-c8000,M. Kulkarni,HB-2026-08-P05,TRUE
HbA1c,P2418,PATIENT,,PAT2418,,6.5,%,2026-08-15,ARCH-c4000,S. Rao,HB-2026-08-P06,TRUE
HbA1c,P2419,PATIENT,,PAT2419,,7.6,%,2026-08-10,ARCH-c8000,J. Varade,HB-2026-08-P07,TRUE
HbA1c,P2420,PATIENT,,PAT2420,,5.7,%,2026-08-11,ARCH-c4000,M. Kulkarni,HB-2026-08-P08,TRUE
HbA1c,P2421,PATIENT,,PAT2421,,7.2,%,2026-08-12,ARCH-c8000,S. Rao,HB-2026-08-P09,TRUE
HbA1c,P2422,PATIENT,,PAT2422,,7.4,%,2026-08-13,ARCH-c4000,J. Varade,HB-2026-08-P10,TRUE
HbA1c,P2423,PATIENT,,PAT2423,,7.5,%,2026-08-14,ARCH-c8000,M. Kulkarni,HB-2026-08-P11,TRUE
HbA1c,P2424,PATIENT,,PAT2424,,6.5,%,2026-08-15,ARCH-c4000,S. Rao,HB-2026-08-P12,TRUE
HbA1c,P2425,PATIENT,,PAT2425,,5.9,%,2026-08-10,ARCH-c8000,J. Varade,HB-2026-08-P01,TRUE
HbA1c,P2426,PATIENT,,PAT2426,,5.8,%,2026-08-11,ARCH-c4000,M. Kulkarni,HB-2026-08-P02,FALSE
HbA1c,P2427,PATIENT,,PAT2427,,6.8,%,2026-08-12,ARCH-c8000,S. Rao,HB-2026-08-P03,TRUE
HbA1c,P2428,PATIENT,,PAT2428,,6.8,%,2026-08-13,ARCH-c4000,J. Varade,HB-2026-08-P04,TRUE
HbA1c,P2429,PATIENT,,PAT2429,,8.1,%,2026-08-14,ARCH-c8000,M. Kulkarni,HB-2026-08-P05,TRUE
HbA1c,P2430,PATIENT,,PAT2430,,8.1,%,2026-08-15,ARCH-c4000,S. Rao,HB-2026-08-P06,TRUE
HbA1c,P2431,PATIENT,,PAT2431,,6.6,%,2026-08-10,ARCH-c8000,J. Varade,HB-2026-08-P07,TRUE
HbA1c,P2432,PATIENT,,PAT2432,,7.0,%,2026-08-11,ARCH-c4000,M. Kulkarni,HB-2026-08-P08,TRUE
HbA1c,P2433,PATIENT,,PAT2433,,7.8,%,2026-08-12,ARCH-c8000,S. Rao,HB-2026-08-P09,TRUE
HbA1c,P2434,PATIENT,,PAT2434,,6.9,%,2026-08-13,ARCH-c4000,J. Varade,HB-2026-08-P10,TRUE
HbA1c,P2435,PATIENT,,PAT2435,,7.9,%,2026-08-14,ARCH-c8000,M. Kulkarni,HB-2026-08-P11,TRUE
HbA1c,P2436,PATIENT,,PAT2436,,9.4,%,2026-08-15,ARCH-c4000,S. Rao,HB-2026-08-P12,TRUE
HbA1c,P2437,PATIENT,,PAT2437,,6.9,%,2026-08-10,ARCH-c8000,J. Varade,HB-2026-08-P01,TRUE
HbA1c,P2438,PATIENT,,PAT2438,,14.5,%,2026-08-11,ARCH-c4000,M. Kulkarni,HB-2026-08-P02,TRUE
HbA1c,P2439,PATIENT,,PAT2439,,7.7,%,2026-08-12,ARCH-c8000,S. Rao,HB-2026-08-P03,TRUE
HbA1c,P2440,PATIENT,,PAT2440,,6.7,%,2026-08-13,ARCH-c4000,J. Varade,HB-2026-08-P04,TRUE
HbA1c,P2441,PATIENT,,PAT2441,,6.3,%,2026-08-14,ARCH-c8000,M. Kulkarni,HB-2026-08-P05,TRUE
HbA1c,P2442,PATIENT,,PAT2442,,6.9,%,2026-08-15,ARCH-c4000,S. Rao,HB-2026-08-P06,TRUE
HbA1c,P2443,PATIENT,,PAT2443,,7.2,%,2026-08-10,ARCH-c8000,J. Varade,HB-2026-08-P07,TRUE
HbA1c,P2444,PATIENT,,PAT2444,,7.5,%,2026-08-11,ARCH-c4000,M. Kulkarni,HB-2026-08-P08,TRUE
HbA1c,P2445,PATIENT,,PAT2445,,7.3,%,2026-08-12,ARCH-c8000,S. Rao,HB-2026-08-P09,TRUE
HbA1c,P2446,PATIENT,,PAT2446,,9.4,%,2026-08-13,ARCH-c4000,J. Varade,HB-2026-08-P10,TRUE
HbA1c,P2447,PATIENT,,PAT2447,,2.9,%,2026-08-14,ARCH-c8000,M. Kulkarni,HB-2026-08-P11,TRUE
HbA1c,P2448,PATIENT,,PAT2448,,7.8,%,2026-08-15,ARCH-c4000,S. Rao,HB-2026-08-P12,TRUE
HbA1c,P2449,PATIENT,,PAT2449,,5.0,%,2026-08-10,ARCH-c8000,J. Varade,HB-2026-08-P01,TRUE
HbA1c,P2450,PATIENT,,PAT2450,,6.3,%,2026-08-11,ARCH-c4000,M. Kulkarni,HB-2026-08-P02,TRUE
HbA1c,P2451,PATIENT,,PAT2451,,9.4,%,2026-08-12,ARCH-c8000,S. Rao,HB-2026-08-P03,TRUE
HbA1c,P2452,PATIENT,,PAT2452,,7.1,%,2026-08-13,ARCH-c4000,J. Varade,HB-2026-08-P04,TRUE
HbA1c,P2453,PATIENT,,PAT2453,,16.5,%,2026-08-14,ARCH-c8000,M. Kulkarni,HB-2026-08-P05,TRUE
HbA1c,P2454,PATIENT,,PAT2454,,8.2,%,2026-08-15,ARCH-c4000,S. Rao,HB-2026-08-P06,TRUE
HbA1c,P2455,PATIENT,,PAT2455,,4.9,%,2026-08-10,ARCH-c8000,J. Varade,HB-2026-08-P07,TRUE
HbA1c,P2456,PATIENT,,PAT2456,,6.5,%,2026-08-11,ARCH-c4000,M. Kulkarni,HB-2026-08-P08,TRUE
HbA1c,P2457,PATIENT,,PAT2457,,6.4,%,2026-08-12,ARCH-c8000,S. Rao,HB-2026-08-P09,TRUE
HbA1c,P2458,PATIENT,,PAT2458,,2.5,%,2026-08-13,ARCH-c4000,J. Varade,HB-2026-08-P10,TRUE
HbA1c,P2459,PATIENT,,PAT2459,,8.0,%,2026-08-14,ARCH-c8000,M. Kulkarni,HB-2026-08-P11,TRUE
HbA1c,P2460,PATIENT,,PAT2460,,7.3,%,2026-08-15,ARCH-c4000,S. Rao,HB-2026-08-P12,TRUE
HbA1c,P2461,PATIENT,,PAT2461,,6.9,%,2026-08-10,ARCH-c8000,J. Varade,HB-2026-08-P01,TRUE
HbA1c,P2462,PATIENT,,PAT2462,,----,%,2026-08-11,ARCH-c4000,M. Kulkarni,HB-2026-08-P02,FALSE
HbA1c,P2463,PATIENT,,PAT2463,,7.5,%,2026-08-12,ARCH-c8000,S. Rao,HB-2026-08-P03,TRUE
HbA1c,P2464,PATIENT,,PAT2464,,6.9,%,2026-08-13,ARCH-c4000,J. Varade,HB-2026-08-P04,TRUE
HbA1c,P2465,PATIENT,,PAT2465,,15.8,%,2026-08-14,ARCH-c8000,M. Kulkarni,HB-2026-08-P05,TRUE
HbA1c,P2466,PATIENT,,PAT2466,,7.7,%,2026-08-15,ARCH-c4000,S. Rao,HB-2026-08-P06,TRUE
HbA1c,P2467,PATIENT,,PAT2467,,8.0,%,2026-08-10,ARCH-c8000,J. Varade,HB-2026-08-P07,TRUE
HbA1c,P2468,PATIENT,,PAT2468,,6.9,%,2026-08-11,ARCH-c4000,M. Kulkarni,HB-2026-08-P08,TRUE
HbA1c,P2469,PATIENT,,PAT2469,,2.5,%,2026-08-12,ARCH-c8000,S. Rao,HB-2026-08-P09,TRUE
HbA1c,P2470,PATIENT,,PAT2470,,8.2,%,2026-08-13,ARCH-c4000,J. Varade,HB-2026-08-P10,TRUE