Analyte Name,Sample ID,Sample Type,Control Level,Patient ID,Expected Value,Result,Unit,Run Date,Instrument,Operator,Batch ID,QC Flag
Total Cholesterol,C001,CONTROL,L1,,120.0,118.6,mg/dL,2026-08-10,COBAS-501,A. Deshmukh,LP-2026-08-C01,TRUE
Total Cholesterol,C002,CONTROL,L2,,240.0,240.5,mg/dL,2026-08-11,COBAS-702,R. Patel,LP-2026-08-C02,TRUE
Total Cholesterol,C003,CONTROL,L1,,120.0,121.6,mg/dL,2026-08-12,COBAS-501,A. Deshmukh,LP-2026-08-C03,TRUE
Total Cholesterol,C004,CONTROL,L2,,240.0,236.8,mg/dL,2026-08-13,COBAS-702,R. Patel,LP-2026-08-C01,TRUE
Total Cholesterol,C005,CONTROL,L1,,120.0,120.0,mg/dL,2026-08-14,COBAS-501,A. Deshmukh,LP-2026-08-C02,TRUE
Total Cholesterol,C006,CONTROL,L2,,240.0,238.8,mg/dL,2026-08-10,COBAS-702,R. Patel,LP-2026-08-C03,TRUE
Total Cholesterol,C007,CONTROL,L1,,120.0,118.9,mg/dL,2026-08-11,COBAS-501,A. Deshmukh,LP-2026-08-C01,TRUE
Total Cholesterol,C008,CONTROL,L2,,240.0,271.2,mg/dL,2026-08-12,COBAS-702,R. Patel,LP-2026-08-C02,TRUE
Total Cholesterol,C009,CONTROL,L1,,120.0,119.4,mg/dL,2026-08-13,COBAS-501,A. Deshmukh,LP-2026-08-C03,TRUE
Total Cholesterol,C010,CONTROL,L2,,240.0,242.4,mg/dL,2026-08-14,COBAS-702,R. Patel,LP-2026-08-C01,TRUE
Total Cholesterol,C011,CONTROL,L1,,120.0,121.3,mg/dL,2026-08-10,COBAS-501,A. Deshmukh,LP-2026-08-C02,TRUE
Total Cholesterol,C012,CONTROL,L2,,240.0,238.7,mg/dL,2026-08-11,COBAS-702,R. Patel,LP-2026-08-C03,TRUE
Total Cholesterol,C013,CONTROL,L1,,120.0,118.9,mg/dL,2026-08-12,COBAS-501,A. Deshmukh,LP-2026-08-C01,TRUE
Total Cholesterol,C014,CONTROL,L2,,240.0,242.7,mg/dL,2026-08-13,COBAS-702,R. Patel,LP-2026-08-C02,TRUE
Total Cholesterol,C015,CONTROL,L1,,120.0,121.7,mg/dL,2026-08-14,COBAS-501,A. Deshmukh,LP-2026-08-C03,TRUE
Total Cholesterol,C016,CONTROL,L2,,240.0,242.2,mg/dL,2026-08-10,COBAS-702,R. Patel,LP-2026-08-C01,TRUE
Total Cholesterol,CAL001,CALIBRATION,L1,,100.0,100.8,mg/dL,2026-08-10,COBAS-501,R. Patel,LP-2026-08-K01,TRUE
Total Cholesterol,CAL002,CALIBRATION,L2,,200.0,198.2,mg/dL,2026-08-11,COBAS-702,A. Deshmukh,LP-2026-08-K02,TRUE
Total Cholesterol,CAL003,CALIBRATION,L3,,300.0,297.2,mg/dL,2026-08-12,COBAS-501,R. Patel,LP-2026-08-K01,TRUE
Total Cholesterol,CAL004,CALIBRATION,L1,,100.0,100.8,mg/dL,2026-08-13,COBAS-702,A. Deshmukh,LP-2026-08-K02,TRUE
Total Cholesterol,CAL005,CALIBRATION,L2,,200.0,201.8,mg/dL,2026-08-10,COBAS-501,R. Patel,LP-2026-08-K01,TRUE
Total Cholesterol,CAL006,CALIBRATION,L3,,300.0,342.0,mg/dL,2026-08-11,COBAS-702,A. Deshmukh,LP-2026-08-K02,TRUE
Total Cholesterol,CAL007,CALIBRATION,L1,,100.0,98.9,mg/dL,2026-08-12,COBAS-501,R. Patel,LP-2026-08-K01,TRUE
Total Cholesterol,CAL008,CALIBRATION,L2,,200.0,201.9,mg/dL,2026-08-13,COBAS-702,A. Deshmukh,LP-2026-08-K02,TRUE
Total Cholesterol,CAL009,CALIBRATION,L3,,300.0,301.5,mg/dL,2026-08-10,COBAS-501,R. Patel,LP-2026-08-K01,TRUE
Total Cholesterol,P0001,PATIENT,,PAT0001,,221,mg/dL,2026-08-10,COBAS-501,A. Deshmukh,LP-2026-08-P01,FALSE
Total Cholesterol,P0002,PATIENT,,PAT0002,,197,mg/dL,2026-08-11,COBAS-702,R. Patel,LP-2026-08-P02,TRUE
Total Cholesterol,P0003,PATIENT,,PAT0003,,201,mg/dL,2026-08-12,COBAS-501,A. Deshmukh,LP-2026-08-P03,TRUE
Total Cholesterol,P0004,PATIENT,,PAT0004,,204,mg/dL,2026-08-13,COBAS-702,R. Patel,LP-2026-08-P04,TRUE
Total Cholesterol,P0005,PATIENT,,PAT0005,,177,mg/dL,2026-08-14,COBAS-501,A. Deshmukh,LP-2026-08-P05,TRUE
Total Cholesterol,P0006,PATIENT,,PAT0006,,208,mg/dL,2026-08-15,COBAS-702,R. Patel,LP-2026-08-P06,TRUE
Total Cholesterol,P0007,PATIENT,,PAT0007,,205,mg/dL,2026-08-10,COBAS-501,A. Deshmukh,LP-2026-08-P07,TRUE
Total Cholesterol,P0008,PATIENT,,PAT0008,,194,mg/dL,2026-08-11,COBAS-702,R. Patel,LP-2026-08-P08,TRUE
Total Cholesterol,P0009,PATIENT,,PAT0009,,239,mg/dL,2026-08-12,COBAS-501,A. Deshmukh,LP-2026-08-P09,TRUE
Total Cholesterol,P0010,PATIENT,,PAT0010,,206,mg/dL,2026-08-13,COBAS-702,R. Patel,LP-2026-08-P10,TRUE
Total Cholesterol,P0011,PATIENT,,PAT0011,,146,mg/dL,2026-08-14,COBAS-501,A. Deshmukh,LP-2026-08-P11,TRUE
Total Cholesterol,P0012,PATIENT,,PAT0012,,250,mg/dL,2026-08-15,COBAS-702,R. Patel,LP-2026-08-P12,TRUE
Total Cholesterol,P0013,PATIENT,,PAT0013,,179,mg/dL,2026-08-10,COBAS-501,A. Deshmukh,LP-2026-08-P01,TRUE
Total Cholesterol,P0014,PATIENT,,PAT0014,,189,mg/dL,2026-08-11,COBAS-702,R. Patel,LP-2026-08-P02,TRUE
Total Cholesterol,P0015,PATIENT,,PAT0015,,160,mg/dL,2026-08-12,COBAS-501,A. Deshmukh,LP-2026-08-P03,TRUE
Total Cholesterol,P0016,PATIENT,,PAT0016,,191,mg/dL,2026-08-13,COBAS-702,R. Patel,LP-2026-08-P04,TRUE
Total Cholesterol,P0017,PATIENT,,PAT0017,,215,mg/dL,2026-08-14,COBAS-501,A. Deshmukh,LP-2026-08-P05,TRUE
Total Cholesterol,P0018,PATIENT,,PAT0018,,200,mg/dL,2026-08-15,COBAS-702,R. Patel,LP-2026-08-P06,TRUE
Total Cholesterol,P0019,PATIENT,,PAT0019,,200,mg/dL,2026-08-10,COBAS-501,A. Deshmukh,LP-2026-08-P07,TRUE
Total Cholesterol,P0020,PATIENT,,PAT0020,,207,mg/dL,2026-08-11,COBAS-702,R. Patel,LP-2026-08-P08,TRUE
Total Cholesterol,P0021,PATIENT,,PAT0021,,156,mg/dL,2026-08-12,COBAS-501,A. Deshmukh,LP-2026-08-P09,TRUE
Total Cholesterol,P0022,PATIENT,,PAT0022,,365,mg/dL,2026-08-13,COBAS-702,R. Patel,LP-2026-08-P10,TRUE
Total Cholesterol,P0023,PATIENT,,PAT0023,,185,mg/dL,2026-08-14,COBAS-501,A. Deshmukh,LP-2026-08-P11,TRUE
Total Cholesterol,P0024,PATIENT,,PAT0024,,187,mg/dL,2026-08-15,COBAS-702,R. Patel,LP-2026-08-P12,TRUE
Total Cholesterol,P0025,PATIENT,,PAT0025,,147,mg/dL,2026-08-10,COBAS-501,A. Deshmukh,LP-2026-08-P01,TRUE
Total Cholesterol,P0026,PATIENT,,PAT0026,,196,mg/dL,2026-08-11,COBAS-702,R. Patel,LP-2026-08-P02,TRUE
Total Cholesterol,P0027,PATIENT,,PAT0027,,186,mg/dL,2026-08-12,COBAS-501,A. Deshmukh,LP-2026-08-P03,TRUE
Total Cholesterol,P0028,PATIENT,,PAT0028,,200,mg/dL,2026-08-13,COBAS-702,R. Patel,LP-2026-08-P04,TRUE
Total Cholesterol,P0029,PATIENT,,PAT0029,,167,mg/dL,2026-08-14,COBAS-501,A. Deshmukh,LP-2026-08-P05,TRUE
Total Cholesterol,P0030,PATIENT,,PAT0030,,370,mg/dL,2026-08-15,COBAS-702,R. Patel,LP-2026-08-P06,TRUE
Total Cholesterol,P0031,PATIENT,,PAT0031,,186,mg/dL,2026-08-10,COBAS-501,A. Deshmukh,LP-2026-08-P07,TRUE
Total Cholesterol,P0032,PATIENT,,PAT0032,,208,mg/dL,2026-08-11,COBAS-702,R. Patel,LP-2026-08-P08,TRUE
Total Cholesterol,P0033,PATIENT,,PAT0033,,159,mg/dL,2026-08-12,COBAS-501,A. Deshmukh,LP-2026-08-P09,TRUE
Total Cholesterol,P0034,PATIENT,,PAT0034,,152,mg/dL,2026-08-13,COBAS-702,R. Patel,LP-2026-08-P10,TRUE
Total Cholesterol,P0035,PATIENT,,PAT0035,,194,mg/dL,2026-08-14,COBAS-501,A. Deshmukh,LP-2026-08-P11,TRUE
Total Cholesterol,P0036,PATIENT,,PAT0036,,210,mg/dL,2026-08-15,COBAS-702,R. Patel,LP-2026-08-P12,TRUE
Total Cholesterol,P0037,PATIENT,,PAT0037,,216,mg/dL,2026-08-10,COBAS-501,A. Deshmukh,LP-2026-08-P01,TRUE
Total Cholesterol,P0038,PATIENT,,PAT0038,,186,mg/dL,2026-08-11,COBAS-702,R. Patel,LP-2026-08-P02,TRUE
Total Cholesterol,P0039,PATIENT,,PAT0039,,64,mg/dL,2026-08-12,COBAS-501,A. Deshmukh,LP-2026-08-P03,TRUE
Total Cholesterol,P0040,PATIENT,,PAT0040,,150,mg/dL,2026-08-13,COBAS-702,R. Patel,LP-2026-08-P04,TRUE
Total Cholesterol,P0041,PATIENT,,PAT0041,,171,mg/dL,2026-08-14,COBAS-501,A. Deshmukh,LP-2026-08-P05,TRUE
Total Cholesterol,P0042,PATIENT,,PAT0042,,174,mg/dL,2026-08-15,COBAS-702,R. Patel,LP-2026-08-P06,TRUE
Total Cholesterol,P0043,PATIENT,,PAT0043,,218,mg/dL,2026-08-10,COBAS-501,A. Deshmukh,LP-2026-08-P07,TRUE
Total Cholesterol,P0044,PATIENT,,PAT0044,,192,mg/dL,2026-08-11,COBAS-702,R. Patel,LP-2026-08-P08,TRUE
Total Cholesterol,P0045,PATIENT,,PAT0045,,89,mg/dL,2026-08-12,COBAS-501,A. Deshmukh,LP-2026-08-P09,TRUE
Total Cholesterol,P0046,PATIENT,,PAT0046,,187,mg/dL,2026-08-13,COBAS-702,R. Patel,LP-2026-08-P10,TRUE
Total Cholesterol,P0047,PATIENT,,PAT0047,,174,mg/dL,2026-08-14,COBAS-501,A. Deshmukh,LP-2026-08-P11,TRUE
Total Cholesterol,P0048,PATIENT,,PAT0048,,142,mg/dL,2026-08-15,COBAS-702,R. Patel,LP-2026-08-P12,TRUE
Total Cholesterol,P0049,PATIENT,,PAT0049,,181,mg/dL,2026-08-10,COBAS-501,A. Deshmukh,LP-2026-08-P01,TRUE
Total Cholesterol,P0050,PATIENT,,PAT0050,,193,mg/dL,2026-08-11,COBAS-702,R. Patel,LP-2026-08-P02,TRUE
Total Cholesterol,P0051,PATIENT,,PAT0051,,212,mg/dL,2026-08-12,COBAS-501,A. Deshmukh,LP-2026-08-P03,TRUE
Total Cholesterol,P0052,PATIENT,,PAT0052,,142,mg/dL,2026-08-13,COBAS-702,R. Patel,LP-2026-08-P04,TRUE
Total Cholesterol,P0053,PATIENT,,PAT0053,,197,mg/dL,2026-08-14,COBAS-501,A. Deshmukh,LP-2026-08-P05,TRUE
Total Cholesterol,P0054,PATIENT,,PAT0054,,176,mg/dL,2026-08-15,COBAS-702,R. Patel,LP-2026-08-P06,TRUE
Total Cholesterol,P0055,PATIENT,,PAT0055,,199,mg/dL,2026-08-10,COBAS-501,A. Deshmukh,LP-2026-08-P07,TRUE
Total Cholesterol,P0056,PATIENT,,PAT0056,,244,mg/dL,2026-08-11,COBAS-702,R. Patel,LP-2026-08-P08,TRUE
Total Cholesterol,P0057,PATIENT,,PAT0057,,88,mg/dL,2026-08-12,COBAS-501,A. Deshmukh,LP-2026-08-P09,TRUE
Total Cholesterol,P0058,PATIENT,,PAT0058,,186,mg/dL,2026-08-13,COBAS-702,R. Patel,LP-2026-08-P10,TRUE
Total Cholesterol,P0059,PATIENT,,PAT0059,,242,mg/dL,2026-08-14,COBAS-501,A. Deshmukh,LP-2026-08-P11,TRUE
Total Cholesterol,P0060,PATIENT,,PAT0060,,361,mg/dL,2026-08-15,COBAS-702,R. Patel,LP-2026-08-P12,TRUE
Total Cholesterol,P0061,PATIENT,,PAT0061,,177,mg/dL,2026-08-10,COBAS-501,A. Deshmukh,LP-2026-08-P01,TRUE
Total Cholesterol,P0062,PATIENT,,PAT0062,,180,mg/dL,2026-08-11,COBAS-702,R. Patel,LP-2026-08-P02,TRUE
Total Cholesterol,P0063,PATIENT,,PAT0063,,203,mg/dL,2026-08-12,COBAS-501,A. Deshmukh,LP-2026-08-P03,TRUE
Total Cholesterol,P0064,PATIENT,,PAT0064,,155,mg/dL,2026-08-13,COBAS-702,R. Patel,LP-2026-08-P04,TRUE
Total Cholesterol,P0065,PATIENT,,PAT0065,,121,mg/dL,2026-08-14,COBAS-501,A. Deshmukh,LP-2026-08-P05,TRUE
Total Cholesterol,P0066,PATIENT,,PAT0066,,209,mg/dL,2026-08-15,COBAS-702,R. Patel,LP-2026-08-P06,TRUE
Total Cholesterol,P0067,PATIENT,,PAT0067,,144,mg/dL,2026-08-10,COBAS-501,A. Deshmukh,LP-2026-08-P07,TRUE
Total Cholesterol,P0068,PATIENT,,PAT0068,,237,mg/dL,2026-08-11,COBAS-702,R. Patel,LP-2026-08-P08,TRUE
Total Cholesterol,P0069,PATIENT,,PAT0069,,215,mg/dL,2026-08-12,COBAS-501,A. Deshmukh,LP-2026-08-P09,TRUE
Total Cholesterol,P0070,PATIENT,,PAT0070,,212,mg/dL,2026-08-13,COBAS-702,R. Patel,LP-2026-08-P10,TRUE
Total Cholesterol,P0071,PATIENT,,PAT0071,,237,mg/dL,2026-08-14,COBAS-501,A. Deshmukh,LP-2026-08-P11,TRUE
Total Cholesterol,P0072,PATIENT,,PAT0072,,146,mg/dL,2026-08-15,COBAS-702,R. Patel,LP-2026-08-P12,TRUE
Total Cholesterol,P0073,PATIENT,,PAT0073,,80,mg/dL,2026-08-10,COBAS-501,A. Deshmukh,LP-2026-08-P01,TRUE
Total Cholesterol,P0074,PATIENT,,PAT0074,,160,mg/dL,2026-08-11,COBAS-702,R. Patel,LP-2026-08-P02,TRUE
Total Cholesterol,P0075,PATIENT,,PAT0075,,162,mg/dL,2026-08-12,COBAS-501,A. Deshmukh,LP-2026-08-P03,TRUE
Total Cholesterol,P0076,PATIENT,,PAT0076,,122,mg/dL,2026-08-13,COBAS-702,R. Patel,LP-2026-08-P04,TRUE
Total Cholesterol,P0077,PATIENT,,PAT0077,,159,mg/dL,2026-08-14,COBAS-501,A. Deshmukh,LP-2026-08-P05,TRUE
Total Cholesterol,P0078,PATIENT,,PAT0078,,193,mg/dL,2026-08-15,COBAS-702,R. Patel,LP-2026-08-P06,TRUE
Total Cholesterol,P0079,PATIENT,,PAT0079,,351,mg/dL,2026-08-10,COBAS-501,A. Deshmukh,LP-2026-08-P07,TRUE
Total Cholesterol,P0080,PATIENT,,PAT0080,,170,mg/dL,2026-08-11,COBAS-702,R. Patel,LP-2026-08-P08,TRUE
Total Cholesterol,P0081,PATIENT,,PAT0081,,68,mg/dL,2026-08-12,COBAS-501,A. Deshmukh,LP-2026-08-P09,TRUE
Total Cholesterol,P0082,PATIENT,,PAT0082,,200,mg/dL,2026-08-13,COBAS-702,R. Patel,LP-2026-08-P10,TRUE
Total Cholesterol,P0083,PATIENT,,PAT0083,,374,mg/dL,2026-08-14,COBAS-501,A. Deshmukh,LP-2026-08-P11,TRUE
Total Cholesterol,P0084,PATIENT,,PAT0084,,152,mg/dL,2026-08-15,COBAS-702,R. Patel,LP-2026-08-P12,TRUE
Total Cholesterol,P0085,PATIENT,,PAT0085,,223,mg/dL,2026-08-10,COBAS-501,A. Deshmukh,LP-2026-08-P01,TRUE
Total Cholesterol,P0086,PATIENT,,PAT0086,,199,mg/dL,2026-08-11,COBAS-702,R. Patel,LP-2026-08-P02,TRUE
Total Cholesterol,P0087,PATIENT,,PAT0087,,229,mg/dL,2026-08-12,COBAS-501,A. Deshmukh,LP-2026-08-P03,TRUE
Total Cholesterol,P0088,PATIENT,,PAT0088,,242,mg/dL,2026-08-13,COBAS-702,R. Patel,LP-2026-08-P04,TRUE
Total Cholesterol,P0089,PATIENT,,PAT0089,,196,mg/dL,2026-08-14,COBAS-501,A. Deshmukh,LP-2026-08-P05,TRUE
Total Cholesterol,P0090,PATIENT,,PAT0090,,104,mg/dL,2026-08-15,COBAS-702,R. Patel,LP-2026-08-P06,TRUE
Total Cholesterol,P0091,PATIENT,,PAT0091,,168,mg/dL,2026-08-10,COBAS-501,A. Deshmukh,LP-2026-08-P07,TRUE
Total Cholesterol,P0092,PATIENT,,PAT0092,,184,mg/dL,2026-08-11,COBAS-702,R. Patel,LP-2026-08-P08,TRUE
Total Cholesterol,P0093,PATIENT,,PAT0093,,153,mg/dL,2026-08-12,COBAS-501,A. Deshmukh,LP-2026-08-P09,TRUE
Total Cholesterol,P0094,PATIENT,,PAT0094,,199,mg/dL,2026-08-13,COBAS-702,R. Patel,LP-2026-08-P10,TRUE
Total Cholesterol,P0095,PATIENT,,PAT0095,,242,mg/dL,2026-08-14,COBAS-501,A. Deshmukh,LP-2026-08-P11,TRUE
Total Cholesterol,P0096,PATIENT,,PAT0096,,189,mg/dL,2026-08-15,COBAS-702,R. Patel,LP-2026-08-P12,TRUE
Total Cholesterol,P0097,PATIENT,,PAT0097,,209,mg/dL,2026-08-10,COBAS-501,A. Deshmukh,LP-2026-08-P01,TRUE
Total Cholesterol,P0098,PATIENT,,PAT0098,,242,mg/dL,2026-08-11,COBAS-702,R. Patel,LP-2026-08-P02,FALSE
Total Cholesterol,P0099,PATIENT,,PAT0099,,220,mg/dL,2026-08-12,COBAS-501,A. Deshmukh,LP-2026-08-P03,TRUE
Total Cholesterol,P0100,PATIENT,,PAT0100,,144,mg/dL,2026-08-13,COBAS-702,R. Patel,LP-2026-08-P04,TRUE
Total Cholesterol,P0101,PATIENT,,PAT0101,,218,mg/dL,2026-08-14,COBAS-501,A. Deshmukh,LP-2026-08-P05,TRUE
Total Cholesterol,P0102,PATIENT,,PAT0102,,291,mg/dL,2026-08-15,COBAS-702,R. Patel,LP-2026-08-P06,TRUE
Total Cholesterol,P0103,PATIENT,,PAT0103,,130,mg/dL,2026-08-10,COBAS-501,A. Deshmukh,LP-2026-08-P07,TRUE
Total Cholesterol,P0104,PATIENT,,PAT0104,,187,mg/dL,2026-08-11,COBAS-702,R. Patel,LP-2026-08-P08,TRUE
Total Cholesterol,P0105,PATIENT,,PAT0105,,199,mg/dL,2026-08-12,COBAS-501,A. Deshmukh,LP-2026-08-P09,TRUE
Total Cholesterol,P0106,PATIENT,,PAT0106,,123,mg/dL,2026-08-13,COBAS-702,R. Patel,LP-2026-08-P10,TRUE
Total Cholesterol,P0107,PATIENT,,PAT0107,,142,mg/dL,2026-08-14,COBAS-501,A. Deshmukh,LP-2026-08-P11,TRUE
Total Cholesterol,P0108,PATIENT,,PAT0108,,219,mg/dL,2026-08-15,COBAS-702,R. Patel,LP-2026-08-P12,TRUE
Total Cholesterol,P0109,PATIENT,,PAT0109,,200,mg/dL,2026-08-10,COBAS-501,A. Deshmukh,LP-2026-08-P01,TRUE
Total Cholesterol,P0110,PATIENT,,PAT0110,,306,mg/dL,2026-08-11,COBAS-702,R. Patel,LP-2026-08-P02,TRUE
Total Cholesterol,P0111,PATIENT,,PAT0111,,223,mg/dL,2026-08-12,COBAS-501,A. Deshmukh,LP-2026-08-P03,TRUE
Total Cholesterol,P0112,PATIENT,,PAT0112,,200,mg/dL,2026-08-13,COBAS-702,R. Patel,LP-2026-08-P04,TRUE
Total Cholesterol,P0113,PATIENT,,PAT0113,,219,mg/dL,2026-08-14,COBAS-501,A. Deshmukh,LP-2026-08-P05,TRUE
Total Cholesterol,P0114,PATIENT,,PAT0114,,159,mg/dL,2026-08-15,COBAS-702,R. Patel,LP-2026-08-P06,TRUE
Total Cholesterol,P0115,PATIENT,,PAT0115,,167,mg/dL,2026-08-10,COBAS-501,A. Deshmukh,LP-2026-08-P07,TRUE
Total Cholesterol,P0116,PATIENT,,PAT0116,,177,mg/dL,2026-08-11,COBAS-702,R. Patel,LP-2026-08-P08,TRUE
Total Cholesterol,P0117,PATIENT,,PAT0117,,173,mg/dL,2026-08-12,COBAS-501,A. Deshmukh,LP-2026-08-P09,TRUE
Total Cholesterol,P0118,PATIENT,,PAT0118,,147,mg/dL,2026-08-13,COBAS-702,R. Patel,LP-2026-08-P10,TRUE
Total Cholesterol,P0119,PATIENT,,PAT0119,,197,mg/dL,2026-08-14,COBAS-501,A. Deshmukh,LP-2026-08-P11,TRUE
Total Cholesterol,P0120,PATIENT,,PAT0120,,178,mg/dL,2026-08-15,COBAS-702,R. Patel,LP-2026-08-P12,TRUE
Total Cholesterol,P0121,PATIENT,,PAT0121,,178,mg/dL,2026-08-10,COBAS-501,A. Deshmukh,LP-2026-08-P01,TRUE
Total Cholesterol,P0122,PATIENT,,PAT0122,,75,mg/dL,2026-08-11,COBAS-702,R. Patel,LP-2026-08-P02,TRUE
Total Cholesterol,P0123,PATIENT,,PAT0123,,118,mg/dL,2026-08-12,COBAS-501,A. Deshmukh,LP-2026-08-P03,TRUE
Total Cholesterol,P0124,PATIENT,,PAT0124,,147,mg/dL,2026-08-13,COBAS-702,R. Patel,LP-2026-08-P04,TRUE
Total Cholesterol,P0125,PATIENT,,PAT0125,,191,mg/dL,2026-08-14,COBAS-501,A. Deshmukh,LP-2026-08-P05,TRUE
Total Cholesterol,P0126,PATIENT,,PAT0126,,227,mg/dL,2026-08-15,COBAS-702,R. Patel,LP-2026-08-P06,TRUE
Total Cholesterol,P0127,PATIENT,,PAT0127,,189,mg/dL,2026-08-10,COBAS-501,A. Deshmukh,LP-2026-08-P07,TRUE
Total Cholesterol,P0128,PATIENT,,PAT0128,,202,mg/dL,2026-08-11,COBAS-702,R. Patel,LP-2026-08-P08,TRUE
Total Cholesterol,P0129,PATIENT,,PAT0129,,200,mg/dL,2026-08-12,COBAS-501,A. Deshmukh,LP-2026-08-P09,TRUE
Total Cholesterol,P0130,PATIENT,,PAT0130,,169,mg/dL,2026-08-13,COBAS-702,R. Patel,LP-2026-08-P10,TRUE
Total Cholesterol,P0131,PATIENT,,PAT0131,,220,mg/dL,2026-08-14,COBAS-501,A. Deshmukh,LP-2026-08-P11,TRUE
Total Cholesterol,P0132,PATIENT,,PAT0132,,210,mg/dL,2026-08-15,COBAS-702,R. Patel,LP-2026-08-P12,TRUE
Total Cholesterol,P0133,PATIENT,,PAT0133,,197,mg/dL,2026-08-10,COBAS-501,A. Deshmukh,LP-2026-08-P01,TRUE
Total Cholesterol,P0134,PATIENT,,PAT0134,,209,mg/dL,2026-08-11,COBAS-702,R. Patel,LP-2026-08-P02,TRUE
Total Cholesterol,P0135,PATIENT,,PAT0135,,205,mg/dL,2026-08-12,COBAS-501,A. Deshmukh,LP-2026-08-P03,TRUE
Total Cholesterol,P0136,PATIENT,,PAT0136,,130,mg/dL,2026-08-13,COBAS-702,R. Patel,LP-2026-08-P04,TRUE
Total Cholesterol,P0137,PATIENT,,PAT0137,,199,mg/dL,2026-08-14,COBAS-501,A. Deshmukh,LP-2026-08-P05,TRUE
Total Cholesterol,P0138,PATIENT,,PAT0138,,120,mg/dL,2026-08-15,COBAS-702,R. Patel,LP-2026-08-P06,TRUE
Total Cholesterol,P0139,PATIENT,,PAT0139,,158,mg/dL,2026-08-10,COBAS-501,A. Deshmukh,LP-2026-08-P07,TRUE
Total Cholesterol,P0140,PATIENT,,PAT0140,,213,mg/dL,2026-08-11,COBAS-702,R. Patel,LP-2026-08-P08,TRUE
Total Cholesterol,P0141,PATIENT,,PAT0141,,151,mg/dL,2026-08-12,COBAS-501,A. Deshmukh,LP-2026-08-P09,TRUE
Total Cholesterol,P0142,PATIENT,,PAT0142,,205,mg/dL,2026-08-13,COBAS-702,R. Patel,LP-2026-08-P10,TRUE
Total Cholesterol,P0143,PATIENT,,PAT0143,,132,mg/dL,2026-08-14,COBAS-501,A. Deshmukh,LP-2026-08-P11,TRUE
Total Cholesterol,P0144,PATIENT,,PAT0144,,221,mg/dL,2026-08-15,COBAS-702,R. Patel,LP-2026-08-P12,TRUE
Total Cholesterol,P0145,PATIENT,,PAT0145,,153,mg/dL,2026-08-10,COBAS-501,A. Deshmukh,LP-2026-08-P01,TRUE
Total Cholesterol,P0146,PATIENT,,PAT0146,,209,mg/dL,2026-08-11,COBAS-702,R. Patel,LP-2026-08-P02,TRUE
Total Cholesterol,P0147,PATIENT,,PAT0147,,207,mg/dL,2026-08-12,COBAS-501,A. Deshmukh,LP-2026-08-P03,TRUE
Total Cholesterol,P0148,PATIENT,,PAT0148,,173,mg/dL,2026-08-13,COBAS-702,R. Patel,LP-2026-08-P04,TRUE
Total Cholesterol,P0149,PATIENT,,PAT0149,,176,mg/dL,2026-08-14,COBAS-501,A. Deshmukh,LP-2026-08-P05,TRUE
Total Cholesterol,P0150,PATIENT,,PAT0150,,175,mg/dL,2026-08-15,COBAS-702,R. Patel,LP-2026-08-P06,TRUE
Total Cholesterol,P0151,PATIENT,,PAT0151,,207,mg/dL,2026-08-10,COBAS-501,A. Deshmukh,LP-2026-08-P07,TRUE
Total Cholesterol,P0152,PATIENT,,PAT0152,,219,mg/dL,2026-08-11,COBAS-702,R. Patel,LP-2026-08-P08,TRUE
Total Cholesterol,P0153,PATIENT,,PAT0153,,338,mg/dL,2026-08-12,COBAS-501,A. Deshmukh,LP-2026-08-P09,TRUE
Total Cholesterol,P0154,PATIENT,,PAT0154,,135,mg/dL,2026-08-13,COBAS-702,R. Patel,LP-2026-08-P10,TRUE
Total Cholesterol,P0155,PATIENT,,PAT0155,,155,mg/dL,2026-08-14,COBAS-501,A. Deshmukh,LP-2026-08-P11,TRUE
Total Cholesterol,P0156,PATIENT,,PAT0156,,204,mg/dL,2026-08-15,COBAS-702,R. Patel,LP-2026-08-P12,TRUE
Total Cholesterol,P0157,PATIENT,,PAT0157,,223,mg/dL,2026-08-10,COBAS-501,A. Deshmukh,LP-2026-08-P01,TRUE
Total Cholesterol,P0158,PATIENT,,PAT0158,,244,mg/dL,2026-08-11,COBAS-702,R. Patel,LP-2026-08-P02,TRUE
Total Cholesterol,P0159,PATIENT,,PAT0159,,156,mg/dL,2026-08-12,COBAS-501,A. Deshmukh,LP-2026-08-P03,TRUE
Total Cholesterol,P0160,PATIENT,,PAT0160,,207,mg/dL,2026-08-13,COBAS-702,R. Patel,LP-2026-08-P04,TRUE
Total Cholesterol,P0161,PATIENT,,PAT0161,,113,mg/dL,2026-08-14,COBAS-501,A. Deshmukh,LP-2026-08-P05,TRUE
Total Cholesterol,P0162,PATIENT,,PAT0162,,179,mg/dL,2026-08-15,COBAS-702,R. Patel,LP-2026-08-P06,TRUE
Total Cholesterol,P0163,PATIENT,,PAT0163,,133,mg/dL,2026-08-10,COBAS-501,A. Deshmukh,LP-2026-08-P07,TRUE
Total Cholesterol,P0164,PATIENT,,PAT0164,,190,mg/dL,2026-08-11,COBAS-702,R. Patel,LP-2026-08-P08,TRUE
Total Cholesterol,P0165,PATIENT,,PAT0165,,202,mg/dL,2026-08-12,COBAS-501,A. Deshmukh,LP-2026-08-P09,TRUE
Total Cholesterol,P0166,PATIENT,,PAT0166,,194,mg/dL,2026-08-13,COBAS-702,R. Patel,LP-2026-08-P10,TRUE
Total Cholesterol,P0167,PATIENT,,PAT0167,,157,mg/dL,2026-08-14,COBAS-501,A. Deshmukh,LP-2026-08-P11,TRUE
Total Cholesterol,P0168,PATIENT,,PAT0168,,222,mg/dL,2026-08-15,COBAS-702,R. Patel,LP-2026-08-P12,TRUE
Total Cholesterol,P0169,PATIENT,,PAT0169,,204,mg/dL,2026-08-10,COBAS-501,A. Deshmukh,LP-2026-08-P01,TRUE
Total Cholesterol,P0170,PATIENT,,PAT0170,,395,mg/dL,2026-08-11,COBAS-702,R. Patel,LP-2026-08-P02,TRUE
Total Cholesterol,P0171,PATIENT,,PAT0171,,182,mg/dL,2026-08-12,COBAS-501,A. Deshmukh,LP-2026-08-P03,TRUE
Total Cholesterol,P0172,PATIENT,,PAT0172,,216,mg/dL,2026-08-13,COBAS-702,R. Patel,LP-2026-08-P04,TRUE
Total Cholesterol,P0173,PATIENT,,PAT0173,,198,mg/dL,2026-08-14,COBAS-501,A. Deshmukh,LP-2026-08-P05,TRUE
Total Cholesterol,P0174,PATIENT,,PAT0174,,152,mg/dL,2026-08-15,COBAS-702,R. Patel,LP-2026-08-P06,TRUE
Total Cholesterol,P0175,PATIENT,,PAT0175,,391,mg/dL,2026-08-10,COBAS-501,A. Deshmukh,LP-2026-08-P07,TRUE
Total Cholesterol,P0176,PATIENT,,PAT0176,,193,mg/dL,2026-08-11,COBAS-702,R. Patel,LP-2026-08-P08,TRUE
Total Cholesterol,P0177,PATIENT,,PAT0177,,221,mg/dL,2026-08-12,COBAS-501,A. Deshmukh,LP-2026-08-P09,TRUE
Total Cholesterol,P0178,PATIENT,,PAT0178,,162,mg/dL,2026-08-13,COBAS-702,R. Patel,LP-2026-08-P10,TRUE
Total Cholesterol,P0179,PATIENT,,PAT0179,,248,mg/dL,2026-08-14,COBAS-501,A. Deshmukh,LP-2026-08-P11,TRUE
Total Cholesterol,P0180,PATIENT,,PAT0180,,227,mg/dL,2026-08-15,COBAS-702,R. Patel,LP-2026-08-P12,TRUE
Total Cholesterol,P0181,PATIENT,,PAT0181,,226,mg/dL,2026-08-10,COBAS-501,A. Deshmukh,LP-2026-08-P01,TRUE
Total Cholesterol,P0182,PATIENT,,PAT0182,,166,mg/dL,2026-08-11,COBAS-702,R. Patel,LP-2026-08-P02,TRUE
Total Cholesterol,P0183,PATIENT,,PAT0183,,397,mg/dL,2026-08-12,COBAS-501,A. Deshmukh,LP-2026-08-P03,TRUE
Total Cholesterol,P0184,PATIENT,,PAT0184,,169,mg/dL,2026-08-13,COBAS-702,R. Patel,LP-2026-08-P04,TRUE
Total Cholesterol,P0185,PATIENT,,PAT0185,,194,mg/dL,2026-08-14,COBAS-501,A. Deshmukh,LP-2026-08-P05,TRUE
Total Cholesterol,P0186,PATIENT,,PAT0186,,198,mg/dL,2026-08-15,COBAS-702,R. Patel,LP-2026-08-P06,TRUE
Total Cholesterol,P0187,PATIENT,,PAT0187,,188,mg/dL,2026-08-10,COBAS-501,A. Deshmukh,LP-2026-08-P07,TRUE
Total Cholesterol,P0188,PATIENT,,PAT0188,,221,mg/dL,2026-08-11,COBAS-702,R. Patel,LP-2026-08-P08,TRUE
Total Cholesterol,P0189,PATIENT,,PAT0189,,119,mg/dL,2026-08-12,COBAS-501,A. Deshmukh,LP-2026-08-P09,TRUE
Total Cholesterol,P0190,PATIENT,,PAT0190,,194,mg/dL,2026-08-13,COBAS-702,R. Patel,LP-2026-08-P10,TRUE
Total Cholesterol,P0191,PATIENT,,PAT0191,,187,mg/dL,2026-08-14,COBAS-501,A. Deshmukh,LP-2026-08-P11,TRUE
Total Cholesterol,P0192,PATIENT,,PAT0192,,150,mg/dL,2026-08-15,COBAS-702,R. Patel,LP-2026-08-P12,TRUE
Total Cholesterol,P0193,PATIENT,,PAT0193,,167,mg/dL,2026-08-10,COBAS-501,A. Deshmukh,LP-2026-08-P01,TRUE
Total Cholesterol,P0194,PATIENT,,PAT0194,,212,mg/dL,2026-08-11,COBAS-702,R. Patel,LP-2026-08-P02,TRUE
Total Cholesterol,P0195,PATIENT,,PAT0195,,185,mg/dL,2026-08-12,COBAS-501,A. Deshmukh,LP-2026-08-P03,FALSE
Total Cholesterol,P0196,PATIENT,,PAT0196,,133,mg/dL,2026-08-13,COBAS-702,R. Patel,LP-2026-08-P04,TRUE
Total Cholesterol,P0197,PATIENT,,PAT0197,,159,mg/dL,2026-08-14,COBAS-501,A. Deshmukh,LP-2026-08-P05,TRUE
Total Cholesterol,P0198,PATIENT,,PAT0198,,201,mg/dL,2026-08-15,COBAS-702,R. Patel,LP-2026-08-P06,TRUE
Total Cholesterol,P0199,PATIENT,,PAT0199,,177,mg/dL,2026-08-10,COBAS-501,A. Deshmukh,LP-2026-08-P07,TRUE
Total Cholesterol,P0200,PATIENT,,PAT0200,,197,mg/dL,2026-08-11,COBAS-702,R. Patel,LP-2026-08-P08,TRUE
Total Cholesterol,P0201,PATIENT,,PAT0201,,218,mg/dL,2026-08-12,COBAS-501,A. Deshmukh,LP-2026-08-P09,TRUE
Total Cholesterol,P0202,PATIENT,,PAT0202,,245,mg/dL,2026-08-13,COBAS-702,R. Patel,LP-2026-08-P10,TRUE
Total Cholesterol,P0203,PATIENT,,PAT0203,,179,mg/dL,2026-08-14,COBAS-501,A. Deshmukh,LP-2026-08-P11,TRUE
Total Cholesterol,P0204,PATIENT,,PAT0204,,159,mg/dL,2026-08-15,COBAS-702,R. Patel,LP-2026-08-P12,TRUE
Total Cholesterol,P0205,PATIENT,,PAT0205,,159,mg/dL,2026-08-10,COBAS-501,A. Deshmukh,LP-2026-08-P01,TRUE
Total Cholesterol,P0206,PATIENT,,PAT0206,,262,mg/dL,2026-08-11,COBAS-702,R. Patel,LP-2026-08-P02,TRUE
Total Cholesterol,P0207,PATIENT,,PAT0207,,179,mg/dL,2026-08-12,COBAS-501,A. Deshmukh,LP-2026-08-P03,TRUE
Total Cholesterol,P0208,PATIENT,,PAT0208,,221,mg/dL,2026-08-13,COBAS-702,R. Patel,LP-2026-08-P04,TRUE
Total Cholesterol,P0209,PATIENT,,PAT0209,,218,mg/dL,2026-08-14,COBAS-501,A. Deshmukh,LP-2026-08-P05,TRUE
Total Cholesterol,P0210,PATIENT,,PAT0210,,228,mg/dL,2026-08-15,COBAS-702,R. Patel,LP-2026-08-P06,TRUE
Total Cholesterol,P0211,PATIENT,,PAT0211,,263,mg/dL,2026-08-10,COBAS-501,A. Deshmukh,LP-2026-08-P07,TRUE
Total Cholesterol,P0212,PATIENT,,PAT0212,,322,mg/dL,2026-08-11,COBAS-702,R. Patel,LP-2026-08-P08,TRUE
Total Cholesterol,P0213,PATIENT,,PAT0213,,176,mg/dL,2026-08-12,COBAS-501,A. Deshmukh,LP-2026-08-P09,TRUE
Total Cholesterol,P0214,PATIENT,,PAT0214,,176,mg/dL,2026-08-13,COBAS-702,R. Patel,LP-2026-08-P10,TRUE
Total Cholesterol,P0215,PATIENT,,PAT0215,,147,mg/dL,2026-08-14,COBAS-501,A. Deshmukh,LP-2026-08-P11,TRUE
Total Cholesterol,P0216,PATIENT,,PAT0216,,229,mg/dL,2026-08-15,COBAS-702,R. Patel,LP-2026-08-P12,TRUE
Total Cholesterol,P0217,PATIENT,,PAT0217,,282,mg/dL,2026-08-10,COBAS-501,A. Deshmukh,LP-2026-08-P01,TRUE
Total Cholesterol,P0218,PATIENT,,PAT0218,,248,mg/dL,2026-08-11,COBAS-702,R. Patel,LP-2026-08-P02,TRUE
Total Cholesterol,P0219,PATIENT,,PAT0219,,203,mg/dL,2026-08-12,COBAS-501,A. Deshmukh,LP-2026-08-P03,TRUE
Total Cholesterol,P0220,PATIENT,,PAT0220,,191,mg/dL,2026-08-13,COBAS-702,R. Patel,LP-2026-08-P04,TRUE
Total Cholesterol,P0221,PATIENT,,PAT0221,,208,mg/dL,2026-08-14,COBAS-501,A. Deshmukh,LP-2026-08-P05,TRUE
Total Cholesterol,P0222,PATIENT,,PAT0222,,200,mg/dL,2026-08-15,COBAS-702,R. Patel,LP-2026-08-P06,TRUE
Total Cholesterol,P0223,PATIENT,,PAT0223,,321,mg/dL,2026-08-10,COBAS-501,A. Deshmukh,LP-2026-08-P07,TRUE
Total Cholesterol,P0224,PATIENT,,PAT0224,,246,mg/dL,2026-08-11,COBAS-702,R. Patel,LP-2026-08-P08,TRUE
Total Cholesterol,P0225,PATIENT,,PAT0225,,221,mg/dL,2026-08-12,COBAS-501,A. Deshmukh,LP-2026-08-P09,TRUE
Total Cholesterol,P0226,PATIENT,,PAT0226,,247,mg/dL,2026-08-13,COBAS-702,R. Patel,LP-2026-08-P10,TRUE
Total Cholesterol,P0227,PATIENT,,PAT0227,,189,mg/dL,2026-08-14,COBAS-501,A. Deshmukh,LP-2026-08-P11,TRUE
Total Cholesterol,P0228,PATIENT,,PAT0228,,175,mg/dL,2026-08-15,COBAS-702,R. Patel,LP-2026-08-P12,TRUE
Total Cholesterol,P0229,PATIENT,,PAT0229,,127,mg/dL,2026-08-10,COBAS-501,A. Deshmukh,LP-2026-08-P01,TRUE
Total Cholesterol,P0230,PATIENT,,PAT0230,,176,mg/dL,2026-08-11,COBAS-702,R. Patel,LP-2026-08-P02,TRUE
Total Cholesterol,P0231,PATIENT,,PAT0231,,218,mg/dL,2026-08-12,COBAS-501,A. Deshmukh,LP-2026-08-P03,TRUE
Total Cholesterol,P0232,PATIENT,,PAT0232,,176,mg/dL,2026-08-13,COBAS-702,R. Patel,LP-2026-08-P04,TRUE
Total Cholesterol,P0233,PATIENT,,PAT0233,,212,mg/dL,2026-08-14,COBAS-501,A. Deshmukh,LP-2026-08-P05,TRUE
Total Cholesterol,P0234,PATIENT,,PAT0234,,207,mg/dL,2026-08-15,COBAS-702,R. Patel,LP-2026-08-P06,TRUE
Total Cholesterol,P0235,PATIENT,,PAT0235,,205,mg/dL,2026-08-10,COBAS-501,A. Deshmukh,LP-2026-08-P07,TRUE
Total Cholesterol,P0236,PATIENT,,PAT0236,,192,mg/dL,2026-08-11,COBAS-702,R. Patel,LP-2026-08-P08,TRUE
Total Cholesterol,P0237,PATIENT,,PAT0237,,213,mg/dL,2026-08-12,COBAS-501,A. Deshmukh,LP-2026-08-P09,TRUE
Total Cholesterol,P0238,PATIENT,,PAT0238,,236,mg/dL,2026-08-13,COBAS-702,R. Patel,LP-2026-08-P10,TRUE
Total Cholesterol,P0239,PATIENT,,PAT0239,,117,mg/dL,2026-08-14,COBAS-501,A. Deshmukh,LP-2026-08-P11,TRUE
Total Cholesterol,P0240,PATIENT,,PAT0240,,130,mg/dL,2026-08-15,COBAS-702,R. Patel,LP-2026-08-P12,TRUE
Total Cholesterol,P0241,PATIENT,,PAT0241,,227,mg/dL,2026-08-10,COBAS-501,A. Deshmukh,LP-2026-08-P01,TRUE
Total Cholesterol,P0242,PATIENT,,PAT0242,,206,mg/dL,2026-08-11,COBAS-702,R. Patel,LP-2026-08-P02,TRUE
Total Cholesterol,P0243,PATIENT,,PAT0243,,187,mg/dL,2026-08-12,COBAS-501,A. Deshmukh,LP-2026-08-P03,TRUE
Total Cholesterol,P0244,PATIENT,,PAT0244,,203,mg/dL,2026-08-13,COBAS-702,R. Patel,LP-2026-08-P04,TRUE
Total Cholesterol,P0245,PATIENT,,PAT0245,,165,mg/dL,2026-08-14,COBAS-501,A. Deshmukh,LP-2026-08-P05,TRUE
Total Cholesterol,P0246,PATIENT,,PAT0246,,209,mg/dL,2026-08-15,COBAS-702,R. Patel,LP-2026-08-P06,TRUE
Total Cholesterol,P0247,PATIENT,,PAT0247,,172,mg/dL,2026-08-10,COBAS-501,A. Deshmukh,LP-2026-08-P07,TRUE
Total Cholesterol,P0248,PATIENT,,PAT0248,,178,mg/dL,2026-08-11,COBAS-702,R. Patel,LP-2026-08-P08,TRUE
Total Cholesterol,P0249,PATIENT,,PAT0249,,189,mg/dL,2026-08-12,COBAS-501,A. Deshmukh,LP-2026-08-P09,TRUE
Total Cholesterol,P0250,PATIENT,,PAT0250,,199,mg/dL,2026-08-13,COBAS-702,R. Patel,LP-2026-08-P10,TRUE
Total Cholesterol,P0251,PATIENT,,PAT0251,,190,mg/dL,2026-08-14,COBAS-501,A. Deshmukh,LP-2026-08-P11,TRUE
Total Cholesterol,P0252,PATIENT,,PAT0252,,202,mg/dL,2026-08-15,COBAS-702,R. Patel,LP-2026-08-P12,TRUE
Total Cholesterol,P0253,PATIENT,,PAT0253,,186,mg/dL,2026-08-10,COBAS-501,A. Deshmukh,LP-2026-08-P01,TRUE
Total Cholesterol,P0254,PATIENT,,PAT0254,,135,mg/dL,2026-08-11,COBAS-702,R. Patel,LP-2026-08-P02,TRUE
Total Cholesterol,P0255,PATIENT,,PAT0255,,137,mg/dL,2026-08-12,COBAS-501,A. Deshmukh,LP-2026-08-P03,TRUE
Total Cholesterol,P0256,PATIENT,,PAT0256,,206,mg/dL,2026-08-13,COBAS-702,R. Patel,LP-2026-08-P04,TRUE
Total Cholesterol,P0257,PATIENT,,PAT0257,,165,mg/dL,2026-08-14,COBAS-501,A. Deshmukh,LP-2026-08-P05,TRUE
Total Cholesterol,P0258,PATIENT,,PAT0258,,80,mg/dL,2026-08-15,COBAS-702,R. Patel,LP-2026-08-P06,TRUE
Total Cholesterol,P0259,PATIENT,,PAT0259,,152,mg/dL,2026-08-10,COBAS-501,A. Deshmukh,LP-2026-08-P07,TRUE
Total Cholesterol,P0260,PATIENT,,PAT0260,,127,mg/dL,2026-08-11,COBAS-702,R. Patel,LP-2026-08-P08,TRUE
Total Cholesterol,P0261,PATIENT,,PAT0261,,188,mg/dL,2026-08-12,COBAS-501,A. Deshmukh,LP-2026-08-P09,TRUE
Total Cholesterol,P0262,PATIENT,,PAT0262,,154,mg/dL,2026-08-13,COBAS-702,R. Patel,LP-2026-08-P10,TRUE
Total Cholesterol,P0263,PATIENT,,PAT0263,,171,mg/dL,2026-08-14,COBAS-501,A. Deshmukh,LP-2026-08-P11,TRUE
Total Cholesterol,P0264,PATIENT,,PAT0264,,223,mg/dL,2026-08-15,COBAS-702,R. Patel,LP-2026-08-P12,TRUE
Total Cholesterol,P0265,PATIENT,,PAT0265,,195,mg/dL,2026-08-10,COBAS-501,A. Deshmukh,LP-2026-08-P01,TRUE
Total Cholesterol,P0266,PATIENT,,PAT0266,,237,mg/dL,2026-08-11,COBAS-702,R. Patel,LP-2026-08-P02,TRUE
Total Cholesterol,P0267,PATIENT,,PAT0267,,213,mg/dL,2026-08-12,COBAS-501,A. Deshmukh,LP-2026-08-P03,TRUE
Total Cholesterol,P0268,PATIENT,,PAT0268,,212,mg/dL,2026-08-13,COBAS-702,R. Patel,LP-2026-08-P04,TRUE
Total Cholesterol,P0269,PATIENT,,PAT0269,,242,mg/dL,2026-08-14,COBAS-501,A. Deshmukh,LP-2026-08-P05,TRUE
Total Cholesterol,P0270,PATIENT,,PAT0270,,212,mg/dL,2026-08-15,COBAS-702,R. Patel,LP-2026-08-P06,TRUE
Total Cholesterol,P0271,PATIENT,,PAT0271,,203,mg/dL,2026-08-10,COBAS-501,A. Deshmukh,LP-2026-08-P07,TRUE
Total Cholesterol,P0272,PATIENT,,PAT0272,,156,mg/dL,2026-08-11,COBAS-702,R. Patel,LP-2026-08-P08,TRUE
Total Cholesterol,P0273,PATIENT,,PAT0273,,295,mg/dL,2026-08-12,COBAS-501,A. Deshmukh,LP-2026-08-P09,TRUE
Total Cholesterol,P0274,PATIENT,,PAT0274,,186,mg/dL,2026-08-13,COBAS-702,R. Patel,LP-2026-08-P10,TRUE
Total Cholesterol,P0275,PATIENT,,PAT0275,,208,mg/dL,2026-08-14,COBAS-501,A. Deshmukh,LP-2026-08-P11,TRUE
Total Cholesterol,P0276,PATIENT,,PAT0276,,187,mg/dL,2026-08-15,COBAS-702,R. Patel,LP-2026-08-P12,TRUE
Total Cholesterol,P0277,PATIENT,,PAT0277,,241,mg/dL,2026-08-10,COBAS-501,A. Deshmukh,LP-2026-08-P01,TRUE
Total Cholesterol,P0278,PATIENT,,PAT0278,,215,mg/dL,2026-08-11,COBAS-702,R. Patel,LP-2026-08-P02,TRUE
Total Cholesterol,P0279,PATIENT,,PAT0279,,268,mg/dL,2026-08-12,COBAS-501,A. Deshmukh,LP-2026-08-P03,TRUE
Total Cholesterol,P0280,PATIENT,,PAT0280,,214,mg/dL,2026-08-13,COBAS-702,R. Patel,LP-2026-08-P04,TRUE
Total Cholesterol,P0281,PATIENT,,PAT0281,,152,mg/dL,2026-08-14,COBAS-501,A. Deshmukh,LP-2026-08-P05,TRUE
Total Cholesterol,P0282,PATIENT,,PAT0282,,172,mg/dL,2026-08-15,COBAS-702,R. Patel,LP-2026-08-P06,TRUE
Total Cholesterol,P0283,PATIENT,,PAT0283,,268,mg/dL,2026-08-10,COBAS-501,A. Deshmukh,LP-2026-08-P07,TRUE
Total Cholesterol,P0284,PATIENT,,PAT0284,,199,mg/dL,2026-08-11,COBAS-702,R. Patel,LP-2026-08-P08,TRUE
Total Cholesterol,P0285,PATIENT,,PAT0285,,127,mg/dL,2026-08-12,COBAS-501,A. Deshmukh,LP-2026-08-P09,TRUE
Total Cholesterol,P0286,PATIENT,,PAT0286,,158,mg/dL,2026-08-13,COBAS-702,R. Patel,LP-2026-08-P10,TRUE
Total Cholesterol,P0287,PATIENT,,PAT0287,,137,mg/dL,2026-08-14,COBAS-501,A. Deshmukh,LP-2026-08-P11,TRUE
Total Cholesterol,P0288,PATIENT,,PAT0288,,118,mg/dL,2026-08-15,COBAS-702,R. Patel,LP-2026-08-P12,TRUE
Total Cholesterol,P0289,PATIENT,,PAT0289,,218,mg/dL,2026-08-10,COBAS-501,A. Deshmukh,LP-2026-08-P01,TRUE
Total Cholesterol,P0290,PATIENT,,PAT0290,,137,mg/dL,2026-08-11,COBAS-702,R. Patel,LP-2026-08-P02,TRUE
Total Cholesterol,P0291,PATIENT,,PAT0291,,198,mg/dL,2026-08-12,COBAS-501,A. Deshmukh,LP-2026-08-P03,TRUE
Total Cholesterol,P0292,PATIENT,,PAT0292,,197,mg/dL,2026-08-13,COBAS-702,R. Patel,LP-2026-08-P04,FALSE
Total Cholesterol,P0293,PATIENT,,PAT0293,,413,mg/dL,2026-08-14,COBAS-501,A. Deshmukh,LP-2026-08-P05,TRUE
Total Cholesterol,P0294,PATIENT,,PAT0294,,166,mg/dL,2026-08-15,COBAS-702,R. Patel,LP-2026-08-P06,TRUE
Total Cholesterol,P0295,PATIENT,,PAT0295,,148,mg/dL,2026-08-10,COBAS-501,A. Deshmukh,LP-2026-08-P07,TRUE
Total Cholesterol,P0296,PATIENT,,PAT0296,,125,mg/dL,2026-08-11,COBAS-702,R. Patel,LP-2026-08-P08,TRUE
Total Cholesterol,P0297,PATIENT,,PAT0297,,234,mg/dL,2026-08-12,COBAS-501,A. Deshmukh,LP-2026-08-P09,TRUE
Total Cholesterol,P0298,PATIENT,,PAT0298,,350,mg/dL,2026-08-13,COBAS-702,R. Patel,LP-2026-08-P10,TRUE
Total Cholesterol,P0299,PATIENT,,PAT0299,,226,mg/dL,2026-08-14,COBAS-501,A. Deshmukh,LP-2026-08-P11,TRUE
Total Cholesterol,P0300,PATIENT,,PAT0300,,162,mg/dL,2026-08-15,COBAS-702,R. Patel,LP-2026-08-P12,TRUE
Total Cholesterol,P0301,PATIENT,,PAT0301,,193,mg/dL,2026-08-10,COBAS-501,A. Deshmukh,LP-2026-08-P01,TRUE
Total Cholesterol,P0302,PATIENT,,PAT0302,,188,mg/dL,2026-08-11,COBAS-702,R. Patel,LP-2026-08-P02,TRUE
Total Cholesterol,P0303,PATIENT,,PAT0303,,173,mg/dL,2026-08-12,COBAS-501,A. Deshmukh,LP-2026-08-P03,TRUE
Total Cholesterol,P0304,PATIENT,,PAT0304,,197,mg/dL,2026-08-13,COBAS-702,R. Patel,LP-2026-08-P04,TRUE
Total Cholesterol,P0305,PATIENT,,PAT0305,,224,mg/dL,2026-08-14,COBAS-501,A. Deshmukh,LP-2026-08-P05,TRUE
Total Cholesterol,P0306,PATIENT,,PAT0306,,183,mg/dL,2026-08-15,COBAS-702,R. Patel,LP-2026-08-P06,TRUE
Total Cholesterol,P0307,PATIENT,,PAT0307,,286,mg/dL,2026-08-10,COBAS-501,A. Deshmukh,LP-2026-08-P07,TRUE
Total Cholesterol,P0308,PATIENT,,PAT0308,,184,mg/dL,2026-08-11,COBAS-702,R. Patel,LP-2026-08-P08,TRUE
Total Cholesterol,P0309,PATIENT,,PAT0309,,211,mg/dL,2026-08-12,COBAS-501,A. Deshmukh,LP-2026-08-P09,TRUE
Total Cholesterol,P0310,PATIENT,,PAT0310,,213,mg/dL,2026-08-13,COBAS-702,R. Patel,LP-2026-08-P10,TRUE
Total Cholesterol,P0311,PATIENT,,PAT0311,,118,mg/dL,2026-08-14,COBAS-501,A. Deshmukh,LP-2026-08-P11,TRUE
Total Cholesterol,P0312,PATIENT,,PAT0312,,218,mg/dL,2026-08-15,COBAS-702,R. Patel,LP-2026-08-P12,TRUE
Total Cholesterol,P0313,PATIENT,,PAT0313,,219,mg/dL,2026-08-10,COBAS-501,A. Deshmukh,LP-2026-08-P01,TRUE
Total Cholesterol,P0314,PATIENT,,PAT0314,,398,mg/dL,2026-08-11,COBAS-702,R. Patel,LP-2026-08-P02,TRUE
Total Cholesterol,P0315,PATIENT,,PAT0315,,174,mg/dL,2026-08-12,COBAS-501,A. Deshmukh,LP-2026-08-P03,TRUE
Total Cholesterol,P0316,PATIENT,,PAT0316,,199,mg/dL,2026-08-13,COBAS-702,R. Patel,LP-2026-08-P04,TRUE
Total Cholesterol,P0317,PATIENT,,PAT0317,,176,mg/dL,2026-08-14,COBAS-501,A. Deshmukh,LP-2026-08-P05,TRUE
Total Cholesterol,P0318,PATIENT,,PAT0318,,160,mg/dL,2026-08-15,COBAS-702,R. Patel,LP-2026-08-P06,TRUE
Total Cholesterol,P0319,PATIENT,,PAT0319,,172,mg/dL,2026-08-10,COBAS-501,A. Deshmukh,LP-2026-08-P07,TRUE
Total Cholesterol,P0320,PATIENT,,PAT0320,,194,mg/dL,2026-08-11,COBAS-702,R. Patel,LP-2026-08-P08,TRUE
Total Cholesterol,P0321,PATIENT,,PAT0321,,181,mg/dL,2026-08-12,COBAS-501,A. Deshmukh,LP-2026-08-P09,TRUE
Total Cholesterol,P0322,PATIENT,,PAT0322,,184,mg/dL,2026-08-13,COBAS-702,R. Patel,LP-2026-08-P10,TRUE
Total Cholesterol,P0323,PATIENT,,PAT0323,,183,mg/dL,2026-08-14,COBAS-501,A. Deshmukh,LP-2026-08-P11,TRUE
Total Cholesterol,P0324,PATIENT,,PAT0324,,239,mg/dL,2026-08-15,COBAS-702,R. Patel,LP-2026-08-P12,TRUE
Total Cholesterol,P0325,PATIENT,,PAT0325,,211,mg/dL,2026-08-10,COBAS-501,A. Deshmukh,LP-2026-08-P01,TRUE
Total Cholesterol,P0326,PATIENT,,PAT0326,,184,mg/dL,2026-08-11,COBAS-702,R. Patel,LP-2026-08-P02,TRUE
Total Cholesterol,P0327,PATIENT,,PAT0327,,143,mg/dL,2026-08-12,COBAS-501,A. Deshmukh,LP-2026-08-P03,TRUE
Total Cholesterol,P0328,PATIENT,,PAT0328,,174,mg/dL,2026-08-13,COBAS-702,R. Patel,LP-2026-08-P04,TRUE
Total Cholesterol,P0329,PATIENT,,PAT0329,,175,mg/dL,2026-08-14,COBAS-501,A. Deshmukh,LP-2026-08-P05,TRUE
Total Cholesterol,P0330,PATIENT,,PAT0330,,225,mg/dL,2026-08-15,COBAS-702,R. Patel,LP-2026-08-P06,TRUE
Total Cholesterol,P0331,PATIENT,,PAT0331,,203,mg/dL,2026-08-10,COBAS-501,A. Deshmukh,LP-2026-08-P07,TRUE
Total Cholesterol,P0332,PATIENT,,PAT0332,,178,mg/dL,2026-08-11,COBAS-702,R. Patel,LP-2026-08-P08,TRUE
Total Cholesterol,P0333,PATIENT,,PAT0333,,180,mg/dL,2026-08-12,COBAS-501,A. Deshmukh,LP-2026-08-P09,TRUE
Total Cholesterol,P0334,PATIENT,,PAT0334,,253,mg/dL,2026-08-13,COBAS-702,R. Patel,LP-2026-08-P10,TRUE
Total Cholesterol,P0335,PATIENT,,PAT0335,,166,mg/dL,2026-08-14,COBAS-501,A. Deshmukh,LP-2026-08-P11,TRUE
Total Cholesterol,P0336,PATIENT,,PAT0336,,222,mg/dL,2026-08-15,COBAS-702,R. Patel,LP-2026-08-P12,TRUE
Total Cholesterol,P0337,PATIENT,,PAT0337,,159,mg/dL,2026-08-10,COBAS-501,A. Deshmukh,LP-2026-08-P01,TRUE
Total Cholesterol,P0338,PATIENT,,PAT0338,,134,mg/dL,2026-08-11,COBAS-702,R. Patel,LP-2026-08-P02,TRUE
Total Cholesterol,P0339,PATIENT,,PAT0339,,164,mg/dL,2026-08-12,COBAS-501,A. Deshmukh,LP-2026-08-P03,TRUE
Total Cholesterol,P0340,PATIENT,,PAT0340,,185,mg/dL,2026-08-13,COBAS-702,R. Patel,LP-2026-08-P04,TRUE
Total Cholesterol,P0341,PATIENT,,PAT0341,,176,mg/dL,2026-08-14,COBAS-501,A. Deshmukh,LP-2026-08-P05,TRUE
Total Cholesterol,P0342,PATIENT,,PAT0342,,141,mg/dL,2026-08-15,COBAS-702,R. Patel,LP-2026-08-P06,TRUE
Total Cholesterol,P0343,PATIENT,,PAT0343,,152,mg/dL,2026-08-10,COBAS-501,A. Deshmukh,LP-2026-08-P07,TRUE
Total Cholesterol,P0344,PATIENT,,PAT0344,,146,mg/dL,2026-08-11,COBAS-702,R. Patel,LP-2026-08-P08,TRUE
Total Cholesterol,P0345,PATIENT,,PAT0345,,230,mg/dL,2026-08-12,COBAS-501,A. Deshmukh,LP-2026-08-P09,TRUE
Total Cholesterol,P0346,PATIENT,,PAT0346,,198,mg/dL,2026-08-13,COBAS-702,R. Patel,LP-2026-08-P10,TRUE
Total Cholesterol,P0347,PATIENT,,PAT0347,,176,mg/dL,2026-08-14,COBAS-501,A. Deshmukh,LP-2026-08-P11,TRUE
Total Cholesterol,P0348,PATIENT,,PAT0348,,184,mg/dL,2026-08-15,COBAS-702,R. Patel,LP-2026-08-P12,TRUE
Total Cholesterol,P0349,PATIENT,,PAT0349,,201,mg/dL,2026-08-10,COBAS-501,A. Deshmukh,LP-2026-08-P01,TRUE
Total Cholesterol,P0350,PATIENT,,PAT0350,,174,mg/dL,2026-08-11,COBAS-702,R. Patel,LP-2026-08-P02,TRUE
Total Cholesterol,P0351,PATIENT,,PAT0351,,229,mg/dL,2026-08-12,COBAS-501,A. Deshmukh,LP-2026-08-P03,TRUE
Total Cholesterol,P0352,PATIENT,,PAT0352,,200,mg/dL,2026-08-13,COBAS-702,R. Patel,LP-2026-08-P04,TRUE
Total Cholesterol,P0353,PATIENT,,PAT0353,,287,mg/dL,2026-08-14,COBAS-501,A. Deshmukh,LP-2026-08-P05,TRUE
Total Cholesterol,P0354,PATIENT,,PAT0354,,167,mg/dL,2026-08-15,COBAS-702,R. Patel,LP-2026-08-P06,TRUE
Total Cholesterol,P0355,PATIENT,,PAT0355,,242,mg/dL,2026-08-10,COBAS-501,A. Deshmukh,LP-2026-08-P07,TRUE
Total Cholesterol,P0356,PATIENT,,PAT0356,,198,mg/dL,2026-08-11,COBAS-702,R. Patel,LP-2026-08-P08,TRUE
Total Cholesterol,P0357,PATIENT,,PAT0357,,221,mg/dL,2026-08-12,COBAS-501,A. Deshmukh,LP-2026-08-P09,TRUE
Total Cholesterol,P0358,PATIENT,,PAT0358,,177,mg/dL,2026-08-13,COBAS-702,R. Patel,LP-2026-08-P10,TRUE
Total Cholesterol,P0359,PATIENT,,PAT0359,,206,mg/dL,2026-08-14,COBAS-501,A. Deshmukh,LP-2026-08-P11,TRUE
Total Cholesterol,P0360,PATIENT,,PAT0360,,161,mg/dL,2026-08-15,COBAS-702,R. Patel,LP-2026-08-P12,TRUE
Total Cholesterol,P0361,PATIENT,,PAT0361,,197,mg/dL,2026-08-10,COBAS-501,A. Deshmukh,LP-2026-08-P01,TRUE
Total Cholesterol,P0362,PATIENT,,PAT0362,,183,mg/dL,2026-08-11,COBAS-702,R. Patel,LP-2026-08-P02,TRUE
Total Cholesterol,P0363,PATIENT,,PAT0363,,224,mg/dL,2026-08-12,COBAS-501,A. Deshmukh,LP-2026-08-P03,TRUE
Total Cholesterol,P0364,PATIENT,,PAT0364,,245,mg/dL,2026-08-13,COBAS-702,R. Patel,LP-2026-08-P04,TRUE
Total Cholesterol,P0365,PATIENT,,PAT0365,,205,mg/dL,2026-08-14,COBAS-501,A. Deshmukh,LP-2026-08-P05,TRUE
Total Cholesterol,P0366,PATIENT,,PAT0366,,209,mg/dL,2026-08-15,COBAS-702,R. Patel,LP-2026-08-P06,TRUE
Total Cholesterol,P0367,PATIENT,,PAT0367,,181,mg/dL,2026-08-10,COBAS-501,A. Deshmukh,LP-2026-08-P07,TRUE
Total Cholesterol,P0368,PATIENT,,PAT0368,,199,mg/dL,2026-08-11,COBAS-702,R. Patel,LP-2026-08-P08,TRUE
Total Cholesterol,P0369,PATIENT,,PAT0369,,180,mg/dL,2026-08-12,COBAS-501,A. Deshmukh,LP-2026-08-P09,TRUE
Total Cholesterol,P0370,PATIENT,,PAT0370,,143,mg/dL,2026-08-13,COBAS-702,R. Patel,LP-2026-08-P10,TRUE
Total Cholesterol,P0371,PATIENT,,PAT0371,,141,mg/dL,2026-08-14,COBAS-501,A. Deshmukh,LP-2026-08-P11,TRUE
Total Cholesterol,P0372,PATIENT,,PAT0372,,155,mg/dL,2026-08-15,COBAS-702,R. Patel,LP-2026-08-P12,TRUE
Total Cholesterol,P0373,PATIENT,,PAT0373,,187,mg/dL,2026-08-10,COBAS-501,A. Deshmukh,LP-2026-08-P01,TRUE
Total Cholesterol,P0374,PATIENT,,PAT0374,,127,mg/dL,2026-08-11,COBAS-702,R. Patel,LP-2026-08-P02,TRUE
Total Cholesterol,P0375,PATIENT,,PAT0375,,226,mg/dL,2026-08-12,COBAS-501,A. Deshmukh,LP-2026-08-P03,TRUE
Total Cholesterol,P0376,PATIENT,,PAT0376,,177,mg/dL,2026-08-13,COBAS-702,R. Patel,LP-2026-08-P04,TRUE
Total Cholesterol,P0377,PATIENT,,PAT0377,,226,mg/dL,2026-08-14,COBAS-501,A. Deshmukh,LP-2026-08-P05,TRUE
Total Cholesterol,P0378,PATIENT,,PAT0378,,241,mg/dL,2026-08-15,COBAS-702,R. Patel,LP-2026-08-P06,TRUE
Total Cholesterol,P0379,PATIENT,,PAT0379,,129,mg/dL,2026-08-10,COBAS-501,A. Deshmukh,LP-2026-08-P07,TRUE
Total Cholesterol,P0380,PATIENT,,PAT0380,,180,mg/dL,2026-08-11,COBAS-702,R. Patel,LP-2026-08-P08,TRUE
Total Cholesterol,P0381,PATIENT,,PAT0381,,233,mg/dL,2026-08-12,COBAS-501,A. Deshmukh,LP-2026-08-P09,TRUE
Total Cholesterol,P0382,PATIENT,,PAT0382,,297,mg/dL,2026-08-13,COBAS-702,R. Patel,LP-2026-08-P10,TRUE
Total Cholesterol,P0383,PATIENT,,PAT0383,,180,mg/dL,2026-08-14,COBAS-501,A. Deshmukh,LP-2026-08-P11,TRUE
Total Cholesterol,P0384,PATIENT,,PAT0384,,182,mg/dL,2026-08-15,COBAS-702,R. Patel,LP-2026-08-P12,TRUE
Total Cholesterol,P0385,PATIENT,,PAT0385,,167,mg/dL,2026-08-10,COBAS-501,A. Deshmukh,LP-2026-08-P01,TRUE
Total Cholesterol,P0386,PATIENT,,PAT0386,,182,mg/dL,2026-08-11,COBAS-702,R. Patel,LP-2026-08-P02,TRUE
Total Cholesterol,P0387,PATIENT,,PAT0387,,214,mg/dL,2026-08-12,COBAS-501,A. Deshmukh,LP-2026-08-P03,TRUE
Total Cholesterol,P0388,PATIENT,,PAT0388,,214,mg/dL,2026-08-13,COBAS-702,R. Patel,LP-2026-08-P04,TRUE
Total Cholesterol,P0389,PATIENT,,PAT0389,,171,mg/dL,2026-08-14,COBAS-501,A. Deshmukh,LP-2026-08-P05,FALSE
Total Cholesterol,P0390,PATIENT,,PAT0390,,351,mg/dL,2026-08-15,COBAS-702,R. Patel,LP-2026-08-P06,TRUE
Total Cholesterol,P0391,PATIENT,,PAT0391,,168,mg/dL,2026-08-10,COBAS-501,A. Deshmukh,LP-2026-08-P07,TRUE
Total Cholesterol,P0392,PATIENT,,PAT0392,,414,mg/dL,2026-08-11,COBAS-702,R. Patel,LP-2026-08-P08,TRUE
Total Cholesterol,P0393,PATIENT,,PAT0393,,217,mg/dL,2026-08-12,COBAS-501,A. Deshmukh,LP-2026-08-P09,TRUE
Total Cholesterol,P0394,PATIENT,,PAT0394,,147,mg/dL,2026-08-13,COBAS-702,R. Patel,LP-2026-08-P10,TRUE
Total Cholesterol,P0395,PATIENT,,PAT0395,,160,mg/dL,2026-08-14,COBAS-501,A. Deshmukh,LP-2026-08-P11,TRUE
Total Cholesterol,P0396,PATIENT,,PAT0396,,206,mg/dL,2026-08-15,COBAS-702,R. Patel,LP-2026-08-P12,TRUE
Total Cholesterol,P0397,PATIENT,,PAT0397,,145,mg/dL,2026-08-10,COBAS-501,A. Deshmukh,LP-2026-08-P01,TRUE
Total Cholesterol,P0398,PATIENT,,PAT0398,,216,mg/dL,2026-08-11,COBAS-702,R. Patel,LP-2026-08-P02,TRUE
Total Cholesterol,P0399,PATIENT,,PAT0399,,212,mg/dL,2026-08-12,COBAS-501,A. Deshmukh,LP-2026-08-P03,TRUE
Total Cholesterol,P0400,PATIENT,,PAT0400,,268,mg/dL,2026-08-13,COBAS-702,R. Patel,LP-2026-08-P04,TRUE
Total Cholesterol,P0401,PATIENT,,PAT0401,,241,mg/dL,2026-08-14,COBAS-501,A. Deshmukh,LP-2026-08-P05,TRUE
Total Cholesterol,P0402,PATIENT,,PAT0402,,394,mg/dL,2026-08-15,COBAS-702,R. Patel,LP-2026-08-P06,TRUE
Total Cholesterol,P0403,PATIENT,,PAT0403,,81,mg/dL,2026-08-10,COBAS-501,A. Deshmukh,LP-2026-08-P07,TRUE
Total Cholesterol,P0404,PATIENT,,PAT0404,,207,mg/dL,2026-08-11,COBAS-702,R. Patel,LP-2026-08-P08,TRUE
Total Cholesterol,P0405,PATIENT,,PAT0405,,195,mg/dL,2026-08-12,COBAS-501,A. Deshmukh,LP-2026-08-P09,TRUE
Total Cholesterol,P0406,PATIENT,,PAT0406,,156,mg/dL,2026-08-13,COBAS-702,R. Patel,LP-2026-08-P10,TRUE
Total Cholesterol,P0407,PATIENT,,PAT0407,,188,mg/dL,2026-08-14,COBAS-501,A. Deshmukh,LP-2026-08-P11,TRUE
Total Cholesterol,P0408,PATIENT,,PAT0408,,200,mg/dL,2026-08-15,COBAS-702,R. Patel,LP-2026-08-P12,TRUE
Total Cholesterol,P0409,PATIENT,,PAT0409,,210,mg/dL,2026-08-10,COBAS-501,A. Deshmukh,LP-2026-08-P01,TRUE
Total Cholesterol,P0410,PATIENT,,PAT0410,,169,mg/dL,2026-08-11,COBAS-702,R. Patel,LP-2026-08-P02,TRUE
Total Cholesterol,P0411,PATIENT,,PAT0411,,281,mg/dL,2026-08-12,COBAS-501,A. Deshmukh,LP-2026-08-P03,TRUE
Total Cholesterol,P0412,PATIENT,,PAT0412,,263,mg/dL,2026-08-13,COBAS-702,R. Patel,LP-2026-08-P04,TRUE
Total Cholesterol,P0413,PATIENT,,PAT0413,,136,mg/dL,2026-08-14,COBAS-501,A. Deshmukh,LP-2026-08-P05,TRUE
Total Cholesterol,P0414,PATIENT,,PAT0414,,224,mg/dL,2026-08-15,COBAS-702,R. Patel,LP-2026-08-P06,TRUE
Total Cholesterol,P0415,PATIENT,,PAT0415,,220,mg/dL,2026-08-10,COBAS-501,A. Deshmukh,LP-2026-08-P07,TRUE
Total Cholesterol,P0416,PATIENT,,PAT0416,,193,mg/dL,2026-08-11,COBAS-702,R. Patel,LP-2026-08-P08,TRUE
Total Cholesterol,P0417,PATIENT,,PAT0417,,176,mg/dL,2026-08-12,COBAS-501,A. Deshmukh,LP-2026-08-P09,TRUE
Total Cholesterol,P0418,PATIENT,,PAT0418,,144,mg/dL,2026-08-13,COBAS-702,R. Patel,LP-2026-08-P10,TRUE
Total Cholesterol,P0419,PATIENT,,PAT0419,,339,mg/dL,2026-08-14,COBAS-501,A. Deshmukh,LP-2026-08-P11,TRUE
Total Cholesterol,P0420,PATIENT,,PAT0420,,186,mg/dL,2026-08-15,COBAS-702,R. Patel,LP-2026-08-P12,TRUE
Total Cholesterol,P0421,PATIENT,,PAT0421,,256,mg/dL,2026-08-10,COBAS-501,A. Deshmukh,LP-2026-08-P01,TRUE
Total Cholesterol,P0422,PATIENT,,PAT0422,,202,mg/dL,2026-08-11,COBAS-702,R. Patel,LP-2026-08-P02,TRUE
Total Cholesterol,P0423,PATIENT,,PAT0423,,202,mg/dL,2026-08-12,COBAS-501,A. Deshmukh,LP-2026-08-P03,TRUE
Total Cholesterol,P0424,PATIENT,,PAT0424,,200,mg/dL,2026-08-13,COBAS-702,R. Patel,LP-2026-08-P04,TRUE
Total Cholesterol,P0425,PATIENT,,PAT0425,,198,mg/dL,2026-08-14,COBAS-501,A. Deshmukh,LP-2026-08-P05,TRUE
Total Cholesterol,P0426,PATIENT,,PAT0426,,143,mg/dL,2026-08-15,COBAS-702,R. Patel,LP-2026-08-P06,TRUE
Total Cholesterol,P0427,PATIENT,,PAT0427,,167,mg/dL,2026-08-10,COBAS-501,A. Deshmukh,LP-2026-08-P07,TRUE
Total Cholesterol,P0428,PATIENT,,PAT0428,,296,mg/dL,2026-08-11,COBAS-702,R. Patel,LP-2026-08-P08,TRUE
Total Cholesterol,P0429,PATIENT,,PAT0429,,226,mg/dL,2026-08-12,COBAS-501,A. Deshmukh,LP-2026-08-P09,TRUE
Total Cholesterol,P0430,PATIENT,,PAT0430,,200,mg/dL,2026-08-13,COBAS-702,R. Patel,LP-2026-08-P10,TRUE
Total Cholesterol,P0431,PATIENT,,PAT0431,,186,mg/dL,2026-08-14,COBAS-501,A. Deshmukh,LP-2026-08-P11,TRUE
Total Cholesterol,P0432,PATIENT,,PAT0432,,262,mg/dL,2026-08-15,COBAS-702,R. Patel,LP-2026-08-P12,TRUE
Total Cholesterol,P0433,PATIENT,,PAT0433,,201,mg/dL,2026-08-10,COBAS-501,A. Deshmukh,LP-2026-08-P01,TRUE
Total Cholesterol,P0434,PATIENT,,PAT0434,,213,mg/dL,2026-08-11,COBAS-702,R. Patel,LP-2026-08-P02,TRUE
Total Cholesterol,P0435,PATIENT,,PAT0435,,239,mg/dL,2026-08-12,COBAS-501,A. Deshmukh,LP-2026-08-P03,TRUE
Total Cholesterol,P0436,PATIENT,,PAT0436,,202,mg/dL,2026-08-13,COBAS-702,R. Patel,LP-2026-08-P04,TRUE
Total Cholesterol,P0437,PATIENT,,PAT0437,,189,mg/dL,2026-08-14,COBAS-501,A. Deshmukh,LP-2026-08-P05,TRUE
Total Cholesterol,P0438,PATIENT,,PAT0438,,168,mg/dL,2026-08-15,COBAS-702,R. Patel,LP-2026-08-P06,TRUE
Total Cholesterol,P0439,PATIENT,,PAT0439,,168,mg/dL,2026-08-10,COBAS-501,A. Deshmukh,LP-2026-08-P07,TRUE
Total Cholesterol,P0440,PATIENT,,PAT0440,,164,mg/dL,2026-08-11,COBAS-702,R. Patel,LP-2026-08-P08,TRUE
Total Cholesterol,P0441,PATIENT,,PAT0441,,223,mg/dL,2026-08-12,COBAS-501,A. Deshmukh,LP-2026-08-P09,TRUE
Total Cholesterol,P0442,PATIENT,,PAT0442,,201,mg/dL,2026-08-13,COBAS-702,R. Patel,LP-2026-08-P10,TRUE
Total Cholesterol,P0443,PATIENT,,PAT0443,,253,mg/dL,2026-08-14,COBAS-501,A. Deshmukh,LP-2026-08-P11,TRUE
Total Cholesterol,P0444,PATIENT,,PAT0444,,183,mg/dL,2026-08-15,COBAS-702,R. Patel,LP-2026-08-P12,TRUE
Total Cholesterol,P0445,PATIENT,,PAT0445,,193,mg/dL,2026-08-10,COBAS-501,A. Deshmukh,LP-2026-08-P01,TRUE
Total Cholesterol,P0446,PATIENT,,PAT0446,,210,mg/dL,2026-08-11,COBAS-702,R. Patel,LP-2026-08-P02,TRUE
Total Cholesterol,P0447,PATIENT,,PAT0447,,207,mg/dL,2026-08-12,COBAS-501,A. Deshmukh,LP-2026-08-P03,TRUE
Total Cholesterol,P0448,PATIENT,,PAT0448,,214,mg/dL,2026-08-13,COBAS-702,R. Patel,LP-2026-08-P04,TRUE
Total Cholesterol,P0449,PATIENT,,PAT0449,,176,mg/dL,2026-08-14,COBAS-501,A. Deshmukh,LP-2026-08-P05,TRUE
Total Cholesterol,P0450,PATIENT,,PAT0450,,198,mg/dL,2026-08-15,COBAS-702,R. Patel,LP-2026-08-P06,TRUE
Total Cholesterol,P0451,PATIENT,,PAT0451,,167,mg/dL,2026-08-10,COBAS-501,A. Deshmukh,LP-2026-08-P07,TRUE
Total Cholesterol,P0452,PATIENT,,PAT0452,,175,mg/dL,2026-08-11,COBAS-702,R. Patel,LP-2026-08-P08,TRUE
Total Cholesterol,P0453,PATIENT,,PAT0453,,171,mg/dL,2026-08-12,COBAS-501,A. Deshmukh,LP-2026-08-P09,TRUE
Total Cholesterol,P0454,PATIENT,,PAT0454,,146,mg/dL,2026-08-13,COBAS-702,R. Patel,LP-2026-08-P10,TRUE
Total Cholesterol,P0455,PATIENT,,PAT0455,,91,mg/dL,2026-08-14,COBAS-501,A. Deshmukh,LP-2026-08-P11,TRUE
Total Cholesterol,P0456,PATIENT,,PAT0456,,208,mg/dL,2026-08-15,COBAS-702,R. Patel,LP-2026-08-P12,TRUE
Total Cholesterol,P0457,PATIENT,,PAT0457,,217,mg/dL,2026-08-10,COBAS-501,A. Deshmukh,LP-2026-08-P01,TRUE
Total Cholesterol,P0458,PATIENT,,PAT0458,,198,mg/dL,2026-08-11,COBAS-702,R. Patel,LP-2026-08-P02,TRUE
Total Cholesterol,P0459,PATIENT,,PAT0459,,233,mg/dL,2026-08-12,COBAS-501,A. Deshmukh,LP-2026-08-P03,TRUE
Total Cholesterol,P0460,PATIENT,,PAT0460,,171,mg/dL,2026-08-13,COBAS-702,R. Patel,LP-2026-08-P04,TRUE
Total Cholesterol,P0461,PATIENT,,PAT0461,,184,mg/dL,2026-08-14,COBAS-501,A. Deshmukh,LP-2026-08-P05,TRUE
Total Cholesterol,P0462,PATIENT,,PAT0462,,268,mg/dL,2026-08-15,COBAS-702,R. Patel,LP-2026-08-P06,TRUE
Total Cholesterol,P0463,PATIENT,,PAT0463,,268,mg/dL,2026-08-10,COBAS-501,A. Deshmukh,LP-2026-08-P07,TRUE
Total Cholesterol,P0464,PATIENT,,PAT0464,,216,mg/dL,2026-08-11,COBAS-702,R. Patel,LP-2026-08-P08,TRUE
Total Cholesterol,P0465,PATIENT,,PAT0465,,257,mg/dL,2026-08-12,COBAS-501,A. Deshmukh,LP-2026-08-P09,TRUE
Total Cholesterol,P0466,PATIENT,,PAT0466,,192,mg/dL,2026-08-13,COBAS-702,R. Patel,LP-2026-08-P10,TRUE
Total Cholesterol,P0467,PATIENT,,PAT0467,,161,mg/dL,2026-08-14,COBAS-501,A. Deshmukh,LP-2026-08-P11,TRUE
Total Cholesterol,P0468,PATIENT,,PAT0468,,223,mg/dL,2026-08-15,COBAS-702,R. Patel,LP-2026-08-P12,TRUE
Total Cholesterol,P0469,PATIENT,,PAT0469,,170,mg/dL,2026-08-10,COBAS-501,A. Deshmukh,LP-2026-08-P01,TRUE
Total Cholesterol,P0470,PATIENT,,PAT0470,,205,mg/dL,2026-08-11,COBAS-702,R. Patel,LP-2026-08-P02,TRUE
Total Cholesterol,P0471,PATIENT,,PAT0471,,125,mg/dL,2026-08-12,COBAS-501,A. Deshmukh,LP-2026-08-P03,TRUE
Total Cholesterol,P0472,PATIENT,,PAT0472,,120,mg/dL,2026-08-13,COBAS-702,R. Patel,LP-2026-08-P04,TRUE
Total Cholesterol,P0473,PATIENT,,PAT0473,,225,mg/dL,2026-08-14,COBAS-501,A. Deshmukh,LP-2026-08-P05,TRUE
Total Cholesterol,P0474,PATIENT,,PAT0474,,184,mg/dL,2026-08-15,COBAS-702,R. Patel,LP-2026-08-P06,TRUE
Total Cholesterol,P0475,PATIENT,,PAT0475,,191,mg/dL,2026-08-10,COBAS-501,A. Deshmukh,LP-2026-08-P07,TRUE
Total Cholesterol,P0476,PATIENT,,PAT0476,,219,mg/dL,2026-08-11,COBAS-702,R. Patel,LP-2026-08-P08,TRUE
Total Cholesterol,P0477,PATIENT,,PAT0477,,187,mg/dL,2026-08-12,COBAS-501,A. Deshmukh,LP-2026-08-P09,TRUE
Total Cholesterol,P0478,PATIENT,,PAT0478,,190,mg/dL,2026-08-13,COBAS-702,R. Patel,LP-2026-08-P10,TRUE
Total Cholesterol,P0479,PATIENT,,PAT0479,,166,mg/dL,2026-08-14,COBAS-501,A. Deshmukh,LP-2026-08-P11,TRUE
Total Cholesterol,P0480,PATIENT,,PAT0480,,147,mg/dL,2026-08-15,COBAS-702,R. Patel,LP-2026-08-P12,TRUE
Total Cholesterol,P0481,PATIENT,,PAT0481,,181,mg/dL,2026-08-10,COBAS-501,A. Deshmukh,LP-2026-08-P01,TRUE
Total Cholesterol,P0482,PATIENT,,PAT0482,,178,mg/dL,2026-08-11,COBAS-702,R. Patel,LP-2026-08-P02,TRUE
Total Cholesterol,P0483,PATIENT,,PAT0483,,156,mg/dL,2026-08-12,COBAS-501,A. Deshmukh,LP-2026-08-P03,TRUE
Total Cholesterol,P0484,PATIENT,,PAT0484,,417,mg/dL,2026-08-13,COBAS-702,R. Patel,LP-2026-08-P04,TRUE
Total Cholesterol,P0485,PATIENT,,PAT0485,,215,mg/dL,2026-08-14,COBAS-501,A. Deshmukh,LP-2026-08-P05,TRUE
Total Cholesterol,P0486,PATIENT,,PAT0486,,235,mg/dL,2026-08-15,COBAS-702,R. Patel,LP-2026-08-P06,FALSE
Total Cholesterol,P0487,PATIENT,,PAT0487,,231,mg/dL,2026-08-10,COBAS-501,A. Deshmukh,LP-2026-08-P07,TRUE
Total Cholesterol,P0488,PATIENT,,PAT0488,,215,mg/dL,2026-08-11,COBAS-702,R. Patel,LP-2026-08-P08,TRUE
Total Cholesterol,P0489,PATIENT,,PAT0489,,163,mg/dL,2026-08-12,COBAS-501,A. Deshmukh,LP-2026-08-P09,TRUE
Total Cholesterol,P0490,PATIENT,,PAT0490,,194,mg/dL,2026-08-13,COBAS-702,R. Patel,LP-2026-08-P10,TRUE
Total Cholesterol,P0491,PATIENT,,PAT0491,,241,mg/dL,2026-08-14,COBAS-501,A. Deshmukh,LP-2026-08-P11,TRUE
Total Cholesterol,P0492,PATIENT,,PAT0492,,142,mg/dL,2026-08-15,COBAS-702,R. Patel,LP-2026-08-P12,TRUE
Total Cholesterol,P0493,PATIENT,,PAT0493,,242,mg/dL,2026-08-10,COBAS-501,A. Deshmukh,LP-2026-08-P01,TRUE
Total Cholesterol,P0494,PATIENT,,PAT0494,,133,mg/dL,2026-08-11,COBAS-702,R. Patel,LP-2026-08-P02,TRUE
Total Cholesterol,P0495,PATIENT,,PAT0495,,210,mg/dL,2026-08-12,COBAS-501,A. Deshmukh,LP-2026-08-P03,TRUE
Total Cholesterol,P0496,PATIENT,,PAT0496,,370,mg/dL,2026-08-13,COBAS-702,R. Patel,LP-2026-08-P04,TRUE
Total Cholesterol,P0497,PATIENT,,PAT0497,,149,mg/dL,2026-08-14,COBAS-501,A. Deshmukh,LP-2026-08-P05,TRUE
Total Cholesterol,P0498,PATIENT,,PAT0498,,386,mg/dL,2026-08-15,COBAS-702,R. Patel,LP-2026-08-P06,TRUE
Total Cholesterol,P0499,PATIENT,,PAT0499,,262,mg/dL,2026-08-10,COBAS-501,A. Deshmukh,LP-2026-08-P07,TRUE
Total Cholesterol,P0500,PATIENT,,PAT0500,,187,mg/dL,2026-08-11,COBAS-702,R. Patel,LP-2026-08-P08,TRUE
Total Cholesterol,P0501,PATIENT,,PAT0501,,162,mg/dL,2026-08-12,COBAS-501,A. Deshmukh,LP-2026-08-P09,TRUE
Total Cholesterol,P0502,PATIENT,,PAT0502,,179,mg/dL,2026-08-13,COBAS-702,R. Patel,LP-2026-08-P10,TRUE
Total Cholesterol,P0503,PATIENT,,PAT0503,,290,mg/dL,2026-08-14,COBAS-501,A. Deshmukh,LP-2026-08-P11,TRUE
Total Cholesterol,P0504,PATIENT,,PAT0504,,165,mg/dL,2026-08-15,COBAS-702,R. Patel,LP-2026-08-P12,TRUE
Total Cholesterol,P0505,PATIENT,,PAT0505,,215,mg/dL,2026-08-10,COBAS-501,A. Deshmukh,LP-2026-08-P01,TRUE
Total Cholesterol,P0506,PATIENT,,PAT0506,,88,mg/dL,2026-08-11,COBAS-702,R. Patel,LP-2026-08-P02,TRUE
Total Cholesterol,P0507,PATIENT,,PAT0507,,199,mg/dL,2026-08-12,COBAS-501,A. Deshmukh,LP-2026-08-P03,TRUE
Total Cholesterol,P0508,PATIENT,,PAT0508,,370,mg/dL,2026-08-13,COBAS-702,R. Patel,LP-2026-08-P04,TRUE
Total Cholesterol,P0509,PATIENT,,PAT0509,,134,mg/dL,2026-08-14,COBAS-501,A. Deshmukh,LP-2026-08-P05,TRUE
Total Cholesterol,P0510,PATIENT,,PAT0510,,209,mg/dL,2026-08-15,COBAS-702,R. Patel,LP-2026-08-P06,TRUE
Total Cholesterol,P0511,PATIENT,,PAT0511,,157,mg/dL,2026-08-10,COBAS-501,A. Deshmukh,LP-2026-08-P07,TRUE
Total Cholesterol,P0512,PATIENT,,PAT0512,,220,mg/dL,2026-08-11,COBAS-702,R. Patel,LP-2026-08-P08,TRUE
Total Cholesterol,P0513,PATIENT,,PAT0513,,162,mg/dL,2026-08-12,COBAS-501,A. Deshmukh,LP-2026-08-P09,TRUE
Total Cholesterol,P0514,PATIENT,,PAT0514,,118,mg/dL,2026-08-13,COBAS-702,R. Patel,LP-2026-08-P10,TRUE
Total Cholesterol,P0515,PATIENT,,PAT0515,,212,mg/dL,2026-08-14,COBAS-501,A. Deshmukh,LP-2026-08-P11,TRUE
Total Cholesterol,P0516,PATIENT,,PAT0516,,149,mg/dL,2026-08-15,COBAS-702,R. Patel,LP-2026-08-P12,TRUE
Total Cholesterol,P0517,PATIENT,,PAT0517,,176,mg/dL,2026-08-10,COBAS-501,A. Deshmukh,LP-2026-08-P01,TRUE
Total Cholesterol,P0518,PATIENT,,PAT0518,,191,mg/dL,2026-08-11,COBAS-702,R. Patel,LP-2026-08-P02,TRUE
Total Cholesterol,P0519,PATIENT,,PAT0519,,136,mg/dL,2026-08-12,COBAS-501,A. Deshmukh,LP-2026-08-P03,TRUE
Total Cholesterol,P0520,PATIENT,,PAT0520,,232,mg/dL,2026-08-13,COBAS-702,R. Patel,LP-2026-08-P04,TRUE
Total Cholesterol,P0521,PATIENT,,PAT0521,,229,mg/dL,2026-08-14,COBAS-501,A. Deshmukh,LP-2026-08-P05,TRUE
Total Cholesterol,P0522,PATIENT,,PAT0522,,177,mg/dL,2026-08-15,COBAS-702,R. Patel,LP-2026-08-P06,TRUE
Total Cholesterol,P0523,PATIENT,,PAT0523,,217,mg/dL,2026-08-10,COBAS-501,A. Deshmukh,LP-2026-08-P07,TRUE
Total Cholesterol,P0524,PATIENT,,PAT0524,,171,mg/dL,2026-08-11,COBAS-702,R. Patel,LP-2026-08-P08,TRUE
Total Cholesterol,P0525,PATIENT,,PAT0525,,264,mg/dL,2026-08-12,COBAS-501,A. Deshmukh,LP-2026-08-P09,TRUE
Total Cholesterol,P0526,PATIENT,,PAT0526,,179,mg/dL,2026-08-13,COBAS-702,R. Patel,LP-2026-08-P10,TRUE
Total Cholesterol,P0527,PATIENT,,PAT0527,,162,mg/dL,2026-08-14,COBAS-501,A. Deshmukh,LP-2026-08-P11,TRUE
Total Cholesterol,P0528,PATIENT,,PAT0528,,225,mg/dL,2026-08-15,COBAS-702,R. Patel,LP-2026-08-P12,TRUE
Total Cholesterol,P0529,PATIENT,,PAT0529,,242,mg/dL,2026-08-10,COBAS-501,A. Deshmukh,LP-2026-08-P01,TRUE
Total Cholesterol,P0530,PATIENT,,PAT0530,,187,mg/dL,2026-08-11,COBAS-702,R. Patel,LP-2026-08-P02,TRUE
Total Cholesterol,P0531,PATIENT,,PAT0531,,214,mg/dL,2026-08-12,COBAS-501,A. Deshmukh,LP-2026-08-P03,TRUE
Total Cholesterol,P0532,PATIENT,,PAT0532,,186,mg/dL,2026-08-13,COBAS-702,R. Patel,LP-2026-08-P04,TRUE
Total Cholesterol,P0533,PATIENT,,PAT0533,,205,mg/dL,2026-08-14,COBAS-501,A. Deshmukh,LP-2026-08-P05,TRUE
Total Cholesterol,P0534,PATIENT,,PAT0534,,204,mg/dL,2026-08-15,COBAS-702,R. Patel,LP-2026-08-P06,TRUE
Total Cholesterol,P0535,PATIENT,,PAT0535,,112,mg/dL,2026-08-10,COBAS-501,A. Deshmukh,LP-2026-08-P07,TRUE
Total Cholesterol,P0536,PATIENT,,PAT0536,,197,mg/dL,2026-08-11,COBAS-702,R. Patel,LP-2026-08-P08,TRUE
Total Cholesterol,P0537,PATIENT,,PAT0537,,195,mg/dL,2026-08-12,COBAS-501,A. Deshmukh,LP-2026-08-P09,TRUE
Total Cholesterol,P0538,PATIENT,,PAT0538,,190,mg/dL,2026-08-13,COBAS-702,R. Patel,LP-2026-08-P10,TRUE
Total Cholesterol,P0539,PATIENT,,PAT0539,,228,mg/dL,2026-08-14,COBAS-501,A. Deshmukh,LP-2026-08-P11,TRUE
Total Cholesterol,P0540,PATIENT,,PAT0540,,290,mg/dL,2026-08-15,COBAS-702,R. Patel,LP-2026-08-P12,TRUE
Total Cholesterol,P0541,PATIENT,,PAT0541,,186,mg/dL,2026-08-10,COBAS-501,A. Deshmukh,LP-2026-08-P01,TRUE
Total Cholesterol,P0542,PATIENT,,PAT0542,,196,mg/dL,2026-08-11,COBAS-702,R. Patel,LP-2026-08-P02,TRUE
Total Cholesterol,P0543,PATIENT,,PAT0543,,160,mg/dL,2026-08-12,COBAS-501,A. Deshmukh,LP-2026-08-P03,TRUE
Total Cholesterol,P0544,PATIENT,,PAT0544,,140,mg/dL,2026-08-13,COBAS-702,R. Patel,LP-2026-08-P04,TRUE
Total Cholesterol,P0545,PATIENT,,PAT0545,,191,mg/dL,2026-08-14,COBAS-501,A. Deshmukh,LP-2026-08-P05,TRUE
Total Cholesterol,P0546,PATIENT,,PAT0546,,198,mg/dL,2026-08-15,COBAS-702,R. Patel,LP-2026-08-P06,TRUE
Total Cholesterol,P0547,PATIENT,,PAT0547,,172,mg/dL,2026-08-10,COBAS-501,A. Deshmukh,LP-2026-08-P07,TRUE
Total Cholesterol,P0548,PATIENT,,PAT0548,,171,mg/dL,2026-08-11,COBAS-702,R. Patel,LP-2026-08-P08,TRUE
Total Cholesterol,P0549,PATIENT,,PAT0549,,168,mg/dL,2026-08-12,COBAS-501,A. Deshmukh,LP-2026-08-P09,TRUE
Total Cholesterol,P0550,PATIENT,,PAT0550,,210,mg/dL,2026-08-13,COBAS-702,R. Patel,LP-2026-08-P10,TRUE
Total Cholesterol,P0551,PATIENT,,PAT0551,,164,mg/dL,2026-08-14,COBAS-501,A. Deshmukh,LP-2026-08-P11,TRUE
Total Cholesterol,P0552,PATIENT,,PAT0552,,65,mg/dL,2026-08-15,COBAS-702,R. Patel,LP-2026-08-P12,TRUE
Total Cholesterol,P0553,PATIENT,,PAT0553,,171,mg/dL,2026-08-10,COBAS-501,A. Deshmukh,LP-2026-08-P01,TRUE
Total Cholesterol,P0554,PATIENT,,PAT0554,,138,mg/dL,2026-08-11,COBAS-702,R. Patel,LP-2026-08-P02,TRUE
Total Cholesterol,P0555,PATIENT,,PAT0555,,250,mg/dL,2026-08-12,COBAS-501,A. Deshmukh,LP-2026-08-P03,TRUE
Total Cholesterol,P0556,PATIENT,,PAT0556,,252,mg/dL,2026-08-13,COBAS-702,R. Patel,LP-2026-08-P04,TRUE
Total Cholesterol,P0557,PATIENT,,PAT0557,,141,mg/dL,2026-08-14,COBAS-501,A. Deshmukh,LP-2026-08-P05,TRUE
Total Cholesterol,P0558,PATIENT,,PAT0558,,200,mg/dL,2026-08-15,COBAS-702,R. Patel,LP-2026-08-P06,TRUE
Total Cholesterol,P0559,PATIENT,,PAT0559,,241,mg/dL,2026-08-10,COBAS-501,A. Deshmukh,LP-2026-08-P07,TRUE
Total Cholesterol,P0560,PATIENT,,PAT0560,,242,mg/dL,2026-08-11,COBAS-702,R. Patel,LP-2026-08-P08,TRUE
Total Cholesterol,P0561,PATIENT,,PAT0561,,108,mg/dL,2026-08-12,COBAS-501,A. Deshmukh,LP-2026-08-P09,TRUE
Total Cholesterol,P0562,PATIENT,,PAT0562,,158,mg/dL,2026-08-13,COBAS-702,R. Patel,LP-2026-08-P10,TRUE
Total Cholesterol,P0563,PATIENT,,PAT0563,,135,mg/dL,2026-08-14,COBAS-501,A. Deshmukh,LP-2026-08-P11,TRUE
Total Cholesterol,P0564,PATIENT,,PAT0564,,168,mg/dL,2026-08-15,COBAS-702,R. Patel,LP-2026-08-P12,TRUE
Total Cholesterol,P0565,PATIENT,,PAT0565,,268,mg/dL,2026-08-10,COBAS-501,A. Deshmukh,LP-2026-08-P01,TRUE
Total Cholesterol,P0566,PATIENT,,PAT0566,,205,mg/dL,2026-08-11,COBAS-702,R. Patel,LP-2026-08-P02,TRUE
Total Cholesterol,P0567,PATIENT,,PAT0567,,397,mg/dL,2026-08-12,COBAS-501,A. Deshmukh,LP-2026-08-P03,TRUE
Total Cholesterol,P0568,PATIENT,,PAT0568,,123,mg/dL,2026-08-13,COBAS-702,R. Patel,LP-2026-08-P04,TRUE
Total Cholesterol,P0569,PATIENT,,PAT0569,,144,mg/dL,2026-08-14,COBAS-501,A. Deshmukh,LP-2026-08-P05,TRUE
Total Cholesterol,P0570,PATIENT,,PAT0570,,153,mg/dL,2026-08-15,COBAS-702,R. Patel,LP-2026-08-P06,TRUE
Total Cholesterol,P0571,PATIENT,,PAT0571,,197,mg/dL,2026-08-10,COBAS-501,A. Deshmukh,LP-2026-08-P07,TRUE
Total Cholesterol,P0572,PATIENT,,PAT0572,,202,mg/dL,2026-08-11,COBAS-702,R. Patel,LP-2026-08-P08,TRUE
Total Cholesterol,P0573,PATIENT,,PAT0573,,204,mg/dL,2026-08-12,COBAS-501,A. Deshmukh,LP-2026-08-P09,TRUE
Total Cholesterol,P0574,PATIENT,,PAT0574,,215,mg/dL,2026-08-13,COBAS-702,R. Patel,LP-2026-08-P10,TRUE
Total Cholesterol,P0575,PATIENT,,PAT0575,,227,mg/dL,2026-08-14,COBAS-501,A. Deshmukh,LP-2026-08-P11,TRUE
Total Cholesterol,P0576,PATIENT,,PAT0576,,218,mg/dL,2026-08-15,COBAS-702,R. Patel,LP-2026-08-P12,TRUE
Total Cholesterol,P0577,PATIENT,,PAT0577,,217,mg/dL,2026-08-10,COBAS-501,A. Deshmukh,LP-2026-08-P01,TRUE
Total Cholesterol,P0578,PATIENT,,PAT0578,,253,mg/dL,2026-08-11,COBAS-702,R. Patel,LP-2026-08-P02,TRUE
Total Cholesterol,P0579,PATIENT,,PAT0579,,179,mg/dL,2026-08-12,COBAS-501,A. Deshmukh,LP-2026-08-P03,TRUE
Total Cholesterol,P0580,PATIENT,,PAT0580,,193,mg/dL,2026-08-13,COBAS-702,R. Patel,LP-2026-08-P04,TRUE
Total Cholesterol,P0581,PATIENT,,PAT0581,,203,mg/dL,2026-08-14,COBAS-501,A. Deshmukh,LP-2026-08-P05,TRUE
Total Cholesterol,P0582,PATIENT,,PAT0582,,211,mg/dL,2026-08-15,COBAS-702,R. Patel,LP-2026-08-P06,TRUE
Total Cholesterol,P0583,PATIENT,,PAT0583,,220,mg/dL,2026-08-10,COBAS-501,A. Deshmukh,LP-2026-08-P07,FALSE
Total Cholesterol,P0584,PATIENT,,PAT0584,,207,mg/dL,2026-08-11,COBAS-702,R. Patel,LP-2026-08-P08,TRUE
Total Cholesterol,P0585,PATIENT,,PAT0585,,186,mg/dL,2026-08-12,COBAS-501,A. Deshmukh,LP-2026-08-P09,TRUE
Total Cholesterol,P0586,PATIENT,,PAT0586,,209,mg/dL,2026-08-13,COBAS-702,R. Patel,LP-2026-08-P10,TRUE
Total Cholesterol,P0587,PATIENT,,PAT0587,,248,mg/dL,2026-08-14,COBAS-501,A. Deshmukh,LP-2026-08-P11,TRUE
Total Cholesterol,P0588,PATIENT,,PAT0588,,222,mg/dL,2026-08-15,COBAS-702,R. Patel,LP-2026-08-P12,TRUE
Total Cholesterol,P0589,PATIENT,,PAT0589,,167,mg/dL,2026-08-10,COBAS-501,A. Deshmukh,LP-2026-08-P01,TRUE
Total Cholesterol,P0590,PATIENT,,PAT0590,,61,mg/dL,2026-08-11,COBAS-702,R. Patel,LP-2026-08-P02,TRUE
Total Cholesterol,P0591,PATIENT,,PAT0591,,401,mg/dL,2026-08-12,COBAS-501,A. Deshmukh,LP-2026-08-P03,TRUE
Total Cholesterol,P0592,PATIENT,,PAT0592,,199,mg/dL,2026-08-13,COBAS-702,R. Patel,LP-2026-08-P04,TRUE
Total Cholesterol,P0593,PATIENT,,PAT0593,,387,mg/dL,2026-08-14,COBAS-501,A. Deshmukh,LP-2026-08-P05,TRUE
Total Cholesterol,P0594,PATIENT,,PAT0594,,183,mg/dL,2026-08-15,COBAS-702,R. Patel,LP-2026-08-P06,TRUE
Total Cholesterol,P0595,PATIENT,,PAT0595,,159,mg/dL,2026-08-10,COBAS-501,A. Deshmukh,LP-2026-08-P07,TRUE
Total Cholesterol,P0596,PATIENT,,PAT0596,,148,mg/dL,2026-08-11,COBAS-702,R. Patel,LP-2026-08-P08,TRUE
Total Cholesterol,P0597,PATIENT,,PAT0597,,166,mg/dL,2026-08-12,COBAS-501,A. Deshmukh,LP-2026-08-P09,TRUE
Total Cholesterol,P0598,PATIENT,,PAT0598,,104,mg/dL,2026-08-13,COBAS-702,R. Patel,LP-2026-08-P10,TRUE
Total Cholesterol,P0599,PATIENT,,PAT0599,,207,mg/dL,2026-08-14,COBAS-501,A. Deshmukh,LP-2026-08-P11,TRUE
Total Cholesterol,P0600,PATIENT,,PAT0600,,154,mg/dL,2026-08-15,COBAS-702,R. Patel,LP-2026-08-P12,TRUE
Total Cholesterol,P0601,PATIENT,,PAT0601,,187,mg/dL,2026-08-10,COBAS-501,A. Deshmukh,LP-2026-08-P01,TRUE
Total Cholesterol,P0602,PATIENT,,PAT0602,,215,mg/dL,2026-08-11,COBAS-702,R. Patel,LP-2026-08-P02,TRUE
Total Cholesterol,P0603,PATIENT,,PAT0603,,298,mg/dL,2026-08-12,COBAS-501,A. Deshmukh,LP-2026-08-P03,TRUE
Total Cholesterol,P0604,PATIENT,,PAT0604,,121,mg/dL,2026-08-13,COBAS-702,R. Patel,LP-2026-08-P04,TRUE
Total Cholesterol,P0605,PATIENT,,PAT0605,,104,mg/dL,2026-08-14,COBAS-501,A. Deshmukh,LP-2026-08-P05,TRUE
Total Cholesterol,P0606,PATIENT,,PAT0606,,191,mg/dL,2026-08-15,COBAS-702,R. Patel,LP-2026-08-P06,TRUE
Total Cholesterol,P0607,PATIENT,,PAT0607,,331,mg/dL,2026-08-10,COBAS-501,A. Deshmukh,LP-2026-08-P07,TRUE
Total Cholesterol,P0608,PATIENT,,PAT0608,,187,mg/dL,2026-08-11,COBAS-702,R. Patel,LP-2026-08-P08,TRUE
Total Cholesterol,P0609,PATIENT,,PAT0609,,188,mg/dL,2026-08-12,COBAS-501,A. Deshmukh,LP-2026-08-P09,TRUE
Total Cholesterol,P0610,PATIENT,,PAT0610,,164,mg/dL,2026-08-13,COBAS-702,R. Patel,LP-2026-08-P10,TRUE
Total Cholesterol,P0611,PATIENT,,PAT0611,,208,mg/dL,2026-08-14,COBAS-501,A. Deshmukh,LP-2026-08-P11,TRUE
Total Cholesterol,P0612,PATIENT,,PAT0612,,160,mg/dL,2026-08-15,COBAS-702,R. Patel,LP-2026-08-P12,TRUE
Total Cholesterol,P0613,PATIENT,,PAT0613,,324,mg/dL,2026-08-10,COBAS-501,A. Deshmukh,LP-2026-08-P01,TRUE
Total Cholesterol,P0614,PATIENT,,PAT0614,,219,mg/dL,2026-08-11,COBAS-702,R. Patel,LP-2026-08-P02,TRUE
Total Cholesterol,P0615,PATIENT,,PAT0615,,181,mg/dL,2026-08-12,COBAS-501,A. Deshmukh,LP-2026-08-P03,TRUE
Total Cholesterol,P0616,PATIENT,,PAT0616,,249,mg/dL,2026-08-13,COBAS-702,R. Patel,LP-2026-08-P04,TRUE
Total Cholesterol,P0617,PATIENT,,PAT0617,,264,mg/dL,2026-08-14,COBAS-501,A. Deshmukh,LP-2026-08-P05,TRUE
Total Cholesterol,P0618,PATIENT,,PAT0618,,199,mg/dL,2026-08-15,COBAS-702,R. Patel,LP-2026-08-P06,TRUE
Total Cholesterol,P0619,PATIENT,,PAT0619,,217,mg/dL,2026-08-10,COBAS-501,A. Deshmukh,LP-2026-08-P07,TRUE
Total Cholesterol,P0620,PATIENT,,PAT0620,,154,mg/dL,2026-08-11,COBAS-702,R. Patel,LP-2026-08-P08,TRUE
Total Cholesterol,P0621,PATIENT,,PAT0621,,221,mg/dL,2026-08-12,COBAS-501,A. Deshmukh,LP-2026-08-P09,TRUE
Total Cholesterol,P0622,PATIENT,,PAT0622,,205,mg/dL,2026-08-13,COBAS-702,R. Patel,LP-2026-08-P10,TRUE
Total Cholesterol,P0623,PATIENT,,PAT0623,,198,mg/dL,2026-08-14,COBAS-501,A. Deshmukh,LP-2026-08-P11,TRUE
Total Cholesterol,P0624,PATIENT,,PAT0624,,183,mg/dL,2026-08-15,COBAS-702,R. Patel,LP-2026-08-P12,TRUE
Total Cholesterol,P0625,PATIENT,,PAT0625,,210,mg/dL,2026-08-10,COBAS-501,A. Deshmukh,LP-2026-08-P01,TRUE
Total Cholesterol,P0626,PATIENT,,PAT0626,,185,mg/dL,2026-08-11,COBAS-702,R. Patel,LP-2026-08-P02,TRUE
Total Cholesterol,P0627,PATIENT,,PAT0627,,187,mg/dL,2026-08-12,COBAS-501,A. Deshmukh,LP-2026-08-P03,TRUE
Total Cholesterol,P0628,PATIENT,,PAT0628,,183,mg/dL,2026-08-13,COBAS-702,R. Patel,LP-2026-08-P04,TRUE
Total Cholesterol,P0629,PATIENT,,PAT0629,,180,mg/dL,2026-08-14,COBAS-501,A. Deshmukh,LP-2026-08-P05,TRUE
Total Cholesterol,P0630,PATIENT,,PAT0630,,148,mg/dL,2026-08-15,COBAS-702,R. Patel,LP-2026-08-P06,TRUE
Total Cholesterol,P0631,PATIENT,,PAT0631,,199,mg/dL,2026-08-10,COBAS-501,A. Deshmukh,LP-2026-08-P07,TRUE
Total Cholesterol,P0632,PATIENT,,PAT0632,,210,mg/dL,2026-08-11,COBAS-702,R. Patel,LP-2026-08-P08,TRUE
Total Cholesterol,P0633,PATIENT,,PAT0633,,143,mg/dL,2026-08-12,COBAS-501,A. Deshmukh,LP-2026-08-P09,TRUE
Total Cholesterol,P0634,PATIENT,,PAT0634,,201,mg/dL,2026-08-13,COBAS-702,R. Patel,LP-2026-08-P10,TRUE
Total Cholesterol,P0635,PATIENT,,PAT0635,,181,mg/dL,2026-08-14,COBAS-501,A. Deshmukh,LP-2026-08-P11,TRUE
Total Cholesterol,P0636,PATIENT,,PAT0636,,254,mg/dL,2026-08-15,COBAS-702,R. Patel,LP-2026-08-P12,TRUE
Total Cholesterol,P0637,PATIENT,,PAT0637,,197,mg/dL,2026-08-10,COBAS-501,A. Deshmukh,LP-2026-08-P01,TRUE
Total Cholesterol,P0638,PATIENT,,PAT0638,,174,mg/dL,2026-08-11,COBAS-702,R. Patel,LP-2026-08-P02,TRUE
Total Cholesterol,P0639,PATIENT,,PAT0639,,243,mg/dL,2026-08-12,COBAS-501,A. Deshmukh,LP-2026-08-P03,TRUE
Total Cholesterol,P0640,PATIENT,,PAT0640,,140,mg/dL,2026-08-13,COBAS-702,R. Patel,LP-2026-08-P04,TRUE
Total Cholesterol,P0641,PATIENT,,PAT0641,,286,mg/dL,2026-08-14,COBAS-501,A. Deshmukh,LP-2026-08-P05,TRUE
Total Cholesterol,P0642,PATIENT,,PAT0642,,110,mg/dL,2026-08-15,COBAS-702,R. Patel,LP-2026-08-P06,TRUE
Total Cholesterol,P0643,PATIENT,,PAT0643,,222,mg/dL,2026-08-10,COBAS-501,A. Deshmukh,LP-2026-08-P07,TRUE
Total Cholesterol,P0644,PATIENT,,PAT0644,,159,mg/dL,2026-08-11,COBAS-702,R. Patel,LP-2026-08-P08,TRUE
Total Cholesterol,P0645,PATIENT,,PAT0645,,233,mg/dL,2026-08-12,COBAS-501,A. Deshmukh,LP-2026-08-P09,TRUE
Total Cholesterol,P0646,PATIENT,,PAT0646,,237,mg/dL,2026-08-13,COBAS-702,R. Patel,LP-2026-08-P10,TRUE
Total Cholesterol,P0647,PATIENT,,PAT0647,,207,mg/dL,2026-08-14,COBAS-501,A. Deshmukh,LP-2026-08-P11,TRUE
Total Cholesterol,P0648,PATIENT,,PAT0648,,149,mg/dL,2026-08-15,COBAS-702,R. Patel,LP-2026-08-P12,TRUE
Total Cholesterol,P0649,PATIENT,,PAT0649,,177,mg/dL,2026-08-10,COBAS-501,A. Deshmukh,LP-2026-08-P01,TRUE
Total Cholesterol,P0650,PATIENT,,PAT0650,,168,mg/dL,2026-08-11,COBAS-702,R. Patel,LP-2026-08-P02,TRUE
Total Cholesterol,P0651,PATIENT,,PAT0651,,225,mg/dL,2026-08-12,COBAS-501,A. Deshmukh,LP-2026-08-P03,TRUE
Total Cholesterol,P0652,PATIENT,,PAT0652,,158,mg/dL,2026-08-13,COBAS-702,R. Patel,LP-2026-08-P04,TRUE
Total Cholesterol,P0653,PATIENT,,PAT0653,,194,mg/dL,2026-08-14,COBAS-501,A. Deshmukh,LP-2026-08-P05,TRUE
Total Cholesterol,P0654,PATIENT,,PAT0654,,211,mg/dL,2026-08-15,COBAS-702,R. Patel,LP-2026-08-P06,TRUE
Total Cholesterol,P0655,PATIENT,,PAT0655,,207,mg/dL,2026-08-10,COBAS-501,A. Deshmukh,LP-2026-08-P07,TRUE
Total Cholesterol,P0656,PATIENT,,PAT0656,,145,mg/dL,2026-08-11,COBAS-702,R. Patel,LP-2026-08-P08,TRUE
Total Cholesterol,P0657,PATIENT,,PAT0657,,158,mg/dL,2026-08-12,COBAS-501,A. Deshmukh,LP-2026-08-P09,TRUE
Total Cholesterol,P0658,PATIENT,,PAT0658,,247,mg/dL,2026-08-13,COBAS-702,R. Patel,LP-2026-08-P10,TRUE
Total Cholesterol,P0659,PATIENT,,PAT0659,,104,mg/dL,2026-08-14,COBAS-501,A. Deshmukh,LP-2026-08-P11,TRUE
Total Cholesterol,P0660,PATIENT,,PAT0660,,334,mg/dL,2026-08-15,COBAS-702,R. Patel,LP-2026-08-P12,TRUE
Total Cholesterol,P0661,PATIENT,,PAT0661,,127,mg/dL,2026-08-10,COBAS-501,A. Deshmukh,LP-2026-08-P01,TRUE
Total Cholesterol,P0662,PATIENT,,PAT0662,,213,mg/dL,2026-08-11,COBAS-702,R. Patel,LP-2026-08-P02,TRUE
Total Cholesterol,P0663,PATIENT,,PAT0663,,165,mg/dL,2026-08-12,COBAS-501,A. Deshmukh,LP-2026-08-P03,TRUE
Total Cholesterol,P0664,PATIENT,,PAT0664,,178,mg/dL,2026-08-13,COBAS-702,R. Patel,LP-2026-08-P04,TRUE
Total Cholesterol,P0665,PATIENT,,PAT0665,,213,mg/dL,2026-08-14,COBAS-501,A. Deshmukh,LP-2026-08-P05,TRUE
Total Cholesterol,P0666,PATIENT,,PAT0666,,198,mg/dL,2026-08-15,COBAS-702,R. Patel,LP-2026-08-P06,TRUE
Total Cholesterol,P0667,PATIENT,,PAT0667,,188,mg/dL,2026-08-10,COBAS-501,A. Deshmukh,LP-2026-08-P07,TRUE
Total Cholesterol,P0668,PATIENT,,PAT0668,,208,mg/dL,2026-08-11,COBAS-702,R. Patel,LP-2026-08-P08,TRUE
Total Cholesterol,P0669,PATIENT,,PAT0669,,179,mg/dL,2026-08-12,COBAS-501,A. Deshmukh,LP-2026-08-P09,TRUE
Total Cholesterol,P0670,PATIENT,,PAT0670,,186,mg/dL,2026-08-13,COBAS-702,R. Patel,LP-2026-08-P10,TRUE
Total Cholesterol,P0671,PATIENT,,PAT0671,,175,mg/dL,2026-08-14,COBAS-501,A. Deshmukh,LP-2026-08-P11,TRUE
Total Cholesterol,P0672,PATIENT,,PAT0672,,140,mg/dL,2026-08-15,COBAS-702,R. Patel,LP-2026-08-P12,TRUE
Total Cholesterol,P0673,PATIENT,,PAT0673,,253,mg/dL,2026-08-10,COBAS-501,A. Deshmukh,LP-2026-08-P01,TRUE
Total Cholesterol,P0674,PATIENT,,PAT0674,,212,mg/dL,2026-08-11,COBAS-702,R. Patel,LP-2026-08-P02,TRUE
Total Cholesterol,P0675,PATIENT,,PAT0675,,207,mg/dL,2026-08-12,COBAS-501,A. Deshmukh,LP-2026-08-P03,TRUE
Total Cholesterol,P0676,PATIENT,,PAT0676,,123,mg/dL,2026-08-13,COBAS-702,R. Patel,LP-2026-08-P04,TRUE
Total Cholesterol,P0677,PATIENT,,PAT0677,,204,mg/dL,2026-08-14,COBAS-501,A. Deshmukh,LP-2026-08-P05,TRUE
Total Cholesterol,P0678,PATIENT,,PAT0678,,191,mg/dL,2026-08-15,COBAS-702,R. Patel,LP-2026-08-P06,TRUE
Total Cholesterol,P0679,PATIENT,,PAT0679,,203,mg/dL,2026-08-10,COBAS-501,A. Deshmukh,LP-2026-08-P07,TRUE
Total Cholesterol,P0680,PATIENT,,PAT0680,,134,mg/dL,2026-08-11,COBAS-702,R. Patel,LP-2026-08-P08,FALSE
Total Cholesterol,P0681,PATIENT,,PAT0681,,165,mg/dL,2026-08-12,COBAS-501,A. Deshmukh,LP-2026-08-P09,TRUE
Total Cholesterol,P0682,PATIENT,,PAT0682,,185,mg/dL,2026-08-13,COBAS-702,R. Patel,LP-2026-08-P10,TRUE
Total Cholesterol,P0683,PATIENT,,PAT0683,,192,mg/dL,2026-08-14,COBAS-501,A. Deshmukh,LP-2026-08-P11,TRUE
Total Cholesterol,P0684,PATIENT,,PAT0684,,186,mg/dL,2026-08-15,COBAS-702,R. Patel,LP-2026-08-P12,TRUE
Total Cholesterol,P0685,PATIENT,,PAT0685,,173,mg/dL,2026-08-10,COBAS-501,A. Deshmukh,LP-2026-08-P01,TRUE
Total Cholesterol,P0686,PATIENT,,PAT0686,,149,mg/dL,2026-08-11,COBAS-702,R. Patel,LP-2026-08-P02,TRUE
Total Cholesterol,P0687,PATIENT,,PAT0687,,189,mg/dL,2026-08-12,COBAS-501,A. Deshmukh,LP-2026-08-P03,TRUE
Total Cholesterol,P0688,PATIENT,,PAT0688,,104,mg/dL,2026-08-13,COBAS-702,R. Patel,LP-2026-08-P04,TRUE
Total Cholesterol,P0689,PATIENT,,PAT0689,,158,mg/dL,2026-08-14,COBAS-501,A. Deshmukh,LP-2026-08-P05,TRUE
Total Cholesterol,P0690,PATIENT,,PAT0690,,231,mg/dL,2026-08-15,COBAS-702,R. Patel,LP-2026-08-P06,TRUE
Total Cholesterol,P0691,PATIENT,,PAT0691,,75,mg/dL,2026-08-10,COBAS-501,A. Deshmukh,LP-2026-08-P07,TRUE
Total Cholesterol,P0692,PATIENT,,PAT0692,,195,mg/dL,2026-08-11,COBAS-702,R. Patel,LP-2026-08-P08,TRUE
Total Cholesterol,P0693,PATIENT,,PAT0693,,189,mg/dL,2026-08-12,COBAS-501,A. Deshmukh,LP-2026-08-P09,TRUE
Total Cholesterol,P0694,PATIENT,,PAT0694,,187,mg/dL,2026-08-13,COBAS-702,R. Patel,LP-2026-08-P10,TRUE
Total Cholesterol,P0695,PATIENT,,PAT0695,,176,mg/dL,2026-08-14,COBAS-501,A. Deshmukh,LP-2026-08-P11,TRUE
Total Cholesterol,P0696,PATIENT,,PAT0696,,200,mg/dL,2026-08-15,COBAS-702,R. Patel,LP-2026-08-P12,TRUE
Total Cholesterol,P0697,PATIENT,,PAT0697,,149,mg/dL,2026-08-10,COBAS-501,A. Deshmukh,LP-2026-08-P01,TRUE
Total Cholesterol,P0698,PATIENT,,PAT0698,,160,mg/dL,2026-08-11,COBAS-702,R. Patel,LP-2026-08-P02,TRUE
Total Cholesterol,P0699,PATIENT,,PAT0699,,169,mg/dL,2026-08-12,COBAS-501,A. Deshmukh,LP-2026-08-P03,TRUE
Total Cholesterol,P0700,PATIENT,,PAT0700,,213,mg/dL,2026-08-13,COBAS-702,R. Patel,LP-2026-08-P04,TRUE
Total Cholesterol,P0701,PATIENT,,PAT0701,,227,mg/dL,2026-08-14,COBAS-501,A. Deshmukh,LP-2026-08-P05,TRUE
Total Cholesterol,P0702,PATIENT,,PAT0702,,163,mg/dL,2026-08-15,COBAS-702,R. Patel,LP-2026-08-P06,TRUE
Total Cholesterol,P0703,PATIENT,,PAT0703,,137,mg/dL,2026-08-10,COBAS-501,A. Deshmukh,LP-2026-08-P07,TRUE
Total Cholesterol,P0704,PATIENT,,PAT0704,,210,mg/dL,2026-08-11,COBAS-702,R. Patel,LP-2026-08-P08,TRUE
Total Cholesterol,P0705,PATIENT,,PAT0705,,155,mg/dL,2026-08-12,COBAS-501,A. Deshmukh,LP-2026-08-P09,TRUE
Total Cholesterol,P0706,PATIENT,,PAT0706,,148,mg/dL,2026-08-13,COBAS-702,R. Patel,LP-2026-08-P10,TRUE
Total Cholesterol,P0707,PATIENT,,PAT0707,,232,mg/dL,2026-08-14,COBAS-501,A. Deshmukh,LP-2026-08-P11,TRUE
Total Cholesterol,P0708,PATIENT,,PAT0708,,192,mg/dL,2026-08-15,COBAS-702,R. Patel,LP-2026-08-P12,TRUE
Total Cholesterol,P0709,PATIENT,,PAT0709,,177,mg/dL,2026-08-10,COBAS-501,A. Deshmukh,LP-2026-08-P01,TRUE
Total Cholesterol,P0710,PATIENT,,PAT0710,,165,mg/dL,2026-08-11,COBAS-702,R. Patel,LP-2026-08-P02,TRUE
Total Cholesterol,P0711,PATIENT,,PAT0711,,174,mg/dL,2026-08-12,COBAS-501,A. Deshmukh,LP-2026-08-P03,TRUE
Total Cholesterol,P0712,PATIENT,,PAT0712,,193,mg/dL,2026-08-13,COBAS-702,R. Patel,LP-2026-08-P04,TRUE
Total Cholesterol,P0713,PATIENT,,PAT0713,,174,mg/dL,2026-08-14,COBAS-501,A. Deshmukh,LP-2026-08-P05,TRUE
Total Cholesterol,P0714,PATIENT,,PAT0714,,174,mg/dL,2026-08-15,COBAS-702,R. Patel,LP-2026-08-P06,TRUE
Total Cholesterol,P0715,PATIENT,,PAT0715,,162,mg/dL,2026-08-10,COBAS-501,A. Deshmukh,LP-2026-08-P07,TRUE
Total Cholesterol,P0716,PATIENT,,PAT0716,,194,mg/dL,2026-08-11,COBAS-702,R. Patel,LP-2026-08-P08,TRUE
Total Cholesterol,P0717,PATIENT,,PAT0717,,179,mg/dL,2026-08-12,COBAS-501,A. Deshmukh,LP-2026-08-P09,TRUE
Total Cholesterol,P0718,PATIENT,,PAT0718,,162,mg/dL,2026-08-13,COBAS-702,R. Patel,LP-2026-08-P10,TRUE
Total Cholesterol,P0719,PATIENT,,PAT0719,,205,mg/dL,2026-08-14,COBAS-501,A. Deshmukh,LP-2026-08-P11,TRUE
Total Cholesterol,P0720,PATIENT,,PAT0720,,215,mg/dL,2026-08-15,COBAS-702,R. Patel,LP-2026-08-P12,TRUE
Total Cholesterol,P0721,PATIENT,,PAT0721,,147,mg/dL,2026-08-10,COBAS-501,A. Deshmukh,LP-2026-08-P01,TRUE
Total Cholesterol,P0722,PATIENT,,PAT0722,,200,mg/dL,2026-08-11,COBAS-702,R. Patel,LP-2026-08-P02,TRUE
Total Cholesterol,P0723,PATIENT,,PAT0723,,86,mg/dL,2026-08-12,COBAS-501,A. Deshmukh,LP-2026-08-P03,TRUE
Total Cholesterol,P0724,PATIENT,,PAT0724,,137,mg/dL,2026-08-13,COBAS-702,R. Patel,LP-2026-08-P04,TRUE
Total Cholesterol,P0725,PATIENT,,PAT0725,,157,mg/dL,2026-08-14,COBAS-501,A. Deshmukh,LP-2026-08-P05,TRUE
Total Cholesterol,P0726,PATIENT,,PAT0726,,114,mg/dL,2026-08-15,COBAS-702,R. Patel,LP-2026-08-P06,TRUE
Total Cholesterol,P0727,PATIENT,,PAT0727,,210,mg/dL,2026-08-10,COBAS-501,A. Deshmukh,LP-2026-08-P07,TRUE
Total Cholesterol,P0728,PATIENT,,PAT0728,,176,mg/dL,2026-08-11,COBAS-702,R. Patel,LP-2026-08-P08,TRUE
Total Cholesterol,P0729,PATIENT,,PAT0729,,145,mg/dL,2026-08-12,COBAS-501,A. Deshmukh,LP-2026-08-P09,TRUE
Total Cholesterol,P0730,PATIENT,,PAT0730,,176,mg/dL,2026-08-13,COBAS-702,R. Patel,LP-2026-08-P10,TRUE
Total Cholesterol,P0731,PATIENT,,PAT0731,,222,mg/dL,2026-08-14,COBAS-501,A. Deshmukh,LP-2026-08-P11,TRUE
Total Cholesterol,P0732,PATIENT,,PAT0732,,160,mg/dL,2026-08-15,COBAS-702,R. Patel,LP-2026-08-P12,TRUE
Total Cholesterol,P0733,PATIENT,,PAT0733,,167,mg/dL,2026-08-10,COBAS-501,A. Deshmukh,LP-2026-08-P01,TRUE
Total Cholesterol,P0734,PATIENT,,PAT0734,,151,mg/dL,2026-08-11,COBAS-702,R. Patel,LP-2026-08-P02,TRUE
Total Cholesterol,P0735,PATIENT,,PAT0735,,360,mg/dL,2026-08-12,COBAS-501,A. Deshmukh,LP-2026-08-P03,TRUE
Total Cholesterol,P0736,PATIENT,,PAT0736,,187,mg/dL,2026-08-13,COBAS-702,R. Patel,LP-2026-08-P04,TRUE
Total Cholesterol,P0737,PATIENT,,PAT0737,,181,mg/dL,2026-08-14,COBAS-501,A. Deshmukh,LP-2026-08-P05,TRUE
Total Cholesterol,P0738,PATIENT,,PAT0738,,177,mg/dL,2026-08-15,COBAS-702,R. Patel,LP-2026-08-P06,TRUE
Total Cholesterol,P0739,PATIENT,,PAT0739,,184,mg/dL,2026-08-10,COBAS-501,A. Deshmukh,LP-2026-08-P07,TRUE
Total Cholesterol,P0740,PATIENT,,PAT0740,,170,mg/dL,2026-08-11,COBAS-702,R. Patel,LP-2026-08-P08,TRUE
Total Cholesterol,P0741,PATIENT,,PAT0741,,141,mg/dL,2026-08-12,COBAS-501,A. Deshmukh,LP-2026-08-P09,TRUE
Total Cholesterol,P0742,PATIENT,,PAT0742,,145,mg/dL,2026-08-13,COBAS-702,R. Patel,LP-2026-08-P10,TRUE
Total Cholesterol,P0743,PATIENT,,PAT0743,,202,mg/dL,2026-08-14,COBAS-501,A. Deshmukh,LP-2026-08-P11,TRUE
Total Cholesterol,P0744,PATIENT,,PAT0744,,265,mg/dL,2026-08-15,COBAS-702,R. Patel,LP-2026-08-P12,TRUE
Total Cholesterol,P0745,PATIENT,,PAT0745,,178,mg/dL,2026-08-10,COBAS-501,A. Deshmukh,LP-2026-08-P01,TRUE
Total Cholesterol,P0746,PATIENT,,PAT0746,,218,mg/dL,2026-08-11,COBAS-702,R. Patel,LP-2026-08-P02,TRUE
Total Cholesterol,P0747,PATIENT,,PAT0747,,185,mg/dL,2026-08-12,COBAS-501,A. Deshmukh,LP-2026-08-P03,TRUE
Total Cholesterol,P0748,PATIENT,,PAT0748,,206,mg/dL,2026-08-13,COBAS-702,R. Patel,LP-2026-08-P04,TRUE
Total Cholesterol,P0749,PATIENT,,PAT0749,,169,mg/dL,2026-08-14,COBAS-501,A. Deshmukh,LP-2026-08-P05,TRUE
Total Cholesterol,P0750,PATIENT,,PAT0750,,159,mg/dL,2026-08-15,COBAS-702,R. Patel,LP-2026-08-P06,TRUE
Total Cholesterol,P0751,PATIENT,,PAT0751,,191,mg/dL,2026-08-10,COBAS-501,A. Deshmukh,LP-2026-08-P07,TRUE
Total Cholesterol,P0752,PATIENT,,PAT0752,,205,mg/dL,2026-08-11,COBAS-702,R. Patel,LP-2026-08-P08,TRUE
Total Cholesterol,P0753,PATIENT,,PAT0753,,172,mg/dL,2026-08-12,COBAS-501,A. Deshmukh,LP-2026-08-P09,TRUE
Total Cholesterol,P0754,PATIENT,,PAT0754,,154,mg/dL,2026-08-13,COBAS-702,R. Patel,LP-2026-08-P10,TRUE
Total Cholesterol,P0755,PATIENT,,PAT0755,,207,mg/dL,2026-08-14,COBAS-501,A. Deshmukh,LP-2026-08-P11,TRUE
Total Cholesterol,P0756,PATIENT,,PAT0756,,200,mg/dL,2026-08-15,COBAS-702,R. Patel,LP-2026-08-P12,TRUE
Total Cholesterol,P0757,PATIENT,,PAT0757,,175,mg/dL,2026-08-10,COBAS-501,A. Deshmukh,LP-2026-08-P01,TRUE
Total Cholesterol,P0758,PATIENT,,PAT0758,,202,mg/dL,2026-08-11,COBAS-702,R. Patel,LP-2026-08-P02,TRUE
Total Cholesterol,P0759,PATIENT,,PAT0759,,156,mg/dL,2026-08-12,COBAS-501,A. Deshmukh,LP-2026-08-P03,TRUE
Total Cholesterol,P0760,PATIENT,,PAT0760,,192,mg/dL,2026-08-13,COBAS-702,R. Patel,LP-2026-08-P04,TRUE
Total Cholesterol,P0761,PATIENT,,PAT0761,,176,mg/dL,2026-08-14,COBAS-501,A. Deshmukh,LP-2026-08-P05,TRUE
Total Cholesterol,P0762,PATIENT,,PAT0762,,146,mg/dL,2026-08-15,COBAS-702,R. Patel,LP-2026-08-P06,TRUE
Total Cholesterol,P0763,PATIENT,,PAT0763,,107,mg/dL,2026-08-10,COBAS-501,A. Deshmukh,LP-2026-08-P07,TRUE
Total Cholesterol,P0764,PATIENT,,PAT0764,,177,mg/dL,2026-08-11,COBAS-702,R. Patel,LP-2026-08-P08,TRUE
Total Cholesterol,P0765,PATIENT,,PAT0765,,187,mg/dL,2026-08-12,COBAS-501,A. Deshmukh,LP-2026-08-P09,TRUE
Total Cholesterol,P0766,PATIENT,,PAT0766,,182,mg/dL,2026-08-13,COBAS-702,R. Patel,LP-2026-08-P10,TRUE
Total Cholesterol,P0767,PATIENT,,PAT0767,,166,mg/dL,2026-08-14,COBAS-501,A. Deshmukh,LP-2026-08-P11,TRUE
Total Cholesterol,P0768,PATIENT,,PAT0768,,250,mg/dL,2026-08-15,COBAS-702,R. Patel,LP-2026-08-P12,TRUE
Total Cholesterol,P0769,PATIENT,,PAT0769,,113,mg/dL,2026-08-10,COBAS-501,A. Deshmukh,LP-2026-08-P01,TRUE
Total Cholesterol,P0770,PATIENT,,PAT0770,,196,mg/dL,2026-08-11,COBAS-702,R. Patel,LP-2026-08-P02,TRUE
Total Cholesterol,P0771,PATIENT,,PAT0771,,201,mg/dL,2026-08-12,COBAS-501,A. Deshmukh,LP-2026-08-P03,TRUE
Total Cholesterol,P0772,PATIENT,,PAT0772,,169,mg/dL,2026-08-13,COBAS-702,R. Patel,LP-2026-08-P04,TRUE
Total Cholesterol,P0773,PATIENT,,PAT0773,,175,mg/dL,2026-08-14,COBAS-501,A. Deshmukh,LP-2026-08-P05,TRUE
Total Cholesterol,P0774,PATIENT,,PAT0774,,125,mg/dL,2026-08-15,COBAS-702,R. Patel,LP-2026-08-P06,TRUE
Total Cholesterol,P0775,PATIENT,,PAT0775,,151,mg/dL,2026-08-10,COBAS-501,A. Deshmukh,LP-2026-08-P07,TRUE
Total Cholesterol,P0776,PATIENT,,PAT0776,,205,mg/dL,2026-08-11,COBAS-702,R. Patel,LP-2026-08-P08,TRUE
Total Cholesterol,P0777,PATIENT,,PAT0777,,185,mg/dL,2026-08-12,COBAS-501,A. Deshmukh,LP-2026-08-P09,FALSE
Total Cholesterol,P0778,PATIENT,,PAT0778,,210,mg/dL,2026-08-13,COBAS-702,R. Patel,LP-2026-08-P10,TRUE
Total Cholesterol,P0779,PATIENT,,PAT0779,,177,mg/dL,2026-08-14,COBAS-501,A. Deshmukh,LP-2026-08-P11,TRUE
Total Cholesterol,P0780,PATIENT,,PAT0780,,187,mg/dL,2026-08-15,COBAS-702,R. Patel,LP-2026-08-P12,TRUE
Total Cholesterol,P0781,PATIENT,,PAT0781,,227,mg/dL,2026-08-10,COBAS-501,A. Deshmukh,LP-2026-08-P01,TRUE
Total Cholesterol,P0782,PATIENT,,PAT0782,,160,mg/dL,2026-08-11,COBAS-702,R. Patel,LP-2026-08-P02,TRUE
Total Cholesterol,P0783,PATIENT,,PAT0783,,193,mg/dL,2026-08-12,COBAS-501,A. Deshmukh,LP-2026-08-P03,TRUE
Total Cholesterol,P0784,PATIENT,,PAT0784,,211,mg/dL,2026-08-13,COBAS-702,R. Patel,LP-2026-08-P04,TRUE
Total Cholesterol,P0785,PATIENT,,PAT0785,,170,mg/dL,2026-08-14,COBAS-501,A. Deshmukh,LP-2026-08-P05,TRUE
Total Cholesterol,P0786,PATIENT,,PAT0786,,222,mg/dL,2026-08-15,COBAS-702,R. Patel,LP-2026-08-P06,TRUE
Total Cholesterol,P0787,PATIENT,,PAT0787,,170,mg/dL,2026-08-10,COBAS-501,A. Deshmukh,LP-2026-08-P07,TRUE
Total Cholesterol,P0788,PATIENT,,PAT0788,,166,mg/dL,2026-08-11,COBAS-702,R. Patel,LP-2026-08-P08,TRUE
Total Cholesterol,P0789,PATIENT,,PAT0789,,189,mg/dL,2026-08-12,COBAS-501,A. Deshmukh,LP-2026-08-P09,TRUE
Total Cholesterol,P0790,PATIENT,,PAT0790,,202,mg/dL,2026-08-13,COBAS-702,R. Patel,LP-2026-08-P10,TRUE
Total Cholesterol,P0791,PATIENT,,PAT0791,,188,mg/dL,2026-08-14,COBAS-501,A. Deshmukh,LP-2026-08-P11,TRUE
Total Cholesterol,P0792,PATIENT,,PAT0792,,147,mg/dL,2026-08-15,COBAS-702,R. Patel,LP-2026-08-P12,TRUE
Total Cholesterol,P0793,PATIENT,,PAT0793,,144,mg/dL,2026-08-10,COBAS-501,A. Deshmukh,LP-2026-08-P01,TRUE
Total Cholesterol,P0794,PATIENT,,PAT0794,,153,mg/dL,2026-08-11,COBAS-702,R. Patel,LP-2026-08-P02,TRUE
Total Cholesterol,P0795,PATIENT,,PAT0795,,145,mg/dL,2026-08-12,COBAS-501,A. Deshmukh,LP-2026-08-P03,TRUE
Total Cholesterol,P0796,PATIENT,,PAT0796,,228,mg/dL,2026-08-13,COBAS-702,R. Patel,LP-2026-08-P04,TRUE
Total Cholesterol,P0797,PATIENT,,PAT0797,,289,mg/dL,2026-08-14,COBAS-501,A. Deshmukh,LP-2026-08-P05,TRUE
Total Cholesterol,P0798,PATIENT,,PAT0798,,129,mg/dL,2026-08-15,COBAS-702,R. Patel,LP-2026-08-P06,TRUE
Total Cholesterol,P0799,PATIENT,,PAT0799,,198,mg/dL,2026-08-10,COBAS-501,A. Deshmukh,LP-2026-08-P07,TRUE
Total Cholesterol,P0800,PATIENT,,PAT0800,,212,mg/dL,2026-08-11,COBAS-702,R. Patel,LP-2026-08-P08,TRUE
Total Cholesterol,P0801,PATIENT,,PAT0801,,201,mg/dL,2026-08-12,COBAS-501,A. Deshmukh,LP-2026-08-P09,TRUE
Total Cholesterol,P0802,PATIENT,,PAT0802,,163,mg/dL,2026-08-13,COBAS-702,R. Patel,LP-2026-08-P10,TRUE
Total Cholesterol,P0803,PATIENT,,PAT0803,,195,mg/dL,2026-08-14,COBAS-501,A. Deshmukh,LP-2026-08-P11,TRUE
Total Cholesterol,P0804,PATIENT,,PAT0804,,141,mg/dL,2026-08-15,COBAS-702,R. Patel,LP-2026-08-P12,TRUE
Total Cholesterol,P0805,PATIENT,,PAT0805,,218,mg/dL,2026-08-10,COBAS-501,A. Deshmukh,LP-2026-08-P01,TRUE
Total Cholesterol,P0806,PATIENT,,PAT0806,,204,mg/dL,2026-08-11,COBAS-702,R. Patel,LP-2026-08-P02,TRUE
Total Cholesterol,P0807,PATIENT,,PAT0807,,162,mg/dL,2026-08-12,COBAS-501,A. Deshmukh,LP-2026-08-P03,TRUE
Total Cholesterol,P0808,PATIENT,,PAT0808,,164,mg/dL,2026-08-13,COBAS-702,R. Patel,LP-2026-08-P04,TRUE
Total Cholesterol,P0809,PATIENT,,PAT0809,,199,mg/dL,2026-08-14,COBAS-501,A. Deshmukh,LP-2026-08-P05,TRUE
Total Cholesterol,P0810,PATIENT,,PAT0810,,171,mg/dL,2026-08-15,COBAS-702,R. Patel,LP-2026-08-P06,TRUE
Total Cholesterol,P0811,PATIENT,,PAT0811,,242,mg/dL,2026-08-10,COBAS-501,A. Deshmukh,LP-2026-08-P07,TRUE
Total Cholesterol,P0812,PATIENT,,PAT0812,,177,mg/dL,2026-08-11,COBAS-702,R. Patel,LP-2026-08-P08,TRUE
Total Cholesterol,P0813,PATIENT,,PAT0813,,186,mg/dL,2026-08-12,COBAS-501,A. Deshmukh,LP-2026-08-P09,TRUE
Total Cholesterol,P0814,PATIENT,,PAT0814,,176,mg/dL,2026-08-13,COBAS-702,R. Patel,LP-2026-08-P10,TRUE
Total Cholesterol,P0815,PATIENT,,PAT0815,,283,mg/dL,2026-08-14,COBAS-501,A. Deshmukh,LP-2026-08-P11,TRUE
Total Cholesterol,P0816,PATIENT,,PAT0816,,148,mg/dL,2026-08-15,COBAS-702,R. Patel,LP-2026-08-P12,TRUE
Total Cholesterol,P0817,PATIENT,,PAT0817,,219,mg/dL,2026-08-10,COBAS-501,A. Deshmukh,LP-2026-08-P01,TRUE
Total Cholesterol,P0818,PATIENT,,PAT0818,,160,mg/dL,2026-08-11,COBAS-702,R. Patel,LP-2026-08-P02,TRUE
Total Cholesterol,P0819,PATIENT,,PAT0819,,218,mg/dL,2026-08-12,COBAS-501,A. Deshmukh,LP-2026-08-P03,TRUE
Total Cholesterol,P0820,PATIENT,,PAT0820,,195,mg/dL,2026-08-13,COBAS-702,R. Patel,LP-2026-08-P04,TRUE
Total Cholesterol,P0821,PATIENT,,PAT0821,,108,mg/dL,2026-08-14,COBAS-501,A. Deshmukh,LP-2026-08-P05,TRUE
Total Cholesterol,P0822,PATIENT,,PAT0822,,196,mg/dL,2026-08-15,COBAS-702,R. Patel,LP-2026-08-P06,TRUE
Total Cholesterol,P0823,PATIENT,,PAT0823,,239,mg/dL,2026-08-10,COBAS-501,A. Deshmukh,LP-2026-08-P07,TRUE
Total Cholesterol,P0824,PATIENT,,PAT0824,,221,mg/dL,2026-08-11,COBAS-702,R. Patel,LP-2026-08-P08,TRUE
Total Cholesterol,P0825,PATIENT,,PAT0825,,185,mg/dL,2026-08-12,COBAS-501,A. Deshmukh,LP-2026-08-P09,TRUE
Total Cholesterol,P0826,PATIENT,,PAT0826,,216,mg/dL,2026-08-13,COBAS-702,R. Patel,LP-2026-08-P10,TRUE
Total Cholesterol,P0827,PATIENT,,PAT0827,,89,mg/dL,2026-08-14,COBAS-501,A. Deshmukh,LP-2026-08-P11,TRUE
Total Cholesterol,P0828,PATIENT,,PAT0828,,161,mg/dL,2026-08-15,COBAS-702,R. Patel,LP-2026-08-P12,TRUE
Total Cholesterol,P0829,PATIENT,,PAT0829,,221,mg/dL,2026-08-10,COBAS-501,A. Deshmukh,LP-2026-08-P01,TRUE
Total Cholesterol,P0830,PATIENT,,PAT0830,,211,mg/dL,2026-08-11,COBAS-702,R. Patel,LP-2026-08-P02,TRUE
Total Cholesterol,P0831,PATIENT,,PAT0831,,180,mg/dL,2026-08-12,COBAS-501,A. Deshmukh,LP-2026-08-P03,TRUE
Total Cholesterol,P0832,PATIENT,,PAT0832,,155,mg/dL,2026-08-13,COBAS-702,R. Patel,LP-2026-08-P04,TRUE
Total Cholesterol,P0833,PATIENT,,PAT0833,,193,mg/dL,2026-08-14,COBAS-501,A. Deshmukh,LP-2026-08-P05,TRUE
Total Cholesterol,P0834,PATIENT,,PAT0834,,215,mg/dL,2026-08-15,COBAS-702,R. Patel,LP-2026-08-P06,TRUE
Total Cholesterol,P0835,PATIENT,,PAT0835,,179,mg/dL,2026-08-10,COBAS-501,A. Deshmukh,LP-2026-08-P07,TRUE
Total Cholesterol,P0836,PATIENT,,PAT0836,,254,mg/dL,2026-08-11,COBAS-702,R. Patel,LP-2026-08-P08,TRUE
Total Cholesterol,P0837,PATIENT,,PAT0837,,192,mg/dL,2026-08-12,COBAS-501,A. Deshmukh,LP-2026-08-P09,TRUE
Total Cholesterol,P0838,PATIENT,,PAT0838,,184,mg/dL,2026-08-13,COBAS-702,R. Patel,LP-2026-08-P10,TRUE
Total Cholesterol,P0839,PATIENT,,PAT0839,,214,mg/dL,2026-08-14,COBAS-501,A. Deshmukh,LP-2026-08-P11,TRUE
Total Cholesterol,P0840,PATIENT,,PAT0840,,233,mg/dL,2026-08-15,COBAS-702,R. Patel,LP-2026-08-P12,TRUE
Total Cholesterol,P0841,PATIENT,,PAT0841,,131,mg/dL,2026-08-10,COBAS-501,A. Deshmukh,LP-2026-08-P01,TRUE
Total Cholesterol,P0842,PATIENT,,PAT0842,,216,mg/dL,2026-08-11,COBAS-702,R. Patel,LP-2026-08-P02,TRUE
Total Cholesterol,P0843,PATIENT,,PAT0843,,264,mg/dL,2026-08-12,COBAS-501,A. Deshmukh,LP-2026-08-P03,TRUE
Total Cholesterol,P0844,PATIENT,,PAT0844,,266,mg/dL,2026-08-13,COBAS-702,R. Patel,LP-2026-08-P04,TRUE
Total Cholesterol,P0845,PATIENT,,PAT0845,,155,mg/dL,2026-08-14,COBAS-501,A. Deshmukh,LP-2026-08-P05,TRUE
Total Cholesterol,P0846,PATIENT,,PAT0846,,387,mg/dL,2026-08-15,COBAS-702,R. Patel,LP-2026-08-P06,TRUE
Total Cholesterol,P0847,PATIENT,,PAT0847,,207,mg/dL,2026-08-10,COBAS-501,A. Deshmukh,LP-2026-08-P07,TRUE
Total Cholesterol,P0848,PATIENT,,PAT0848,,235,mg/dL,2026-08-11,COBAS-702,R. Patel,LP-2026-08-P08,TRUE
Total Cholesterol,P0849,PATIENT,,PAT0849,,168,mg/dL,2026-08-12,COBAS-501,A. Deshmukh,LP-2026-08-P09,TRUE
Total Cholesterol,P0850,PATIENT,,PAT0850,,164,mg/dL,2026-08-13,COBAS-702,R. Patel,LP-2026-08-P10,TRUE
Total Cholesterol,P0851,PATIENT,,PAT0851,,213,mg/dL,2026-08-14,COBAS-501,A. Deshmukh,LP-2026-08-P11,TRUE
Total Cholesterol,P0852,PATIENT,,PAT0852,,193,mg/dL,2026-08-15,COBAS-702,R. Patel,LP-2026-08-P12,TRUE
Total Cholesterol,P0853,PATIENT,,PAT0853,,122,mg/dL,2026-08-10,COBAS-501,A. Deshmukh,LP-2026-08-P01,TRUE
Total Cholesterol,P0854,PATIENT,,PAT0854,,210,mg/dL,2026-08-11,COBAS-702,R. Patel,LP-2026-08-P02,TRUE
Total Cholesterol,P0855,PATIENT,,PAT0855,,207,mg/dL,2026-08-12,COBAS-501,A. Deshmukh,LP-2026-08-P03,TRUE
Total Cholesterol,P0856,PATIENT,,PAT0856,,172,mg/dL,2026-08-13,COBAS-702,R. Patel,LP-2026-08-P04,TRUE
Total Cholesterol,P0857,PATIENT,,PAT0857,,142,mg/dL,2026-08-14,COBAS-501,A. Deshmukh,LP-2026-08-P05,TRUE
Total Cholesterol,P0858,PATIENT,,PAT0858,,181,mg/dL,2026-08-15,COBAS-702,R. Patel,LP-2026-08-P06,TRUE
Total Cholesterol,P0859,PATIENT,,PAT0859,,181,mg/dL,2026-08-10,COBAS-501,A. Deshmukh,LP-2026-08-P07,TRUE
Total Cholesterol,P0860,PATIENT,,PAT0860,,238,mg/dL,2026-08-11,COBAS-702,R. Patel,LP-2026-08-P08,TRUE
Total Cholesterol,P0861,PATIENT,,PAT0861,,206,mg/dL,2026-08-12,COBAS-501,A. Deshmukh,LP-2026-08-P09,TRUE
Total Cholesterol,P0862,PATIENT,,PAT0862,,169,mg/dL,2026-08-13,COBAS-702,R. Patel,LP-2026-08-P10,TRUE
Total Cholesterol,P0863,PATIENT,,PAT0863,,192,mg/dL,2026-08-14,COBAS-501,A. Deshmukh,LP-2026-08-P11,TRUE
Total Cholesterol,P0864,PATIENT,,PAT0864,,210,mg/dL,2026-08-15,COBAS-702,R. Patel,LP-2026-08-P12,TRUE
Total Cholesterol,P0865,PATIENT,,PAT0865,,157,mg/dL,2026-08-10,COBAS-501,A. Deshmukh,LP-2026-08-P01,TRUE
Total Cholesterol,P0866,PATIENT,,PAT0866,,245,mg/dL,2026-08-11,COBAS-702,R. Patel,LP-2026-08-P02,TRUE
Total Cholesterol,P0867,PATIENT,,PAT0867,,147,mg/dL,2026-08-12,COBAS-501,A. Deshmukh,LP-2026-08-P03,TRUE
Total Cholesterol,P0868,PATIENT,,PAT0868,,149,mg/dL,2026-08-13,COBAS-702,R. Patel,LP-2026-08-P04,TRUE
Total Cholesterol,P0869,PATIENT,,PAT0869,,283,mg/dL,2026-08-14,COBAS-501,A. Deshmukh,LP-2026-08-P05,TRUE
Total Cholesterol,P0870,PATIENT,,PAT0870,,180,mg/dL,2026-08-15,COBAS-702,R. Patel,LP-2026-08-P06,TRUE
Total Cholesterol,P0871,PATIENT,,PAT0871,,168,mg/dL,2026-08-10,COBAS-501,A. Deshmukh,LP-2026-08-P07,TRUE
Total Cholesterol,P0872,PATIENT,,PAT0872,,268,mg/dL,2026-08-11,COBAS-702,R. Patel,LP-2026-08-P08,TRUE
Total Cholesterol,P0873,PATIENT,,PAT0873,,108,mg/dL,2026-08-12,COBAS-501,A. Deshmukh,LP-2026-08-P09,TRUE
Total Cholesterol,P0874,PATIENT,,PAT0874,,228,mg/dL,2026-08-13,COBAS-702,R. Patel,LP-2026-08-P10,FALSE
Total Cholesterol,P0875,PATIENT,,PAT0875,,220,mg/dL,2026-08-14,COBAS-501,A. Deshmukh,LP-2026-08-P11,TRUE
Total Cholesterol,P0876,PATIENT,,PAT0876,,176,mg/dL,2026-08-15,COBAS-702,R. Patel,LP-2026-08-P12,TRUE
Total Cholesterol,P0877,PATIENT,,PAT0877,,352,mg/dL,2026-08-10,COBAS-501,A. Deshmukh,LP-2026-08-P01,TRUE
Total Cholesterol,P0878,PATIENT,,PAT0878,,203,mg/dL,2026-08-11,COBAS-702,R. Patel,LP-2026-08-P02,TRUE
Total Cholesterol,P0879,PATIENT,,PAT0879,,184,mg/dL,2026-08-12,COBAS-501,A. Deshmukh,LP-2026-08-P03,TRUE
Total Cholesterol,P0880,PATIENT,,PAT0880,,216,mg/dL,2026-08-13,COBAS-702,R. Patel,LP-2026-08-P04,TRUE
Total Cholesterol,P0881,PATIENT,,PAT0881,,196,mg/dL,2026-08-14,COBAS-501,A. Deshmukh,LP-2026-08-P05,TRUE
Total Cholesterol,P0882,PATIENT,,PAT0882,,195,mg/dL,2026-08-15,COBAS-702,R. Patel,LP-2026-08-P06,TRUE
Total Cholesterol,P0883,PATIENT,,PAT0883,,148,mg/dL,2026-08-10,COBAS-501,A. Deshmukh,LP-2026-08-P07,TRUE
Total Cholesterol,P0884,PATIENT,,PAT0884,,259,mg/dL,2026-08-11,COBAS-702,R. Patel,LP-2026-08-P08,TRUE
Total Cholesterol,P0885,PATIENT,,PAT0885,,210,mg/dL,2026-08-12,COBAS-501,A. Deshmukh,LP-2026-08-P09,TRUE
Total Cholesterol,P0886,PATIENT,,PAT0886,,218,mg/dL,2026-08-13,COBAS-702,R. Patel,LP-2026-08-P10,TRUE
Total Cholesterol,P0887,PATIENT,,PAT0887,,161,mg/dL,2026-08-14,COBAS-501,A. Deshmukh,LP-2026-08-P11,TRUE
Total Cholesterol,P0888,PATIENT,,PAT0888,,170,mg/dL,2026-08-15,COBAS-702,R. Patel,LP-2026-08-P12,TRUE
Total Cholesterol,P0889,PATIENT,,PAT0889,,215,mg/dL,2026-08-10,COBAS-501,A. Deshmukh,LP-2026-08-P01,TRUE
Total Cholesterol,P0890,PATIENT,,PAT0890,,153,mg/dL,2026-08-11,COBAS-702,R. Patel,LP-2026-08-P02,TRUE
Total Cholesterol,P0891,PATIENT,,PAT0891,,110,mg/dL,2026-08-12,COBAS-501,A. Deshmukh,LP-2026-08-P03,TRUE
Total Cholesterol,P0892,PATIENT,,PAT0892,,177,mg/dL,2026-08-13,COBAS-702,R. Patel,LP-2026-08-P04,TRUE
Total Cholesterol,P0893,PATIENT,,PAT0893,,209,mg/dL,2026-08-14,COBAS-501,A. Deshmukh,LP-2026-08-P05,TRUE
Total Cholesterol,P0894,PATIENT,,PAT0894,,190,mg/dL,2026-08-15,COBAS-702,R. Patel,LP-2026-08-P06,TRUE
Total Cholesterol,P0895,PATIENT,,PAT0895,,186,mg/dL,2026-08-10,COBAS-501,A. Deshmukh,LP-2026-08-P07,TRUE
Total Cholesterol,P0896,PATIENT,,PAT0896,,206,mg/dL,2026-08-11,COBAS-702,R. Patel,LP-2026-08-P08,TRUE
Total Cholesterol,P0897,PATIENT,,PAT0897,,224,mg/dL,2026-08-12,COBAS-501,A. Deshmukh,LP-2026-08-P09,TRUE
Total Cholesterol,P0898,PATIENT,,PAT0898,,191,mg/dL,2026-08-13,COBAS-702,R. Patel,LP-2026-08-P10,TRUE
Total Cholesterol,P0899,PATIENT,,PAT0899,,160,mg/dL,2026-08-14,COBAS-501,A. Deshmukh,LP-2026-08-P11,TRUE
Total Cholesterol,P0900,PATIENT,,PAT0900,,143,mg/dL,2026-08-15,COBAS-702,R. Patel,LP-2026-08-P12,TRUE
Total Cholesterol,P0901,PATIENT,,PAT0901,,146,mg/dL,2026-08-10,COBAS-501,A. Deshmukh,LP-2026-08-P01,TRUE
Total Cholesterol,P0902,PATIENT,,PAT0902,,180,mg/dL,2026-08-11,COBAS-702,R. Patel,LP-2026-08-P02,TRUE
Total Cholesterol,P0903,PATIENT,,PAT0903,,307,mg/dL,2026-08-12,COBAS-501,A. Deshmukh,LP-2026-08-P03,TRUE
Total Cholesterol,P0904,PATIENT,,PAT0904,,207,mg/dL,2026-08-13,COBAS-702,R. Patel,LP-2026-08-P04,TRUE
Total Cholesterol,P0905,PATIENT,,PAT0905,,187,mg/dL,2026-08-14,COBAS-501,A. Deshmukh,LP-2026-08-P05,TRUE
Total Cholesterol,P0906,PATIENT,,PAT0906,,200,mg/dL,2026-08-15,COBAS-702,R. Patel,LP-2026-08-P06,TRUE
Total Cholesterol,P0907,PATIENT,,PAT0907,,180,mg/dL,2026-08-10,COBAS-501,A. Deshmukh,LP-2026-08-P07,TRUE
Total Cholesterol,P0908,PATIENT,,PAT0908,,222,mg/dL,2026-08-11,COBAS-702,R. Patel,LP-2026-08-P08,TRUE
Total Cholesterol,P0909,PATIENT,,PAT0909,,123,mg/dL,2026-08-12,COBAS-501,A. Deshmukh,LP-2026-08-P09,TRUE
Total Cholesterol,P0910,PATIENT,,PAT0910,,175,mg/dL,2026-08-13,COBAS-702,R. Patel,LP-2026-08-P10,TRUE
Total Cholesterol,P0911,PATIENT,,PAT0911,,146,mg/dL,2026-08-14,COBAS-501,A. Deshmukh,LP-2026-08-P11,TRUE
Total Cholesterol,P0912,PATIENT,,PAT0912,,145,mg/dL,2026-08-15,COBAS-702,R. Patel,LP-2026-08-P12,TRUE
Total Cholesterol,P0913,PATIENT,,PAT0913,,151,mg/dL,2026-08-10,COBAS-501,A. Deshmukh,LP-2026-08-P01,TRUE
Total Cholesterol,P0914,PATIENT,,PAT0914,,193,mg/dL,2026-08-11,COBAS-702,R. Patel,LP-2026-08-P02,TRUE
Total Cholesterol,P0915,PATIENT,,PAT0915,,170,mg/dL,2026-08-12,COBAS-501,A. Deshmukh,LP-2026-08-P03,TRUE
Total Cholesterol,P0916,PATIENT,,PAT0916,,215,mg/dL,2026-08-13,COBAS-702,R. Patel,LP-2026-08-P04,TRUE
Total Cholesterol,P0917,PATIENT,,PAT0917,,213,mg/dL,2026-08-14,COBAS-501,A. Deshmukh,LP-2026-08-P05,TRUE
Total Cholesterol,P0918,PATIENT,,PAT0918,,158,mg/dL,2026-08-15,COBAS-702,R. Patel,LP-2026-08-P06,TRUE
Total Cholesterol,P0919,PATIENT,,PAT0919,,151,mg/dL,2026-08-10,COBAS-501,A. Deshmukh,LP-2026-08-P07,TRUE
Total Cholesterol,P0920,PATIENT,,PAT0920,,192,mg/dL,2026-08-11,COBAS-702,R. Patel,LP-2026-08-P08,TRUE
Total Cholesterol,P0921,PATIENT,,PAT0921,,193,mg/dL,2026-08-12,COBAS-501,A. Deshmukh,LP-2026-08-P09,TRUE
Total Cholesterol,P0922,PATIENT,,PAT0922,,151,mg/dL,2026-08-13,COBAS-702,R. Patel,LP-2026-08-P10,TRUE
Total Cholesterol,P0923,PATIENT,,PAT0923,,160,mg/dL,2026-08-14,COBAS-501,A. Deshmukh,LP-2026-08-P11,TRUE
Total Cholesterol,P0924,PATIENT,,PAT0924,,217,mg/dL,2026-08-15,COBAS-702,R. Patel,LP-2026-08-P12,TRUE
Total Cholesterol,P0925,PATIENT,,PAT0925,,213,mg/dL,2026-08-10,COBAS-501,A. Deshmukh,LP-2026-08-P01,TRUE
Total Cholesterol,P0926,PATIENT,,PAT0926,,216,mg/dL,2026-08-11,COBAS-702,R. Patel,LP-2026-08-P02,TRUE
Total Cholesterol,P0927,PATIENT,,PAT0927,,196,mg/dL,2026-08-12,COBAS-501,A. Deshmukh,LP-2026-08-P03,TRUE
Total Cholesterol,P0928,PATIENT,,PAT0928,,219,mg/dL,2026-08-13,COBAS-702,R. Patel,LP-2026-08-P04,TRUE
Total Cholesterol,P0929,PATIENT,,PAT0929,,169,mg/dL,2026-08-14,COBAS-501,A. Deshmukh,LP-2026-08-P05,TRUE
Total Cholesterol,P0930,PATIENT,,PAT0930,,196,mg/dL,2026-08-15,COBAS-702,R. Patel,LP-2026-08-P06,TRUE
Total Cholesterol,P0931,PATIENT,,PAT0931,,171,mg/dL,2026-08-10,COBAS-501,A. Deshmukh,LP-2026-08-P07,TRUE
Total Cholesterol,P0932,PATIENT,,PAT0932,,185,mg/dL,2026-08-11,COBAS-702,R. Patel,LP-2026-08-P08,TRUE
Total Cholesterol,P0933,PATIENT,,PAT0933,,203,mg/dL,2026-08-12,COBAS-501,A. Deshmukh,LP-2026-08-P09,TRUE
Total Cholesterol,P0934,PATIENT,,PAT0934,,172,mg/dL,2026-08-13,COBAS-702,R. Patel,LP-2026-08-P10,TRUE
Total Cholesterol,P0935,PATIENT,,PAT0935,,206,mg/dL,2026-08-14,COBAS-501,A. Deshmukh,LP-2026-08-P11,TRUE
Total Cholesterol,P0936,PATIENT,,PAT0936,,165,mg/dL,2026-08-15,COBAS-702,R. Patel,LP-2026-08-P12,TRUE
Total Cholesterol,P0937,PATIENT,,PAT0937,,175,mg/dL,2026-08-10,COBAS-501,A. Deshmukh,LP-2026-08-P01,TRUE
Total Cholesterol,P0938,PATIENT,,PAT0938,,355,mg/dL,2026-08-11,COBAS-702,R. Patel,LP-2026-08-P02,TRUE
Total Cholesterol,P0939,PATIENT,,PAT0939,,169,mg/dL,2026-08-12,COBAS-501,A. Deshmukh,LP-2026-08-P03,TRUE
Total Cholesterol,P0940,PATIENT,,PAT0940,,168,mg/dL,2026-08-13,COBAS-702,R. Patel,LP-2026-08-P04,TRUE
Total Cholesterol,P0941,PATIENT,,PAT0941,,206,mg/dL,2026-08-14,COBAS-501,A. Deshmukh,LP-2026-08-P05,TRUE
Total Cholesterol,P0942,PATIENT,,PAT0942,,139,mg/dL,2026-08-15,COBAS-702,R. Patel,LP-2026-08-P06,TRUE
Total Cholesterol,P0943,PATIENT,,PAT0943,,187,mg/dL,2026-08-10,COBAS-501,A. Deshmukh,LP-2026-08-P07,TRUE
Total Cholesterol,P0944,PATIENT,,PAT0944,,176,mg/dL,2026-08-11,COBAS-702,R. Patel,LP-2026-08-P08,TRUE
Total Cholesterol,P0945,PATIENT,,PAT0945,,216,mg/dL,2026-08-12,COBAS-501,A. Deshmukh,LP-2026-08-P09,TRUE
Total Cholesterol,P0946,PATIENT,,PAT0946,,230,mg/dL,2026-08-13,COBAS-702,R. Patel,LP-2026-08-P10,TRUE
Total Cholesterol,P0947,PATIENT,,PAT0947,,221,mg/dL,2026-08-14,COBAS-501,A. Deshmukh,LP-2026-08-P11,TRUE
Total Cholesterol,P0948,PATIENT,,PAT0948,,186,mg/dL,2026-08-15,COBAS-702,R. Patel,LP-2026-08-P12,TRUE
Total Cholesterol,P0949,PATIENT,,PAT0949,,167,mg/dL,2026-08-10,COBAS-501,A. Deshmukh,LP-2026-08-P01,TRUE
Total Cholesterol,P0950,PATIENT,,PAT0950,,173,mg/dL,2026-08-11,COBAS-702,R. Patel,LP-2026-08-P02,TRUE
Total Cholesterol,P0951,PATIENT,,PAT0951,,211,mg/dL,2026-08-12,COBAS-501,A. Deshmukh,LP-2026-08-P03,TRUE
Total Cholesterol,P0952,PATIENT,,PAT0952,,233,mg/dL,2026-08-13,COBAS-702,R. Patel,LP-2026-08-P04,TRUE
Total Cholesterol,P0953,PATIENT,,PAT0953,,178,mg/dL,2026-08-14,COBAS-501,A. Deshmukh,LP-2026-08-P05,TRUE
Total Cholesterol,P0954,PATIENT,,PAT0954,,282,mg/dL,2026-08-15,COBAS-702,R. Patel,LP-2026-08-P06,TRUE
Total Cholesterol,P0955,PATIENT,,PAT0955,,117,mg/dL,2026-08-10,COBAS-501,A. Deshmukh,LP-2026-08-P07,TRUE
Total Cholesterol,P0956,PATIENT,,PAT0956,,192,mg/dL,2026-08-11,COBAS-702,R. Patel,LP-2026-08-P08,TRUE
Total Cholesterol,P0957,PATIENT,,PAT0957,,195,mg/dL,2026-08-12,COBAS-501,A. Deshmukh,LP-2026-08-P09,TRUE
Total Cholesterol,P0958,PATIENT,,PAT0958,,118,mg/dL,2026-08-13,COBAS-702,R. Patel,LP-2026-08-P10,TRUE
Total Cholesterol,P0959,PATIENT,,PAT0959,,208,mg/dL,2026-08-14,COBAS-501,A. Deshmukh,LP-2026-08-P11,TRUE
Total Cholesterol,P0960,PATIENT,,PAT0960,,209,mg/dL,2026-08-15,COBAS-702,R. Patel,LP-2026-08-P12,TRUE
Total Cholesterol,P0961,PATIENT,,PAT0961,,166,mg/dL,2026-08-10,COBAS-501,A. Deshmukh,LP-2026-08-P01,TRUE
Total Cholesterol,P0962,PATIENT,,PAT0962,,142,mg/dL,2026-08-11,COBAS-702,R. Patel,LP-2026-08-P02,TRUE
Total Cholesterol,P0963,PATIENT,,PAT0963,,163,mg/dL,2026-08-12,COBAS-501,A. Deshmukh,LP-2026-08-P03,TRUE
Total Cholesterol,P0964,PATIENT,,PAT0964,,183,mg/dL,2026-08-13,COBAS-702,R. Patel,LP-2026-08-P04,TRUE
Total Cholesterol,P0965,PATIENT,,PAT0965,,175,mg/dL,2026-08-14,COBAS-501,A. Deshmukh,LP-2026-08-P05,TRUE
Total Cholesterol,P0966,PATIENT,,PAT0966,,210,mg/dL,2026-08-15,COBAS-702,R. Patel,LP-2026-08-P06,TRUE
Total Cholesterol,P0967,PATIENT,,PAT0967,,224,mg/dL,2026-08-10,COBAS-501,A. Deshmukh,LP-2026-08-P07,TRUE
Total Cholesterol,P0968,PATIENT,,PAT0968,,134,mg/dL,2026-08-11,COBAS-702,R. Patel,LP-2026-08-P08,TRUE
Total Cholesterol,P0969,PATIENT,,PAT0969,,216,mg/dL,2026-08-12,COBAS-501,A. Deshmukh,LP-2026-08-P09,TRUE
Total Cholesterol,P0970,PATIENT,,PAT0970,,192,mg/dL,2026-08-13,COBAS-702,R. Patel,LP-2026-08-P10,TRUE
Total Cholesterol,P0971,PATIENT,,PAT0971,,183,mg/dL,2026-08-14,COBAS-501,A. Deshmukh,LP-2026-08-P11,FALSE
Total Cholesterol,P0972,PATIENT,,PAT0972,,150,mg/dL,2026-08-15,COBAS-702,R. Patel,LP-2026-08-P12,TRUE
Total Cholesterol,P0973,PATIENT,,PAT0973,,209,mg/dL,2026-08-10,COBAS-501,A. Deshmukh,LP-2026-08-P01,TRUE
Total Cholesterol,P0974,PATIENT,,PAT0974,,155,mg/dL,2026-08-11,COBAS-702,R. Patel,LP-2026-08-P02,TRUE
Total Cholesterol,P0975,PATIENT,,PAT0975,,180,mg/dL,2026-08-12,COBAS-501,A. Deshmukh,LP-2026-08-P03,TRUE
Total Cholesterol,P0976,PATIENT,,PAT0976,,187,mg/dL,2026-08-13,COBAS-702,R. Patel,LP-2026-08-P04,TRUE
Total Cholesterol,P0977,PATIENT,,PAT0977,,210,mg/dL,2026-08-14,COBAS-501,A. Deshmukh,LP-2026-08-P05,TRUE
Total Cholesterol,P0978,PATIENT,,PAT0978,,171,mg/dL,2026-08-15,COBAS-702,R. Patel,LP-2026-08-P06,TRUE
Total Cholesterol,P0979,PATIENT,,PAT0979,,143,mg/dL,2026-08-10,COBAS-501,A. Deshmukh,LP-2026-08-P07,TRUE
Total Cholesterol,P0980,PATIENT,,PAT0980,,180,mg/dL,2026-08-11,COBAS-702,R. Patel,LP-2026-08-P08,TRUE
Total Cholesterol,P0981,PATIENT,,PAT0981,,168,mg/dL,2026-08-12,COBAS-501,A. Deshmukh,LP-2026-08-P09,TRUE
Total Cholesterol,P0982,PATIENT,,PAT0982,,197,mg/dL,2026-08-13,COBAS-702,R. Patel,LP-2026-08-P10,TRUE
Total Cholesterol,P0983,PATIENT,,PAT0983,,202,mg/dL,2026-08-14,COBAS-501,A. Deshmukh,LP-2026-08-P11,TRUE
Total Cholesterol,P0984,PATIENT,,PAT0984,,162,mg/dL,2026-08-15,COBAS-702,R. Patel,LP-2026-08-P12,TRUE
Total Cholesterol,P0985,PATIENT,,PAT0985,,175,mg/dL,2026-08-10,COBAS-501,A. Deshmukh,LP-2026-08-P01,TRUE
Total Cholesterol,P0986,PATIENT,,PAT0986,,190,mg/dL,2026-08-11,COBAS-702,R. Patel,LP-2026-08-P02,TRUE
Total Cholesterol,P0987,PATIENT,,PAT0987,,194,mg/dL,2026-08-12,COBAS-501,A. Deshmukh,LP-2026-08-P03,TRUE
Total Cholesterol,P0988,PATIENT,,PAT0988,,137,mg/dL,2026-08-13,COBAS-702,R. Patel,LP-2026-08-P04,TRUE
Total Cholesterol,P0989,PATIENT,,PAT0989,,147,mg/dL,2026-08-14,COBAS-501,A. Deshmukh,LP-2026-08-P05,TRUE
Total Cholesterol,P0990,PATIENT,,PAT0990,,216,mg/dL,2026-08-15,COBAS-702,R. Patel,LP-2026-08-P06,TRUE
Total Cholesterol,P0991,PATIENT,,PAT0991,,231,mg/dL,2026-08-10,COBAS-501,A. Deshmukh,LP-2026-08-P07,TRUE
Total Cholesterol,P0992,PATIENT,,PAT0992,,295,mg/dL,2026-08-11,COBAS-702,R. Patel,LP-2026-08-P08,TRUE
Total Cholesterol,P0993,PATIENT,,PAT0993,,190,mg/dL,2026-08-12,COBAS-501,A. Deshmukh,LP-2026-08-P09,TRUE
Total Cholesterol,P0994,PATIENT,,PAT0994,,243,mg/dL,2026-08-13,COBAS-702,R. Patel,LP-2026-08-P10,TRUE
Total Cholesterol,P0995,PATIENT,,PAT0995,,218,mg/dL,2026-08-14,COBAS-501,A. Deshmukh,LP-2026-08-P11,TRUE
Total Cholesterol,P0996,PATIENT,,PAT0996,,209,mg/dL,2026-08-15,COBAS-702,R. Patel,LP-2026-08-P12,TRUE
Total Cholesterol,P0997,PATIENT,,PAT0997,,209,mg/dL,2026-08-10,COBAS-501,A. Deshmukh,LP-2026-08-P01,TRUE
Total Cholesterol,P0998,PATIENT,,PAT0998,,220,mg/dL,2026-08-11,COBAS-702,R. Patel,LP-2026-08-P02,TRUE
Total Cholesterol,P0999,PATIENT,,PAT0999,,165,mg/dL,2026-08-12,COBAS-501,A. Deshmukh,LP-2026-08-P03,TRUE
Total Cholesterol,P1000,PATIENT,,PAT1000,,186,mg/dL,2026-08-13,COBAS-702,R. Patel,LP-2026-08-P04,TRUE
Total Cholesterol,P1001,PATIENT,,PAT1001,,230,mg/dL,2026-08-14,COBAS-501,A. Deshmukh,LP-2026-08-P05,TRUE
Total Cholesterol,P1002,PATIENT,,PAT1002,,132,mg/dL,2026-08-15,COBAS-702,R. Patel,LP-2026-08-P06,TRUE
Total Cholesterol,P1003,PATIENT,,PAT1003,,181,mg/dL,2026-08-10,COBAS-501,A. Deshmukh,LP-2026-08-P07,TRUE
Total Cholesterol,P1004,PATIENT,,PAT1004,,218,mg/dL,2026-08-11,COBAS-702,R. Patel,LP-2026-08-P08,TRUE
Total Cholesterol,P1005,PATIENT,,PAT1005,,121,mg/dL,2026-08-12,COBAS-501,A. Deshmukh,LP-2026-08-P09,TRUE
Total Cholesterol,P1006,PATIENT,,PAT1006,,210,mg/dL,2026-08-13,COBAS-702,R. Patel,LP-2026-08-P10,TRUE
Total Cholesterol,P1007,PATIENT,,PAT1007,,206,mg/dL,2026-08-14,COBAS-501,A. Deshmukh,LP-2026-08-P11,TRUE
Total Cholesterol,P1008,PATIENT,,PAT1008,,161,mg/dL,2026-08-15,COBAS-702,R. Patel,LP-2026-08-P12,TRUE
Total Cholesterol,P1009,PATIENT,,PAT1009,,179,mg/dL,2026-08-10,COBAS-501,A. Deshmukh,LP-2026-08-P01,TRUE
Total Cholesterol,P1010,PATIENT,,PAT1010,,179,mg/dL,2026-08-11,COBAS-702,R. Patel,LP-2026-08-P02,TRUE
Total Cholesterol,P1011,PATIENT,,PAT1011,,142,mg/dL,2026-08-12,COBAS-501,A. Deshmukh,LP-2026-08-P03,TRUE
Total Cholesterol,P1012,PATIENT,,PAT1012,,169,mg/dL,2026-08-13,COBAS-702,R. Patel,LP-2026-08-P04,TRUE
Total Cholesterol,P1013,PATIENT,,PAT1013,,219,mg/dL,2026-08-14,COBAS-501,A. Deshmukh,LP-2026-08-P05,TRUE
Total Cholesterol,P1014,PATIENT,,PAT1014,,186,mg/dL,2026-08-15,COBAS-702,R. Patel,LP-2026-08-P06,TRUE
Total Cholesterol,P1015,PATIENT,,PAT1015,,320,mg/dL,2026-08-10,COBAS-501,A. Deshmukh,LP-2026-08-P07,TRUE
Total Cholesterol,P1016,PATIENT,,PAT1016,,161,mg/dL,2026-08-11,COBAS-702,R. Patel,LP-2026-08-P08,TRUE
Total Cholesterol,P1017,PATIENT,,PAT1017,,171,mg/dL,2026-08-12,COBAS-501,A. Deshmukh,LP-2026-08-P09,TRUE
Total Cholesterol,P1018,PATIENT,,PAT1018,,214,mg/dL,2026-08-13,COBAS-702,R. Patel,LP-2026-08-P10,TRUE
Total Cholesterol,P1019,PATIENT,,PAT1019,,191,mg/dL,2026-08-14,COBAS-501,A. Deshmukh,LP-2026-08-P11,TRUE
Total Cholesterol,P1020,PATIENT,,PAT1020,,210,mg/dL,2026-08-15,COBAS-702,R. Patel,LP-2026-08-P12,TRUE
Total Cholesterol,P1021,PATIENT,,PAT1021,,188,mg/dL,2026-08-10,COBAS-501,A. Deshmukh,LP-2026-08-P01,TRUE
Total Cholesterol,P1022,PATIENT,,PAT1022,,250,mg/dL,2026-08-11,COBAS-702,R. Patel,LP-2026-08-P02,TRUE
Total Cholesterol,P1023,PATIENT,,PAT1023,,105,mg/dL,2026-08-12,COBAS-501,A. Deshmukh,LP-2026-08-P03,TRUE
Total Cholesterol,P1024,PATIENT,,PAT1024,,178,mg/dL,2026-08-13,COBAS-702,R. Patel,LP-2026-08-P04,TRUE
Total Cholesterol,P1025,PATIENT,,PAT1025,,184,mg/dL,2026-08-14,COBAS-501,A. Deshmukh,LP-2026-08-P05,TRUE
Total Cholesterol,P1026,PATIENT,,PAT1026,,259,mg/dL,2026-08-15,COBAS-702,R. Patel,LP-2026-08-P06,TRUE
Total Cholesterol,P1027,PATIENT,,PAT1027,,168,mg/dL,2026-08-10,COBAS-501,A. Deshmukh,LP-2026-08-P07,TRUE
Total Cholesterol,P1028,PATIENT,,PAT1028,,128,mg/dL,2026-08-11,COBAS-702,R. Patel,LP-2026-08-P08,TRUE
Total Cholesterol,P1029,PATIENT,,PAT1029,,159,mg/dL,2026-08-12,COBAS-501,A. Deshmukh,LP-2026-08-P09,TRUE
Total Cholesterol,P1030,PATIENT,,PAT1030,,150,mg/dL,2026-08-13,COBAS-702,R. Patel,LP-2026-08-P10,TRUE
Total Cholesterol,P1031,PATIENT,,PAT1031,,156,mg/dL,2026-08-14,COBAS-501,A. Deshmukh,LP-2026-08-P11,TRUE
Total Cholesterol,P1032,PATIENT,,PAT1032,,179,mg/dL,2026-08-15,COBAS-702,R. Patel,LP-2026-08-P12,TRUE
Total Cholesterol,P1033,PATIENT,,PAT1033,,136,mg/dL,2026-08-10,COBAS-501,A. Deshmukh,LP-2026-08-P01,TRUE
Total Cholesterol,P1034,PATIENT,,PAT1034,,333,mg/dL,2026-08-11,COBAS-702,R. Patel,LP-2026-08-P02,TRUE
Total Cholesterol,P1035,PATIENT,,PAT1035,,105,mg/dL,2026-08-12,COBAS-501,A. Deshmukh,LP-2026-08-P03,TRUE
Total Cholesterol,P1036,PATIENT,,PAT1036,,135,mg/dL,2026-08-13,COBAS-702,R. Patel,LP-2026-08-P04,TRUE
Total Cholesterol,P1037,PATIENT,,PAT1037,,188,mg/dL,2026-08-14,COBAS-501,A. Deshmukh,LP-2026-08-P05,TRUE
Total Cholesterol,P1038,PATIENT,,PAT1038,,190,mg/dL,2026-08-15,COBAS-702,R. Patel,LP-2026-08-P06,TRUE
Total Cholesterol,P1039,PATIENT,,PAT1039,,240,mg/dL,2026-08-10,COBAS-501,A. Deshmukh,LP-2026-08-P07,TRUE
Total Cholesterol,P1040,PATIENT,,PAT1040,,188,mg/dL,2026-08-11,COBAS-702,R. Patel,LP-2026-08-P08,TRUE
Total Cholesterol,P1041,PATIENT,,PAT1041,,394,mg/dL,2026-08-12,COBAS-501,A. Deshmukh,LP-2026-08-P09,TRUE
Total Cholesterol,P1042,PATIENT,,PAT1042,,268,mg/dL,2026-08-13,COBAS-702,R. Patel,LP-2026-08-P10,TRUE
Total Cholesterol,P1043,PATIENT,,PAT1043,,201,mg/dL,2026-08-14,COBAS-501,A. Deshmukh,LP-2026-08-P11,TRUE
Total Cholesterol,P1044,PATIENT,,PAT1044,,119,mg/dL,2026-08-15,COBAS-702,R. Patel,LP-2026-08-P12,TRUE
Total Cholesterol,P1045,PATIENT,,PAT1045,,241,mg/dL,2026-08-10,COBAS-501,A. Deshmukh,LP-2026-08-P01,TRUE
Total Cholesterol,P1046,PATIENT,,PAT1046,,189,mg/dL,2026-08-11,COBAS-702,R. Patel,LP-2026-08-P02,TRUE
Total Cholesterol,P1047,PATIENT,,PAT1047,,238,mg/dL,2026-08-12,COBAS-501,A. Deshmukh,LP-2026-08-P03,TRUE
Total Cholesterol,P1048,PATIENT,,PAT1048,,86,mg/dL,2026-08-13,COBAS-702,R. Patel,LP-2026-08-P04,TRUE
Total Cholesterol,P1049,PATIENT,,PAT1049,,247,mg/dL,2026-08-14,COBAS-501,A. Deshmukh,LP-2026-08-P05,TRUE
Total Cholesterol,P1050,PATIENT,,PAT1050,,176,mg/dL,2026-08-15,COBAS-702,R. Patel,LP-2026-08-P06,TRUE
Total Cholesterol,P1051,PATIENT,,PAT1051,,210,mg/dL,2026-08-10,COBAS-501,A. Deshmukh,LP-2026-08-P07,TRUE
Total Cholesterol,P1052,PATIENT,,PAT1052,,186,mg/dL,2026-08-11,COBAS-702,R. Patel,LP-2026-08-P08,TRUE
Total Cholesterol,P1053,PATIENT,,PAT1053,,154,mg/dL,2026-08-12,COBAS-501,A. Deshmukh,LP-2026-08-P09,TRUE
Total Cholesterol,P1054,PATIENT,,PAT1054,,195,mg/dL,2026-08-13,COBAS-702,R. Patel,LP-2026-08-P10,TRUE
Total Cholesterol,P1055,PATIENT,,PAT1055,,185,mg/dL,2026-08-14,COBAS-501,A. Deshmukh,LP-2026-08-P11,TRUE
Total Cholesterol,P1056,PATIENT,,PAT1056,,----,mg/dL,2026-08-15,COBAS-702,R. Patel,LP-2026-08-P12,FALSE
Total Cholesterol,P1057,PATIENT,,PAT1057,,207,mg/dL,2026-08-10,COBAS-501,A. Deshmukh,LP-2026-08-P01,TRUE
Total Cholesterol,P1058,PATIENT,,PAT1058,,193,mg/dL,2026-08-11,COBAS-702,R. Patel,LP-2026-08-P02,TRUE
Total Cholesterol,P1059,PATIENT,,PAT1059,,157,mg/dL,2026-08-12,COBAS-501,A. Deshmukh,LP-2026-08-P03,TRUE
Total Cholesterol,P1060,PATIENT,,PAT1060,,215,mg/dL,2026-08-13,COBAS-702,R. Patel,LP-2026-08-P04,TRUE
Total Cholesterol,P1061,PATIENT,,PAT1061,,120,mg/dL,2026-08-14,COBAS-501,A. Deshmukh,LP-2026-08-P05,TRUE
Total Cholesterol,P1062,PATIENT,,PAT1062,,196,mg/dL,2026-08-15,COBAS-702,R. Patel,LP-2026-08-P06,TRUE
Total Cholesterol,P1063,PATIENT,,PAT1063,,184,mg/dL,2026-08-10,COBAS-501,A. Deshmukh,LP-2026-08-P07,TRUE
Total Cholesterol,P1064,PATIENT,,PAT1064,,211,mg/dL,2026-08-11,COBAS-702,R. Patel,LP-2026-08-P08,TRUE
Total Cholesterol,P1065,PATIENT,,PAT1065,,205,mg/dL,2026-08-12,COBAS-501,A. Deshmukh,LP-2026-08-P09,TRUE
Total Cholesterol,P1066,PATIENT,,PAT1066,,213,mg/dL,2026-08-13,COBAS-702,R. Patel,LP-2026-08-P10,TRUE
Total Cholesterol,P1067,PATIENT,,PAT1067,,294,mg/dL,2026-08-14,COBAS-501,A. Deshmukh,LP-2026-08-P11,TRUE
Total Cholesterol,P1068,PATIENT,,PAT1068,,211,mg/dL,2026-08-15,COBAS-702,R. Patel,LP-2026-08-P12,FALSE
Total Cholesterol,P1069,PATIENT,,PAT1069,,294,mg/dL,2026-08-10,COBAS-501,A. Deshmukh,LP-2026-08-P01,TRUE
Total Cholesterol,P1070,PATIENT,,PAT1070,,73,mg/dL,2026-08-11,COBAS-702,R. Patel,LP-2026-08-P02,TRUE
Total Cholesterol,P1071,PATIENT,,PAT1071,,190,mg/dL,2026-08-12,COBAS-501,A. Deshmukh,LP-2026-08-P03,TRUE
Total Cholesterol,P1072,PATIENT,,PAT1072,,121,mg/dL,2026-08-13,COBAS-702,R. Patel,LP-2026-08-P04,TRUE
Total Cholesterol,P1073,PATIENT,,PAT1073,,197,mg/dL,2026-08-14,COBAS-501,A. Deshmukh,LP-2026-08-P05,TRUE
Total Cholesterol,P1074,PATIENT,,PAT1074,,140,mg/dL,2026-08-15,COBAS-702,R. Patel,LP-2026-08-P06,TRUE
Total Cholesterol,P1075,PATIENT,,PAT1075,,171,mg/dL,2026-08-10,COBAS-501,A. Deshmukh,LP-2026-08-P07,TRUE
Total Cholesterol,P1076,PATIENT,,PAT1076,,242,mg/dL,2026-08-11,COBAS-702,R. Patel,LP-2026-08-P08,TRUE
Total Cholesterol,P1077,PATIENT,,PAT1077,,247,mg/dL,2026-08-12,COBAS-501,A. Deshmukh,LP-2026-08-P09,TRUE
Total Cholesterol,P1078,PATIENT,,PAT1078,,179,mg/dL,2026-08-13,COBAS-702,R. Patel,LP-2026-08-P10,TRUE
Total Cholesterol,P1079,PATIENT,,PAT1079,,213,mg/dL,2026-08-14,COBAS-501,A. Deshmukh,LP-2026-08-P11,TRUE
Total Cholesterol,P1080,PATIENT,,PAT1080,,131,mg/dL,2026-08-15,COBAS-702,R. Patel,LP-2026-08-P12,TRUE
Total Cholesterol,P1081,PATIENT,,PAT1081,,175,mg/dL,2026-08-10,COBAS-501,A. Deshmukh,LP-2026-08-P01,TRUE
Total Cholesterol,P1082,PATIENT,,PAT1082,,203,mg/dL,2026-08-11,COBAS-702,R. Patel,LP-2026-08-P02,TRUE
Total Cholesterol,P1083,PATIENT,,PAT1083,,138,mg/dL,2026-08-12,COBAS-501,A. Deshmukh,LP-2026-08-P03,TRUE
Total Cholesterol,P1084,PATIENT,,PAT1084,,203,mg/dL,2026-08-13,COBAS-702,R. Patel,LP-2026-08-P04,TRUE
Total Cholesterol,P1085,PATIENT,,PAT1085,,192,mg/dL,2026-08-14,COBAS-501,A. Deshmukh,LP-2026-08-P05,TRUE
Total Cholesterol,P1086,PATIENT,,PAT1086,,179,mg/dL,2026-08-15,COBAS-702,R. Patel,LP-2026-08-P06,TRUE
Total Cholesterol,P1087,PATIENT,,PAT1087,,204,mg/dL,2026-08-10,COBAS-501,A. Deshmukh,LP-2026-08-P07,TRUE
Total Cholesterol,P1088,PATIENT,,PAT1088,,135,mg/dL,2026-08-11,COBAS-702,R. Patel,LP-2026-08-P08,TRUE
Total Cholesterol,P1089,PATIENT,,PAT1089,,184,mg/dL,2026-08-12,COBAS-501,A. Deshmukh,LP-2026-08-P09,TRUE
Total Cholesterol,P1090,PATIENT,,PAT1090,,171,mg/dL,2026-08-13,COBAS-702,R. Patel,LP-2026-08-P10,TRUE
Total Cholesterol,P1091,PATIENT,,PAT1091,,175,mg/dL,2026-08-14,COBAS-501,A. Deshmukh,LP-2026-08-P11,TRUE
Total Cholesterol,P1092,PATIENT,,PAT1092,,193,mg/dL,2026-08-15,COBAS-702,R. Patel,LP-2026-08-P12,TRUE
Total Cholesterol,P1093,PATIENT,,PAT1093,,222,mg/dL,2026-08-10,COBAS-501,A. Deshmukh,LP-2026-08-P01,TRUE
Total Cholesterol,P1094,PATIENT,,PAT1094,,193,mg/dL,2026-08-11,COBAS-702,R. Patel,LP-2026-08-P02,TRUE
Total Cholesterol,P1095,PATIENT,,PAT1095,,214,mg/dL,2026-08-12,COBAS-501,A. Deshmukh,LP-2026-08-P03,TRUE
Total Cholesterol,P1096,PATIENT,,PAT1096,,235,mg/dL,2026-08-13,COBAS-702,R. Patel,LP-2026-08-P04,TRUE
Total Cholesterol,P1097,PATIENT,,PAT1097,,185,mg/dL,2026-08-14,COBAS-501,A. Deshmukh,LP-2026-08-P05,TRUE
Total Cholesterol,P1098,PATIENT,,PAT1098,,185,mg/dL,2026-08-15,COBAS-702,R. Patel,LP-2026-08-P06,TRUE
Total Cholesterol,P1099,PATIENT,,PAT1099,,204,mg/dL,2026-08-10,COBAS-501,A. Deshmukh,LP-2026-08-P07,TRUE
Total Cholesterol,P1100,PATIENT,,PAT1100,,169,mg/dL,2026-08-11,COBAS-702,R. Patel,LP-2026-08-P08,TRUE
Total Cholesterol,P1101,PATIENT,,PAT1101,,139,mg/dL,2026-08-12,COBAS-501,A. Deshmukh,LP-2026-08-P09,TRUE
Total Cholesterol,P1102,PATIENT,,PAT1102,,152,mg/dL,2026-08-13,COBAS-702,R. Patel,LP-2026-08-P10,TRUE
Total Cholesterol,P1103,PATIENT,,PAT1103,,171,mg/dL,2026-08-14,COBAS-501,A. Deshmukh,LP-2026-08-P11,TRUE
Total Cholesterol,P1104,PATIENT,,PAT1104,,141,mg/dL,2026-08-15,COBAS-702,R. Patel,LP-2026-08-P12,TRUE
Total Cholesterol,P1105,PATIENT,,PAT1105,,163,mg/dL,2026-08-10,COBAS-501,A. Deshmukh,LP-2026-08-P01,TRUE
Total Cholesterol,P1106,PATIENT,,PAT1106,,78,mg/dL,2026-08-11,COBAS-702,R. Patel,LP-2026-08-P02,TRUE
Total Cholesterol,P1107,PATIENT,,PAT1107,,201,mg/dL,2026-08-12,COBAS-501,A. Deshmukh,LP-2026-08-P03,TRUE
Total Cholesterol,P1108,PATIENT,,PAT1108,,225,mg/dL,2026-08-13,COBAS-702,R. Patel,LP-2026-08-P04,TRUE
Total Cholesterol,P1109,PATIENT,,PAT1109,,245,mg/dL,2026-08-14,COBAS-501,A. Deshmukh,LP-2026-08-P05,TRUE
Total Cholesterol,P1110,PATIENT,,PAT1110,,243,mg/dL,2026-08-15,COBAS-702,R. Patel,LP-2026-08-P06,TRUE
Total Cholesterol,P1111,PATIENT,,PAT1111,,141,mg/dL,2026-08-10,COBAS-501,A. Deshmukh,LP-2026-08-P07,TRUE
Total Cholesterol,P1112,PATIENT,,PAT1112,,184,mg/dL,2026-08-11,COBAS-702,R. Patel,LP-2026-08-P08,TRUE
Total Cholesterol,P1113,PATIENT,,PAT1113,,206,mg/dL,2026-08-12,COBAS-501,A. Deshmukh,LP-2026-08-P09,TRUE
Total Cholesterol,P1114,PATIENT,,PAT1114,,163,mg/dL,2026-08-13,COBAS-702,R. Patel,LP-2026-08-P10,TRUE
Total Cholesterol,P1115,PATIENT,,PAT1115,,161,mg/dL,2026-08-14,COBAS-501,A. Deshmukh,LP-2026-08-P11,TRUE
Total Cholesterol,P1116,PATIENT,,PAT1116,,136,mg/dL,2026-08-15,COBAS-702,R. Patel,LP-2026-08-P12,TRUE
Total Cholesterol,P1117,PATIENT,,PAT1117,,189,mg/dL,2026-08-10,COBAS-501,A. Deshmukh,LP-2026-08-P01,TRUE
Total Cholesterol,P1118,PATIENT,,PAT1118,,197,mg/dL,2026-08-11,COBAS-702,R. Patel,LP-2026-08-P02,TRUE
Total Cholesterol,P1119,PATIENT,,PAT1119,,177,mg/dL,2026-08-12,COBAS-501,A. Deshmukh,LP-2026-08-P03,TRUE
Total Cholesterol,P1120,PATIENT,,PAT1120,,188,mg/dL,2026-08-13,COBAS-702,R. Patel,LP-2026-08-P04,TRUE
Total Cholesterol,P1121,PATIENT,,PAT1121,,383,mg/dL,2026-08-14,COBAS-501,A. Deshmukh,LP-2026-08-P05,TRUE
Total Cholesterol,P1122,PATIENT,,PAT1122,,218,mg/dL,2026-08-15,COBAS-702,R. Patel,LP-2026-08-P06,TRUE
Total Cholesterol,P1123,PATIENT,,PAT1123,,228,mg/dL,2026-08-10,COBAS-501,A. Deshmukh,LP-2026-08-P07,TRUE
Total Cholesterol,P1124,PATIENT,,PAT1124,,163,mg/dL,2026-08-11,COBAS-702,R. Patel,LP-2026-08-P08,TRUE
Total Cholesterol,P1125,PATIENT,,PAT1125,,175,mg/dL,2026-08-12,COBAS-501,A. Deshmukh,LP-2026-08-P09,TRUE
Total Cholesterol,P1126,PATIENT,,PAT1126,,213,mg/dL,2026-08-13,COBAS-702,R. Patel,LP-2026-08-P10,TRUE
Total Cholesterol,P1127,PATIENT,,PAT1127,,224,mg/dL,2026-08-14,COBAS-501,A. Deshmukh,LP-2026-08-P11,TRUE
Total Cholesterol,P1128,PATIENT,,PAT1128,,198,mg/dL,2026-08-15,COBAS-702,R. Patel,LP-2026-08-P12,TRUE
Total Cholesterol,P1129,PATIENT,,PAT1129,,154,mg/dL,2026-08-10,COBAS-501,A. Deshmukh,LP-2026-08-P01,TRUE
Total Cholesterol,P1130,PATIENT,,PAT1130,,203,mg/dL,2026-08-11,COBAS-702,R. Patel,LP-2026-08-P02,TRUE
Total Cholesterol,P1131,PATIENT,,PAT1131,,203,mg/dL,2026-08-12,COBAS-501,A. Deshmukh,LP-2026-08-P03,TRUE
Total Cholesterol,P1132,PATIENT,,PAT1132,,155,mg/dL,2026-08-13,COBAS-702,R. Patel,LP-2026-08-P04,TRUE
Total Cholesterol,P1133,PATIENT,,PAT1133,,212,mg/dL,2026-08-14,COBAS-501,A. Deshmukh,LP-2026-08-P05,TRUE
Total Cholesterol,P1134,PATIENT,,PAT1134,,182,mg/dL,2026-08-15,COBAS-702,R. Patel,LP-2026-08-P06,TRUE
Total Cholesterol,P1135,PATIENT,,PAT1135,,169,mg/dL,2026-08-10,COBAS-501,A. Deshmukh,LP-2026-08-P07,TRUE
Total Cholesterol,P1136,PATIENT,,PAT1136,,160,mg/dL,2026-08-11,COBAS-702,R. Patel,LP-2026-08-P08,TRUE
Total Cholesterol,P1137,PATIENT,,PAT1137,,191,mg/dL,2026-08-12,COBAS-501,A. Deshmukh,LP-2026-08-P09,TRUE
Total Cholesterol,P1138,PATIENT,,PAT1138,,140,mg/dL,2026-08-13,COBAS-702,R. Patel,LP-2026-08-P10,TRUE
Total Cholesterol,P1139,PATIENT,,PAT1139,,243,mg/dL,2026-08-14,COBAS-501,A. Deshmukh,LP-2026-08-P11,TRUE
Total Cholesterol,P1140,PATIENT,,PAT1140,,258,mg/dL,2026-08-15,COBAS-702,R. Patel,LP-2026-08-P12,TRUE
Total Cholesterol,P1141,PATIENT,,PAT1141,,196,mg/dL,2026-08-10,COBAS-501,A. Deshmukh,LP-2026-08-P01,TRUE
Total Cholesterol,P1142,PATIENT,,PAT1142,,213,mg/dL,2026-08-11,COBAS-702,R. Patel,LP-2026-08-P02,TRUE
Total Cholesterol,P1143,PATIENT,,PAT1143,,194,mg/dL,2026-08-12,COBAS-501,A. Deshmukh,LP-2026-08-P03,TRUE
Total Cholesterol,P1144,PATIENT,,PAT1144,,216,mg/dL,2026-08-13,COBAS-702,R. Patel,LP-2026-08-P04,TRUE
Total Cholesterol,P1145,PATIENT,,PAT1145,,104,mg/dL,2026-08-14,COBAS-501,A. Deshmukh,LP-2026-08-P05,TRUE
Total Cholesterol,P1146,PATIENT,,PAT1146,,198,mg/dL,2026-08-15,COBAS-702,R. Patel,LP-2026-08-P06,TRUE
Total Cholesterol,P1147,PATIENT,,PAT1147,,174,mg/dL,2026-08-10,COBAS-501,A. Deshmukh,LP-2026-08-P07,TRUE
Total Cholesterol,P1148,PATIENT,,PAT1148,,187,mg/dL,2026-08-11,COBAS-702,R. Patel,LP-2026-08-P08,TRUE
Total Cholesterol,P1149,PATIENT,,PAT1149,,122,mg/dL,2026-08-12,COBAS-501,A. Deshmukh,LP-2026-08-P09,TRUE
Total Cholesterol,P1150,PATIENT,,PAT1150,,212,mg/dL,2026-08-13,COBAS-702,R. Patel,LP-2026-08-P10,TRUE
Total Cholesterol,P1151,PATIENT,,PAT1151,,209,mg/dL,2026-08-14,COBAS-501,A. Deshmukh,LP-2026-08-P11,TRUE
Total Cholesterol,P1152,PATIENT,,PAT1152,,198,mg/dL,2026-08-15,COBAS-702,R. Patel,LP-2026-08-P12,TRUE
Total Cholesterol,P1153,PATIENT,,PAT1153,,176,mg/dL,2026-08-10,COBAS-501,A. Deshmukh,LP-2026-08-P01,TRUE
Total Cholesterol,P1154,PATIENT,,PAT1154,,237,mg/dL,2026-08-11,COBAS-702,R. Patel,LP-2026-08-P02,TRUE
Total Cholesterol,P1155,PATIENT,,PAT1155,,215,mg/dL,2026-08-12,COBAS-501,A. Deshmukh,LP-2026-08-P03,TRUE
Total Cholesterol,P1156,PATIENT,,PAT1156,,392,mg/dL,2026-08-13,COBAS-702,R. Patel,LP-2026-08-P04,TRUE
Total Cholesterol,P1157,PATIENT,,PAT1157,,189,mg/dL,2026-08-14,COBAS-501,A. Deshmukh,LP-2026-08-P05,TRUE
Total Cholesterol,P1158,PATIENT,,PAT1158,,146,mg/dL,2026-08-15,COBAS-702,R. Patel,LP-2026-08-P06,TRUE
Total Cholesterol,P1159,PATIENT,,PAT1159,,223,mg/dL,2026-08-10,COBAS-501,A. Deshmukh,LP-2026-08-P07,TRUE
Total Cholesterol,P1160,PATIENT,,PAT1160,,191,mg/dL,2026-08-11,COBAS-702,R. Patel,LP-2026-08-P08,TRUE
Total Cholesterol,P1161,PATIENT,,PAT1161,,189,mg/dL,2026-08-12,COBAS-501,A. Deshmukh,LP-2026-08-P09,TRUE
Total Cholesterol,P1162,PATIENT,,PAT1162,,150,mg/dL,2026-08-13,COBAS-702,R. Patel,LP-2026-08-P10,TRUE
Total Cholesterol,P1163,PATIENT,,PAT1163,,191,mg/dL,2026-08-14,COBAS-501,A. Deshmukh,LP-2026-08-P11,TRUE
Total Cholesterol,P1164,PATIENT,,PAT1164,,157,mg/dL,2026-08-15,COBAS-702,R. Patel,LP-2026-08-P12,TRUE
Total Cholesterol,P1165,PATIENT,,PAT1165,,231,mg/dL,2026-08-10,COBAS-501,A. Deshmukh,LP-2026-08-P01,FALSE
Total Cholesterol,P1166,PATIENT,,PAT1166,,151,mg/dL,2026-08-11,COBAS-702,R. Patel,LP-2026-08-P02,TRUE
Total Cholesterol,P1167,PATIENT,,PAT1167,,179,mg/dL,2026-08-12,COBAS-501,A. Deshmukh,LP-2026-08-P03,TRUE
Total Cholesterol,P1168,PATIENT,,PAT1168,,175,mg/dL,2026-08-13,COBAS-702,R. Patel,LP-2026-08-P04,TRUE
Total Cholesterol,P1169,PATIENT,,PAT1169,,215,mg/dL,2026-08-14,COBAS-501,A. Deshmukh,LP-2026-08-P05,TRUE
Total Cholesterol,P1170,PATIENT,,PAT1170,,86,mg/dL,2026-08-15,COBAS-702,R. Patel,LP-2026-08-P06,TRUE
Total Cholesterol,P1171,PATIENT,,PAT1171,,266,mg/dL,2026-08-10,COBAS-501,A. Deshmukh,LP-2026-08-P07,TRUE
Total Cholesterol,P1172,PATIENT,,PAT1172,,192,mg/dL,2026-08-11,COBAS-702,R. Patel,LP-2026-08-P08,TRUE
Total Cholesterol,P1173,PATIENT,,PAT1173,,149,mg/dL,2026-08-12,COBAS-501,A. Deshmukh,LP-2026-08-P09,TRUE
Total Cholesterol,P1174,PATIENT,,PAT1174,,209,mg/dL,2026-08-13,COBAS-702,R. Patel,LP-2026-08-P10,TRUE
Total Cholesterol,P1175,PATIENT,,PAT1175,,164,mg/dL,2026-08-14,COBAS-501,A. Deshmukh,LP-2026-08-P11,TRUE
Total Cholesterol,P1176,PATIENT,,PAT1176,,193,mg/dL,2026-08-15,COBAS-702,R. Patel,LP-2026-08-P12,TRUE
Total Cholesterol,P1177,PATIENT,,PAT1177,,178,mg/dL,2026-08-10,COBAS-501,A. Deshmukh,LP-2026-08-P01,TRUE
Total Cholesterol,P1178,PATIENT,,PAT1178,,251,mg/dL,2026-08-11,COBAS-702,R. Patel,LP-2026-08-P02,TRUE
Total Cholesterol,P1179,PATIENT,,PAT1179,,177,mg/dL,2026-08-12,COBAS-501,A. Deshmukh,LP-2026-08-P03,TRUE
Total Cholesterol,P1180,PATIENT,,PAT1180,,184,mg/dL,2026-08-13,COBAS-702,R. Patel,LP-2026-08-P04,TRUE
Total Cholesterol,P1181,PATIENT,,PAT1181,,168,mg/dL,2026-08-14,COBAS-501,A. Deshmukh,LP-2026-08-P05,TRUE
Total Cholesterol,P1182,PATIENT,,PAT1182,,178,mg/dL,2026-08-15,COBAS-702,R. Patel,LP-2026-08-P06,TRUE
Total Cholesterol,P1183,PATIENT,,PAT1183,,200,mg/dL,2026-08-10,COBAS-501,A. Deshmukh,LP-2026-08-P07,TRUE
Total Cholesterol,P1184,PATIENT,,PAT1184,,168,mg/dL,2026-08-11,COBAS-702,R. Patel,LP-2026-08-P08,TRUE
Total Cholesterol,P1185,PATIENT,,PAT1185,,193,mg/dL,2026-08-12,COBAS-501,A. Deshmukh,LP-2026-08-P09,TRUE
Total Cholesterol,P1186,PATIENT,,PAT1186,,204,mg/dL,2026-08-13,COBAS-702,R. Patel,LP-2026-08-P10,TRUE
Total Cholesterol,P1187,PATIENT,,PAT1187,,199,mg/dL,2026-08-14,COBAS-501,A. Deshmukh,LP-2026-08-P11,TRUE
Total Cholesterol,P1188,PATIENT,,PAT1188,,134,mg/dL,2026-08-15,COBAS-702,R. Patel,LP-2026-08-P12,TRUE
Total Cholesterol,P1189,PATIENT,,PAT1189,,211,mg/dL,2026-08-10,COBAS-501,A. Deshmukh,LP-2026-08-P01,TRUE
Total Cholesterol,P1190,PATIENT,,PAT1190,,150,mg/dL,2026-08-11,COBAS-702,R. Patel,LP-2026-08-P02,TRUE
Total Cholesterol,P1191,PATIENT,,PAT1191,,213,mg/dL,2026-08-12,COBAS-501,A. Deshmukh,LP-2026-08-P03,TRUE
Total Cholesterol,P1192,PATIENT,,PAT1192,,203,mg/dL,2026-08-13,COBAS-702,R. Patel,LP-2026-08-P04,TRUE
Total Cholesterol,P1193,PATIENT,,PAT1193,,255,mg/dL,2026-08-14,COBAS-501,A. Deshmukh,LP-2026-08-P05,TRUE
Total Cholesterol,P1194,PATIENT,,PAT1194,,212,mg/dL,2026-08-15,COBAS-702,R. Patel,LP-2026-08-P06,TRUE
Total Cholesterol,P1195,PATIENT,,PAT1195,,104,mg/dL,2026-08-10,COBAS-501,A. Deshmukh,LP-2026-08-P07,TRUE
Total Cholesterol,P1196,PATIENT,,PAT1196,,206,mg/dL,2026-08-11,COBAS-702,R. Patel,LP-2026-08-P08,TRUE
Total Cholesterol,P1197,PATIENT,,PAT1197,,178,mg/dL,2026-08-12,COBAS-501,A. Deshmukh,LP-2026-08-P09,TRUE
Total Cholesterol,P1198,PATIENT,,PAT1198,,234,mg/dL,2026-08-13,COBAS-702,R. Patel,LP-2026-08-P10,TRUE
Total Cholesterol,P1199,PATIENT,,PAT1199,,186,mg/dL,2026-08-14,COBAS-501,A. Deshmukh,LP-2026-08-P11,TRUE
Total Cholesterol,P1200,PATIENT,,PAT1200,,199,mg/dL,2026-08-15,COBAS-702,R. Patel,LP-2026-08-P12,TRUE
Total Cholesterol,P1201,PATIENT,,PAT1201,,158,mg/dL,2026-08-10,COBAS-501,A. Deshmukh,LP-2026-08-P01,TRUE
Total Cholesterol,P1202,PATIENT,,PAT1202,,246,mg/dL,2026-08-11,COBAS-702,R. Patel,LP-2026-08-P02,TRUE
Total Cholesterol,P1203,PATIENT,,PAT1203,,181,mg/dL,2026-08-12,COBAS-501,A. Deshmukh,LP-2026-08-P03,TRUE
Total Cholesterol,P1204,PATIENT,,PAT1204,,161,mg/dL,2026-08-13,COBAS-702,R. Patel,LP-2026-08-P04,TRUE
Total Cholesterol,P1205,PATIENT,,PAT1205,,179,mg/dL,2026-08-14,COBAS-501,A. Deshmukh,LP-2026-08-P05,TRUE
Total Cholesterol,P1206,PATIENT,,PAT1206,,170,mg/dL,2026-08-15,COBAS-702,R. Patel,LP-2026-08-P06,TRUE
Total Cholesterol,P1207,PATIENT,,PAT1207,,174,mg/dL,2026-08-10,COBAS-501,A. Deshmukh,LP-2026-08-P07,TRUE
Total Cholesterol,P1208,PATIENT,,PAT1208,,214,mg/dL,2026-08-11,COBAS-702,R. Patel,LP-2026-08-P08,TRUE
Total Cholesterol,P1209,PATIENT,,PAT1209,,387,mg/dL,2026-08-12,COBAS-501,A. Deshmukh,LP-2026-08-P09,TRUE
Total Cholesterol,P1210,PATIENT,,PAT1210,,226,mg/dL,2026-08-13,COBAS-702,R. Patel,LP-2026-08-P10,TRUE
Total Cholesterol,P1211,PATIENT,,PAT1211,,205,mg/dL,2026-08-14,COBAS-501,A. Deshmukh,LP-2026-08-P11,TRUE
Total Cholesterol,P1212,PATIENT,,PAT1212,,183,mg/dL,2026-08-15,COBAS-702,R. Patel,LP-2026-08-P12,TRUE
Total Cholesterol,P1213,PATIENT,,PAT1213,,128,mg/dL,2026-08-10,COBAS-501,A. Deshmukh,LP-2026-08-P01,TRUE
Total Cholesterol,P1214,PATIENT,,PAT1214,,200,mg/dL,2026-08-11,COBAS-702,R. Patel,LP-2026-08-P02,TRUE
Total Cholesterol,P1215,PATIENT,,PAT1215,,226,mg/dL,2026-08-12,COBAS-501,A. Deshmukh,LP-2026-08-P03,TRUE
Total Cholesterol,P1216,PATIENT,,PAT1216,,163,mg/dL,2026-08-13,COBAS-702,R. Patel,LP-2026-08-P04,TRUE
Total Cholesterol,P1217,PATIENT,,PAT1217,,195,mg/dL,2026-08-14,COBAS-501,A. Deshmukh,LP-2026-08-P05,TRUE
Total Cholesterol,P1218,PATIENT,,PAT1218,,189,mg/dL,2026-08-15,COBAS-702,R. Patel,LP-2026-08-P06,TRUE
Total Cholesterol,P1219,PATIENT,,PAT1219,,242,mg/dL,2026-08-10,COBAS-501,A. Deshmukh,LP-2026-08-P07,TRUE
Total Cholesterol,P1220,PATIENT,,PAT1220,,214,mg/dL,2026-08-11,COBAS-702,R. Patel,LP-2026-08-P08,TRUE
Total Cholesterol,P1221,PATIENT,,PAT1221,,213,mg/dL,2026-08-12,COBAS-501,A. Deshmukh,LP-2026-08-P09,TRUE
Total Cholesterol,P1222,PATIENT,,PAT1222,,215,mg/dL,2026-08-13,COBAS-702,R. Patel,LP-2026-08-P10,TRUE
Total Cholesterol,P1223,PATIENT,,PAT1223,,158,mg/dL,2026-08-14,COBAS-501,A. Deshmukh,LP-2026-08-P11,TRUE
Total Cholesterol,P1224,PATIENT,,PAT1224,,220,mg/dL,2026-08-15,COBAS-702,R. Patel,LP-2026-08-P12,TRUE
Total Cholesterol,P1225,PATIENT,,PAT1225,,175,mg/dL,2026-08-10,COBAS-501,A. Deshmukh,LP-2026-08-P01,TRUE
Total Cholesterol,P1226,PATIENT,,PAT1226,,192,mg/dL,2026-08-11,COBAS-702,R. Patel,LP-2026-08-P02,TRUE
Total Cholesterol,P1227,PATIENT,,PAT1227,,148,mg/dL,2026-08-12,COBAS-501,A. Deshmukh,LP-2026-08-P03,TRUE
Total Cholesterol,P1228,PATIENT,,PAT1228,,218,mg/dL,2026-08-13,COBAS-702,R. Patel,LP-2026-08-P04,TRUE
Total Cholesterol,P1229,PATIENT,,PAT1229,,186,mg/dL,2026-08-14,COBAS-501,A. Deshmukh,LP-2026-08-P05,TRUE
Total Cholesterol,P1230,PATIENT,,PAT1230,,183,mg/dL,2026-08-15,COBAS-702,R. Patel,LP-2026-08-P06,TRUE
Total Cholesterol,P1231,PATIENT,,PAT1231,,237,mg/dL,2026-08-10,COBAS-501,A. Deshmukh,LP-2026-08-P07,TRUE
Total Cholesterol,P1232,PATIENT,,PAT1232,,300,mg/dL,2026-08-11,COBAS-702,R. Patel,LP-2026-08-P08,TRUE
Total Cholesterol,P1233,PATIENT,,PAT1233,,181,mg/dL,2026-08-12,COBAS-501,A. Deshmukh,LP-2026-08-P09,TRUE
Total Cholesterol,P1234,PATIENT,,PAT1234,,184,mg/dL,2026-08-13,COBAS-702,R. Patel,LP-2026-08-P10,TRUE
Total Cholesterol,P1235,PATIENT,,PAT1235,,257,mg/dL,2026-08-14,COBAS-501,A. Deshmukh,LP-2026-08-P11,TRUE
Total Cholesterol,P1236,PATIENT,,PAT1236,,145,mg/dL,2026-08-15,COBAS-702,R. Patel,LP-2026-08-P12,TRUE
Total Cholesterol,P1237,PATIENT,,PAT1237,,282,mg/dL,2026-08-10,COBAS-501,A. Deshmukh,LP-2026-08-P01,TRUE
Total Cholesterol,P1238,PATIENT,,PAT1238,,235,mg/dL,2026-08-11,COBAS-702,R. Patel,LP-2026-08-P02,TRUE
Total Cholesterol,P1239,PATIENT,,PAT1239,,142,mg/dL,2026-08-12,COBAS-501,A. Deshmukh,LP-2026-08-P03,TRUE
Total Cholesterol,P1240,PATIENT,,PAT1240,,221,mg/dL,2026-08-13,COBAS-702,R. Patel,LP-2026-08-P04,TRUE
Total Cholesterol,P1241,PATIENT,,PAT1241,,240,mg/dL,2026-08-14,COBAS-501,A. Deshmukh,LP-2026-08-P05,TRUE
Total Cholesterol,P1242,PATIENT,,PAT1242,,200,mg/dL,2026-08-15,COBAS-702,R. Patel,LP-2026-08-P06,TRUE
Total Cholesterol,P1243,PATIENT,,PAT1243,,179,mg/dL,2026-08-10,COBAS-501,A. Deshmukh,LP-2026-08-P07,TRUE
Total Cholesterol,P1244,PATIENT,,PAT1244,,154,mg/dL,2026-08-11,COBAS-702,R. Patel,LP-2026-08-P08,TRUE
Total Cholesterol,P1245,PATIENT,,PAT1245,,206,mg/dL,2026-08-12,COBAS-501,A. Deshmukh,LP-2026-08-P09,TRUE
Total Cholesterol,P1246,PATIENT,,PAT1246,,204,mg/dL,2026-08-13,COBAS-702,R. Patel,LP-2026-08-P10,TRUE
Total Cholesterol,P1247,PATIENT,,PAT1247,,211,mg/dL,2026-08-14,COBAS-501,A. Deshmukh,LP-2026-08-P11,TRUE
Total Cholesterol,P1248,PATIENT,,PAT1248,,142,mg/dL,2026-08-15,COBAS-702,R. Patel,LP-2026-08-P12,TRUE
Total Cholesterol,P1249,PATIENT,,PAT1249,,236,mg/dL,2026-08-10,COBAS-501,A. Deshmukh,LP-2026-08-P01,TRUE
Total Cholesterol,P1250,PATIENT,,PAT1250,,155,mg/dL,2026-08-11,COBAS-702,R. Patel,LP-2026-08-P02,TRUE
Total Cholesterol,P1251,PATIENT,,PAT1251,,163,mg/dL,2026-08-12,COBAS-501,A. Deshmukh,LP-2026-08-P03,TRUE
Total Cholesterol,P1252,PATIENT,,PAT1252,,196,mg/dL,2026-08-13,COBAS-702,R. Patel,LP-2026-08-P04,TRUE
Total Cholesterol,P1253,PATIENT,,PAT1253,,207,mg/dL,2026-08-14,COBAS-501,A. Deshmukh,LP-2026-08-P05,TRUE
Total Cholesterol,P1254,PATIENT,,PAT1254,,230,mg/dL,2026-08-15,COBAS-702,R. Patel,LP-2026-08-P06,TRUE
Total Cholesterol,P1255,PATIENT,,PAT1255,,158,mg/dL,2026-08-10,COBAS-501,A. Deshmukh,LP-2026-08-P07,TRUE
Total Cholesterol,P1256,PATIENT,,PAT1256,,187,mg/dL,2026-08-11,COBAS-702,R. Patel,LP-2026-08-P08,TRUE
Total Cholesterol,P1257,PATIENT,,PAT1257,,155,mg/dL,2026-08-12,COBAS-501,A. Deshmukh,LP-2026-08-P09,TRUE
Total Cholesterol,P1258,PATIENT,,PAT1258,,177,mg/dL,2026-08-13,COBAS-702,R. Patel,LP-2026-08-P10,TRUE
Total Cholesterol,P1259,PATIENT,,PAT1259,,161,mg/dL,2026-08-14,COBAS-501,A. Deshmukh,LP-2026-08-P11,TRUE
Total Cholesterol,P1260,PATIENT,,PAT1260,,210,mg/dL,2026-08-15,COBAS-702,R. Patel,LP-2026-08-P12,TRUE
Total Cholesterol,P1261,PATIENT,,PAT1261,,190,mg/dL,2026-08-10,COBAS-501,A. Deshmukh,LP-2026-08-P01,TRUE
Total Cholesterol,P1262,PATIENT,,PAT1262,,151,mg/dL,2026-08-11,COBAS-702,R. Patel,LP-2026-08-P02,FALSE
Total Cholesterol,P1263,PATIENT,,PAT1263,,195,mg/dL,2026-08-12,COBAS-501,A. Deshmukh,LP-2026-08-P03,TRUE
Total Cholesterol,P1264,PATIENT,,PAT1264,,291,mg/dL,2026-08-13,COBAS-702,R. Patel,LP-2026-08-P04,TRUE
Total Cholesterol,P1265,PATIENT,,PAT1265,,286,mg/dL,2026-08-14,COBAS-501,A. Deshmukh,LP-2026-08-P05,TRUE
Total Cholesterol,P1266,PATIENT,,PAT1266,,198,mg/dL,2026-08-15,COBAS-702,R. Patel,LP-2026-08-P06,TRUE
Total Cholesterol,P1267,PATIENT,,PAT1267,,210,mg/dL,2026-08-10,COBAS-501,A. Deshmukh,LP-2026-08-P07,TRUE
Total Cholesterol,P1268,PATIENT,,PAT1268,,181,mg/dL,2026-08-11,COBAS-702,R. Patel,LP-2026-08-P08,TRUE
Total Cholesterol,P1269,PATIENT,,PAT1269,,196,mg/dL,2026-08-12,COBAS-501,A. Deshmukh,LP-2026-08-P09,TRUE
Total Cholesterol,P1270,PATIENT,,PAT1270,,181,mg/dL,2026-08-13,COBAS-702,R. Patel,LP-2026-08-P10,TRUE
Total Cholesterol,P1271,PATIENT,,PAT1271,,197,mg/dL,2026-08-14,COBAS-501,A. Deshmukh,LP-2026-08-P11,TRUE
Total Cholesterol,P1272,PATIENT,,PAT1272,,168,mg/dL,2026-08-15,COBAS-702,R. Patel,LP-2026-08-P12,TRUE
Total Cholesterol,P1273,PATIENT,,PAT1273,,152,mg/dL,2026-08-10,COBAS-501,A. Deshmukh,LP-2026-08-P01,TRUE
Total Cholesterol,P1274,PATIENT,,PAT1274,,172,mg/dL,2026-08-11,COBAS-702,R. Patel,LP-2026-08-P02,TRUE
Total Cholesterol,P1275,PATIENT,,PAT1275,,176,mg/dL,2026-08-12,COBAS-501,A. Deshmukh,LP-2026-08-P03,TRUE
Total Cholesterol,P1276,PATIENT,,PAT1276,,206,mg/dL,2026-08-13,COBAS-702,R. Patel,LP-2026-08-P04,TRUE
Total Cholesterol,P1277,PATIENT,,PAT1277,,139,mg/dL,2026-08-14,COBAS-501,A. Deshmukh,LP-2026-08-P05,TRUE
Total Cholesterol,P1278,PATIENT,,PAT1278,,237,mg/dL,2026-08-15,COBAS-702,R. Patel,LP-2026-08-P06,TRUE
Total Cholesterol,P1279,PATIENT,,PAT1279,,174,mg/dL,2026-08-10,COBAS-501,A. Deshmukh,LP-2026-08-P07,TRUE
Total Cholesterol,P1280,PATIENT,,PAT1280,,209,mg/dL,2026-08-11,COBAS-702,R. Patel,LP-2026-08-P08,TRUE
Total Cholesterol,P1281,PATIENT,,PAT1281,,170,mg/dL,2026-08-12,COBAS-501,A. Deshmukh,LP-2026-08-P09,TRUE
Total Cholesterol,P1282,PATIENT,,PAT1282,,163,mg/dL,2026-08-13,COBAS-702,R. Patel,LP-2026-08-P10,TRUE
Total Cholesterol,P1283,PATIENT,,PAT1283,,156,mg/dL,2026-08-14,COBAS-501,A. Deshmukh,LP-2026-08-P11,TRUE
Total Cholesterol,P1284,PATIENT,,PAT1284,,186,mg/dL,2026-08-15,COBAS-702,R. Patel,LP-2026-08-P12,TRUE
Total Cholesterol,P1285,PATIENT,,PAT1285,,150,mg/dL,2026-08-10,COBAS-501,A. Deshmukh,LP-2026-08-P01,TRUE
Total Cholesterol,P1286,PATIENT,,PAT1286,,153,mg/dL,2026-08-11,COBAS-702,R. Patel,LP-2026-08-P02,TRUE
Total Cholesterol,P1287,PATIENT,,PAT1287,,160,mg/dL,2026-08-12,COBAS-501,A. Deshmukh,LP-2026-08-P03,TRUE
Total Cholesterol,P1288,PATIENT,,PAT1288,,219,mg/dL,2026-08-13,COBAS-702,R. Patel,LP-2026-08-P04,TRUE
Total Cholesterol,P1289,PATIENT,,PAT1289,,224,mg/dL,2026-08-14,COBAS-501,A. Deshmukh,LP-2026-08-P05,TRUE
Total Cholesterol,P1290,PATIENT,,PAT1290,,168,mg/dL,2026-08-15,COBAS-702,R. Patel,LP-2026-08-P06,TRUE
Total Cholesterol,P1291,PATIENT,,PAT1291,,91,mg/dL,2026-08-10,COBAS-501,A. Deshmukh,LP-2026-08-P07,TRUE
Total Cholesterol,P1292,PATIENT,,PAT1292,,354,mg/dL,2026-08-11,COBAS-702,R. Patel,LP-2026-08-P08,TRUE
Total Cholesterol,P1293,PATIENT,,PAT1293,,187,mg/dL,2026-08-12,COBAS-501,A. Deshmukh,LP-2026-08-P09,TRUE
Total Cholesterol,P1294,PATIENT,,PAT1294,,162,mg/dL,2026-08-13,COBAS-702,R. Patel,LP-2026-08-P10,TRUE
Total Cholesterol,P1295,PATIENT,,PAT1295,,195,mg/dL,2026-08-14,COBAS-501,A. Deshmukh,LP-2026-08-P11,TRUE
Total Cholesterol,P1296,PATIENT,,PAT1296,,222,mg/dL,2026-08-15,COBAS-702,R. Patel,LP-2026-08-P12,TRUE
Total Cholesterol,P1297,PATIENT,,PAT1297,,177,mg/dL,2026-08-10,COBAS-501,A. Deshmukh,LP-2026-08-P01,TRUE
Total Cholesterol,P1298,PATIENT,,PAT1298,,401,mg/dL,2026-08-11,COBAS-702,R. Patel,LP-2026-08-P02,TRUE
Total Cholesterol,P1299,PATIENT,,PAT1299,,204,mg/dL,2026-08-12,COBAS-501,A. Deshmukh,LP-2026-08-P03,TRUE
Total Cholesterol,P1300,PATIENT,,PAT1300,,171,mg/dL,2026-08-13,COBAS-702,R. Patel,LP-2026-08-P04,TRUE
Total Cholesterol,P1301,PATIENT,,PAT1301,,209,mg/dL,2026-08-14,COBAS-501,A. Deshmukh,LP-2026-08-P05,TRUE
Total Cholesterol,P1302,PATIENT,,PAT1302,,202,mg/dL,2026-08-15,COBAS-702,R. Patel,LP-2026-08-P06,TRUE
Total Cholesterol,P1303,PATIENT,,PAT1303,,169,mg/dL,2026-08-10,COBAS-501,A. Deshmukh,LP-2026-08-P07,TRUE
Total Cholesterol,P1304,PATIENT,,PAT1304,,150,mg/dL,2026-08-11,COBAS-702,R. Patel,LP-2026-08-P08,TRUE
Total Cholesterol,P1305,PATIENT,,PAT1305,,199,mg/dL,2026-08-12,COBAS-501,A. Deshmukh,LP-2026-08-P09,TRUE
Total Cholesterol,P1306,PATIENT,,PAT1306,,214,mg/dL,2026-08-13,COBAS-702,R. Patel,LP-2026-08-P10,TRUE
Total Cholesterol,P1307,PATIENT,,PAT1307,,160,mg/dL,2026-08-14,COBAS-501,A. Deshmukh,LP-2026-08-P11,TRUE
Total Cholesterol,P1308,PATIENT,,PAT1308,,288,mg/dL,2026-08-15,COBAS-702,R. Patel,LP-2026-08-P12,TRUE
Total Cholesterol,P1309,PATIENT,,PAT1309,,232,mg/dL,2026-08-10,COBAS-501,A. Deshmukh,LP-2026-08-P01,TRUE
Total Cholesterol,P1310,PATIENT,,PAT1310,,192,mg/dL,2026-08-11,COBAS-702,R. Patel,LP-2026-08-P02,TRUE
Total Cholesterol,P1311,PATIENT,,PAT1311,,190,mg/dL,2026-08-12,COBAS-501,A. Deshmukh,LP-2026-08-P03,TRUE
Total Cholesterol,P1312,PATIENT,,PAT1312,,152,mg/dL,2026-08-13,COBAS-702,R. Patel,LP-2026-08-P04,TRUE
Total Cholesterol,P1313,PATIENT,,PAT1313,,212,mg/dL,2026-08-14,COBAS-501,A. Deshmukh,LP-2026-08-P05,TRUE
Total Cholesterol,P1314,PATIENT,,PAT1314,,172,mg/dL,2026-08-15,COBAS-702,R. Patel,LP-2026-08-P06,TRUE
Total Cholesterol,P1315,PATIENT,,PAT1315,,133,mg/dL,2026-08-10,COBAS-501,A. Deshmukh,LP-2026-08-P07,TRUE
Total Cholesterol,P1316,PATIENT,,PAT1316,,201,mg/dL,2026-08-11,COBAS-702,R. Patel,LP-2026-08-P08,TRUE
Total Cholesterol,P1317,PATIENT,,PAT1317,,167,mg/dL,2026-08-12,COBAS-501,A. Deshmukh,LP-2026-08-P09,TRUE
Total Cholesterol,P1318,PATIENT,,PAT1318,,200,mg/dL,2026-08-13,COBAS-702,R. Patel,LP-2026-08-P10,TRUE
Total Cholesterol,P1319,PATIENT,,PAT1319,,204,mg/dL,2026-08-14,COBAS-501,A. Deshmukh,LP-2026-08-P11,TRUE
Total Cholesterol,P1320,PATIENT,,PAT1320,,151,mg/dL,2026-08-15,COBAS-702,R. Patel,LP-2026-08-P12,TRUE
Total Cholesterol,P1321,PATIENT,,PAT1321,,181,mg/dL,2026-08-10,COBAS-501,A. Deshmukh,LP-2026-08-P01,TRUE
Total Cholesterol,P1322,PATIENT,,PAT1322,,197,mg/dL,2026-08-11,COBAS-702,R. Patel,LP-2026-08-P02,TRUE
Total Cholesterol,P1323,PATIENT,,PAT1323,,236,mg/dL,2026-08-12,COBAS-501,A. Deshmukh,LP-2026-08-P03,TRUE
Total Cholesterol,P1324,PATIENT,,PAT1324,,211,mg/dL,2026-08-13,COBAS-702,R. Patel,LP-2026-08-P04,TRUE
Total Cholesterol,P1325,PATIENT,,PAT1325,,220,mg/dL,2026-08-14,COBAS-501,A. Deshmukh,LP-2026-08-P05,TRUE
Total Cholesterol,P1326,PATIENT,,PAT1326,,152,mg/dL,2026-08-15,COBAS-702,R. Patel,LP-2026-08-P06,TRUE
Total Cholesterol,P1327,PATIENT,,PAT1327,,172,mg/dL,2026-08-10,COBAS-501,A. Deshmukh,LP-2026-08-P07,TRUE
Total Cholesterol,P1328,PATIENT,,PAT1328,,182,mg/dL,2026-08-11,COBAS-702,R. Patel,LP-2026-08-P08,TRUE
Total Cholesterol,P1329,PATIENT,,PAT1329,,214,mg/dL,2026-08-12,COBAS-501,A. Deshmukh,LP-2026-08-P09,TRUE
Total Cholesterol,P1330,PATIENT,,PAT1330,,197,mg/dL,2026-08-13,COBAS-702,R. Patel,LP-2026-08-P10,TRUE
Total Cholesterol,P1331,PATIENT,,PAT1331,,214,mg/dL,2026-08-14,COBAS-501,A. Deshmukh,LP-2026-08-P11,TRUE
Total Cholesterol,P1332,PATIENT,,PAT1332,,185,mg/dL,2026-08-15,COBAS-702,R. Patel,LP-2026-08-P12,TRUE
Total Cholesterol,P1333,PATIENT,,PAT1333,,143,mg/dL,2026-08-10,COBAS-501,A. Deshmukh,LP-2026-08-P01,TRUE
Total Cholesterol,P1334,PATIENT,,PAT1334,,162,mg/dL,2026-08-11,COBAS-702,R. Patel,LP-2026-08-P02,TRUE
Total Cholesterol,P1335,PATIENT,,PAT1335,,238,mg/dL,2026-08-12,COBAS-501,A. Deshmukh,LP-2026-08-P03,TRUE
Total Cholesterol,P1336,PATIENT,,PAT1336,,204,mg/dL,2026-08-13,COBAS-702,R. Patel,LP-2026-08-P04,TRUE
Total Cholesterol,P1337,PATIENT,,PAT1337,,171,mg/dL,2026-08-14,COBAS-501,A. Deshmukh,LP-2026-08-P05,TRUE
Total Cholesterol,P1338,PATIENT,,PAT1338,,119,mg/dL,2026-08-15,COBAS-702,R. Patel,LP-2026-08-P06,TRUE
Total Cholesterol,P1339,PATIENT,,PAT1339,,191,mg/dL,2026-08-10,COBAS-501,A. Deshmukh,LP-2026-08-P07,TRUE
Total Cholesterol,P1340,PATIENT,,PAT1340,,168,mg/dL,2026-08-11,COBAS-702,R. Patel,LP-2026-08-P08,TRUE
Total Cholesterol,P1341,PATIENT,,PAT1341,,143,mg/dL,2026-08-12,COBAS-501,A. Deshmukh,LP-2026-08-P09,TRUE
Total Cholesterol,P1342,PATIENT,,PAT1342,,195,mg/dL,2026-08-13,COBAS-702,R. Patel,LP-2026-08-P10,TRUE
Total Cholesterol,P1343,PATIENT,,PAT1343,,154,mg/dL,2026-08-14,COBAS-501,A. Deshmukh,LP-2026-08-P11,TRUE
Total Cholesterol,P1344,PATIENT,,PAT1344,,125,mg/dL,2026-08-15,COBAS-702,R. Patel,LP-2026-08-P12,TRUE
Total Cholesterol,P1345,PATIENT,,PAT1345,,185,mg/dL,2026-08-10,COBAS-501,A. Deshmukh,LP-2026-08-P01,TRUE
Total Cholesterol,P1346,PATIENT,,PAT1346,,224,mg/dL,2026-08-11,COBAS-702,R. Patel,LP-2026-08-P02,TRUE
Total Cholesterol,P1347,PATIENT,,PAT1347,,200,mg/dL,2026-08-12,COBAS-501,A. Deshmukh,LP-2026-08-P03,TRUE
Total Cholesterol,P1348,PATIENT,,PAT1348,,202,mg/dL,2026-08-13,COBAS-702,R. Patel,LP-2026-08-P04,TRUE
Total Cholesterol,P1349,PATIENT,,PAT1349,,196,mg/dL,2026-08-14,COBAS-501,A. Deshmukh,LP-2026-08-P05,TRUE
Total Cholesterol,P1350,PATIENT,,PAT1350,,188,mg/dL,2026-08-15,COBAS-702,R. Patel,LP-2026-08-P06,TRUE
Total Cholesterol,P1351,PATIENT,,PAT1351,,150,mg/dL,2026-08-10,COBAS-501,A. Deshmukh,LP-2026-08-P07,TRUE
Total Cholesterol,P1352,PATIENT,,PAT1352,,203,mg/dL,2026-08-11,COBAS-702,R. Patel,LP-2026-08-P08,TRUE
Total Cholesterol,P1353,PATIENT,,PAT1353,,243,mg/dL,2026-08-12,COBAS-501,A. Deshmukh,LP-2026-08-P09,TRUE
Total Cholesterol,P1354,PATIENT,,PAT1354,,178,mg/dL,2026-08-13,COBAS-702,R. Patel,LP-2026-08-P10,TRUE
Total Cholesterol,P1355,PATIENT,,PAT1355,,159,mg/dL,2026-08-14,COBAS-501,A. Deshmukh,LP-2026-08-P11,TRUE
Total Cholesterol,P1356,PATIENT,,PAT1356,,203,mg/dL,2026-08-15,COBAS-702,R. Patel,LP-2026-08-P12,TRUE
Total Cholesterol,P1357,PATIENT,,PAT1357,,201,mg/dL,2026-08-10,COBAS-501,A. Deshmukh,LP-2026-08-P01,TRUE
Total Cholesterol,P1358,PATIENT,,PAT1358,,210,mg/dL,2026-08-11,COBAS-702,R. Patel,LP-2026-08-P02,TRUE
Total Cholesterol,P1359,PATIENT,,PAT1359,,104,mg/dL,2026-08-12,COBAS-501,A. Deshmukh,LP-2026-08-P03,FALSE
Total Cholesterol,P1360,PATIENT,,PAT1360,,169,mg/dL,2026-08-13,COBAS-702,R. Patel,LP-2026-08-P04,TRUE
Total Cholesterol,P1361,PATIENT,,PAT1361,,235,mg/dL,2026-08-14,COBAS-501,A. Deshmukh,LP-2026-08-P05,TRUE
Total Cholesterol,P1362,PATIENT,,PAT1362,,218,mg/dL,2026-08-15,COBAS-702,R. Patel,LP-2026-08-P06,TRUE
Total Cholesterol,P1363,PATIENT,,PAT1363,,220,mg/dL,2026-08-10,COBAS-501,A. Deshmukh,LP-2026-08-P07,TRUE
Total Cholesterol,P1364,PATIENT,,PAT1364,,180,mg/dL,2026-08-11,COBAS-702,R. Patel,LP-2026-08-P08,TRUE
Total Cholesterol,P1365,PATIENT,,PAT1365,,189,mg/dL,2026-08-12,COBAS-501,A. Deshmukh,LP-2026-08-P09,TRUE
Total Cholesterol,P1366,PATIENT,,PAT1366,,175,mg/dL,2026-08-13,COBAS-702,R. Patel,LP-2026-08-P10,TRUE
Total Cholesterol,P1367,PATIENT,,PAT1367,,346,mg/dL,2026-08-14,COBAS-501,A. Deshmukh,LP-2026-08-P11,TRUE
Total Cholesterol,P1368,PATIENT,,PAT1368,,171,mg/dL,2026-08-15,COBAS-702,R. Patel,LP-2026-08-P12,TRUE
Total Cholesterol,P1369,PATIENT,,PAT1369,,209,mg/dL,2026-08-10,COBAS-501,A. Deshmukh,LP-2026-08-P01,TRUE
Total Cholesterol,P1370,PATIENT,,PAT1370,,184,mg/dL,2026-08-11,COBAS-702,R. Patel,LP-2026-08-P02,TRUE
Total Cholesterol,P1371,PATIENT,,PAT1371,,188,mg/dL,2026-08-12,COBAS-501,A. Deshmukh,LP-2026-08-P03,TRUE
Total Cholesterol,P1372,PATIENT,,PAT1372,,183,mg/dL,2026-08-13,COBAS-702,R. Patel,LP-2026-08-P04,TRUE
Total Cholesterol,P1373,PATIENT,,PAT1373,,207,mg/dL,2026-08-14,COBAS-501,A. Deshmukh,LP-2026-08-P05,TRUE
Total Cholesterol,P1374,PATIENT,,PAT1374,,191,mg/dL,2026-08-15,COBAS-702,R. Patel,LP-2026-08-P06,TRUE
Total Cholesterol,P1375,PATIENT,,PAT1375,,150,mg/dL,2026-08-10,COBAS-501,A. Deshmukh,LP-2026-08-P07,TRUE
Total Cholesterol,P1376,PATIENT,,PAT1376,,175,mg/dL,2026-08-11,COBAS-702,R. Patel,LP-2026-08-P08,TRUE
Total Cholesterol,P1377,PATIENT,,PAT1377,,115,mg/dL,2026-08-12,COBAS-501,A. Deshmukh,LP-2026-08-P09,TRUE
Total Cholesterol,P1378,PATIENT,,PAT1378,,163,mg/dL,2026-08-13,COBAS-702,R. Patel,LP-2026-08-P10,TRUE
Total Cholesterol,P1379,PATIENT,,PAT1379,,62,mg/dL,2026-08-14,COBAS-501,A. Deshmukh,LP-2026-08-P11,TRUE
Total Cholesterol,P1380,PATIENT,,PAT1380,,161,mg/dL,2026-08-15,COBAS-702,R. Patel,LP-2026-08-P12,TRUE
Total Cholesterol,P1381,PATIENT,,PAT1381,,231,mg/dL,2026-08-10,COBAS-501,A. Deshmukh,LP-2026-08-P01,TRUE
Total Cholesterol,P1382,PATIENT,,PAT1382,,148,mg/dL,2026-08-11,COBAS-702,R. Patel,LP-2026-08-P02,TRUE
Total Cholesterol,P1383,PATIENT,,PAT1383,,217,mg/dL,2026-08-12,COBAS-501,A. Deshmukh,LP-2026-08-P03,TRUE
Total Cholesterol,P1384,PATIENT,,PAT1384,,210,mg/dL,2026-08-13,COBAS-702,R. Patel,LP-2026-08-P04,TRUE
Total Cholesterol,P1385,PATIENT,,PAT1385,,209,mg/dL,2026-08-14,COBAS-501,A. Deshmukh,LP-2026-08-P05,TRUE
Total Cholesterol,P1386,PATIENT,,PAT1386,,186,mg/dL,2026-08-15,COBAS-702,R. Patel,LP-2026-08-P06,TRUE
Total Cholesterol,P1387,PATIENT,,PAT1387,,227,mg/dL,2026-08-10,COBAS-501,A. Deshmukh,LP-2026-08-P07,TRUE
Total Cholesterol,P1388,PATIENT,,PAT1388,,209,mg/dL,2026-08-11,COBAS-702,R. Patel,LP-2026-08-P08,TRUE
Total Cholesterol,P1389,PATIENT,,PAT1389,,171,mg/dL,2026-08-12,COBAS-501,A. Deshmukh,LP-2026-08-P09,TRUE
Total Cholesterol,P1390,PATIENT,,PAT1390,,108,mg/dL,2026-08-13,COBAS-702,R. Patel,LP-2026-08-P10,TRUE
Total Cholesterol,P1391,PATIENT,,PAT1391,,223,mg/dL,2026-08-14,COBAS-501,A. Deshmukh,LP-2026-08-P11,TRUE
Total Cholesterol,P1392,PATIENT,,PAT1392,,209,mg/dL,2026-08-15,COBAS-702,R. Patel,LP-2026-08-P12,TRUE
Total Cholesterol,P1393,PATIENT,,PAT1393,,283,mg/dL,2026-08-10,COBAS-501,A. Deshmukh,LP-2026-08-P01,TRUE
Total Cholesterol,P1394,PATIENT,,PAT1394,,80,mg/dL,2026-08-11,COBAS-702,R. Patel,LP-2026-08-P02,TRUE
Total Cholesterol,P1395,PATIENT,,PAT1395,,199,mg/dL,2026-08-12,COBAS-501,A. Deshmukh,LP-2026-08-P03,TRUE
Total Cholesterol,P1396,PATIENT,,PAT1396,,198,mg/dL,2026-08-13,COBAS-702,R. Patel,LP-2026-08-P04,TRUE
Total Cholesterol,P1397,PATIENT,,PAT1397,,146,mg/dL,2026-08-14,COBAS-501,A. Deshmukh,LP-2026-08-P05,TRUE
Total Cholesterol,P1398,PATIENT,,PAT1398,,193,mg/dL,2026-08-15,COBAS-702,R. Patel,LP-2026-08-P06,TRUE
Total Cholesterol,P1399,PATIENT,,PAT1399,,152,mg/dL,2026-08-10,COBAS-501,A. Deshmukh,LP-2026-08-P07,TRUE
Total Cholesterol,P1400,PATIENT,,PAT1400,,165,mg/dL,2026-08-11,COBAS-702,R. Patel,LP-2026-08-P08,TRUE
Total Cholesterol,P1401,PATIENT,,PAT1401,,193,mg/dL,2026-08-12,COBAS-501,A. Deshmukh,LP-2026-08-P09,TRUE
Total Cholesterol,P1402,PATIENT,,PAT1402,,242,mg/dL,2026-08-13,COBAS-702,R. Patel,LP-2026-08-P10,TRUE
Total Cholesterol,P1403,PATIENT,,PAT1403,,172,mg/dL,2026-08-14,COBAS-501,A. Deshmukh,LP-2026-08-P11,TRUE
Total Cholesterol,P1404,PATIENT,,PAT1404,,285,mg/dL,2026-08-15,COBAS-702,R. Patel,LP-2026-08-P12,TRUE
Total Cholesterol,P1405,PATIENT,,PAT1405,,206,mg/dL,2026-08-10,COBAS-501,A. Deshmukh,LP-2026-08-P01,TRUE
Total Cholesterol,P1406,PATIENT,,PAT1406,,207,mg/dL,2026-08-11,COBAS-702,R. Patel,LP-2026-08-P02,TRUE
Total Cholesterol,P1407,PATIENT,,PAT1407,,175,mg/dL,2026-08-12,COBAS-501,A. Deshmukh,LP-2026-08-P03,TRUE
Total Cholesterol,P1408,PATIENT,,PAT1408,,218,mg/dL,2026-08-13,COBAS-702,R. Patel,LP-2026-08-P04,TRUE
Total Cholesterol,P1409,PATIENT,,PAT1409,,186,mg/dL,2026-08-14,COBAS-501,A. Deshmukh,LP-2026-08-P05,TRUE
Total Cholesterol,P1410,PATIENT,,PAT1410,,87,mg/dL,2026-08-15,COBAS-702,R. Patel,LP-2026-08-P06,TRUE
Total Cholesterol,P1411,PATIENT,,PAT1411,,183,mg/dL,2026-08-10,COBAS-501,A. Deshmukh,LP-2026-08-P07,TRUE
Total Cholesterol,P1412,PATIENT,,PAT1412,,170,mg/dL,2026-08-11,COBAS-702,R. Patel,LP-2026-08-P08,TRUE
Total Cholesterol,P1413,PATIENT,,PAT1413,,130,mg/dL,2026-08-12,COBAS-501,A. Deshmukh,LP-2026-08-P09,TRUE
Total Cholesterol,P1414,PATIENT,,PAT1414,,143,mg/dL,2026-08-13,COBAS-702,R. Patel,LP-2026-08-P10,TRUE
Total Cholesterol,P1415,PATIENT,,PAT1415,,91,mg/dL,2026-08-14,COBAS-501,A. Deshmukh,LP-2026-08-P11,TRUE
Total Cholesterol,P1416,PATIENT,,PAT1416,,212,mg/dL,2026-08-15,COBAS-702,R. Patel,LP-2026-08-P12,TRUE
Total Cholesterol,P1417,PATIENT,,PAT1417,,216,mg/dL,2026-08-10,COBAS-501,A. Deshmukh,LP-2026-08-P01,TRUE
Total Cholesterol,P1418,PATIENT,,PAT1418,,203,mg/dL,2026-08-11,COBAS-702,R. Patel,LP-2026-08-P02,TRUE
Total Cholesterol,P1419,PATIENT,,PAT1419,,169,mg/dL,2026-08-12,COBAS-501,A. Deshmukh,LP-2026-08-P03,TRUE
Total Cholesterol,P1420,PATIENT,,PAT1420,,181,mg/dL,2026-08-13,COBAS-702,R. Patel,LP-2026-08-P04,TRUE
Total Cholesterol,P1421,PATIENT,,PAT1421,,161,mg/dL,2026-08-14,COBAS-501,A. Deshmukh,LP-2026-08-P05,TRUE
Total Cholesterol,P1422,PATIENT,,PAT1422,,133,mg/dL,2026-08-15,COBAS-702,R. Patel,LP-2026-08-P06,TRUE
Total Cholesterol,P1423,PATIENT,,PAT1423,,173,mg/dL,2026-08-10,COBAS-501,A. Deshmukh,LP-2026-08-P07,TRUE
Total Cholesterol,P1424,PATIENT,,PAT1424,,170,mg/dL,2026-08-11,COBAS-702,R. Patel,LP-2026-08-P08,TRUE
Total Cholesterol,P1425,PATIENT,,PAT1425,,187,mg/dL,2026-08-12,COBAS-501,A. Deshmukh,LP-2026-08-P09,TRUE
Total Cholesterol,P1426,PATIENT,,PAT1426,,155,mg/dL,2026-08-13,COBAS-702,R. Patel,LP-2026-08-P10,TRUE
Total Cholesterol,P1427,PATIENT,,PAT1427,,162,mg/dL,2026-08-14,COBAS-501,A. Deshmukh,LP-2026-08-P11,TRUE
Total Cholesterol,P1428,PATIENT,,PAT1428,,179,mg/dL,2026-08-15,COBAS-702,R. Patel,LP-2026-08-P12,TRUE
Total Cholesterol,P1429,PATIENT,,PAT1429,,132,mg/dL,2026-08-10,COBAS-501,A. Deshmukh,LP-2026-08-P01,TRUE
Total Cholesterol,P1430,PATIENT,,PAT1430,,231,mg/dL,2026-08-11,COBAS-702,R. Patel,LP-2026-08-P02,TRUE
Total Cholesterol,P1431,PATIENT,,PAT1431,,147,mg/dL,2026-08-12,COBAS-501,A. Deshmukh,LP-2026-08-P03,TRUE
Total Cholesterol,P1432,PATIENT,,PAT1432,,268,mg/dL,2026-08-13,COBAS-702,R. Patel,LP-2026-08-P04,TRUE
Total Cholesterol,P1433,PATIENT,,PAT1433,,222,mg/dL,2026-08-14,COBAS-501,A. Deshmukh,LP-2026-08-P05,TRUE
Total Cholesterol,P1434,PATIENT,,PAT1434,,195,mg/dL,2026-08-15,COBAS-702,R. Patel,LP-2026-08-P06,TRUE
Total Cholesterol,P1435,PATIENT,,PAT1435,,165,mg/dL,2026-08-10,COBAS-501,A. Deshmukh,LP-2026-08-P07,TRUE
Total Cholesterol,P1436,PATIENT,,PAT1436,,174,mg/dL,2026-08-11,COBAS-702,R. Patel,LP-2026-08-P08,TRUE
Total Cholesterol,P1437,PATIENT,,PAT1437,,160,mg/dL,2026-08-12,COBAS-501,A. Deshmukh,LP-2026-08-P09,TRUE
Total Cholesterol,P1438,PATIENT,,PAT1438,,85,mg/dL,2026-08-13,COBAS-702,R. Patel,LP-2026-08-P10,TRUE
Total Cholesterol,P1439,PATIENT,,PAT1439,,68,mg/dL,2026-08-14,COBAS-501,A. Deshmukh,LP-2026-08-P11,TRUE
Total Cholesterol,P1440,PATIENT,,PAT1440,,223,mg/dL,2026-08-15,COBAS-702,R. Patel,LP-2026-08-P12,TRUE
Total Cholesterol,P1441,PATIENT,,PAT1441,,173,mg/dL,2026-08-10,COBAS-501,A. Deshmukh,LP-2026-08-P01,TRUE
Total Cholesterol,P1442,PATIENT,,PAT1442,,284,mg/dL,2026-08-11,COBAS-702,R. Patel,LP-2026-08-P02,TRUE
Total Cholesterol,P1443,PATIENT,,PAT1443,,217,mg/dL,2026-08-12,COBAS-501,A. Deshmukh,LP-2026-08-P03,TRUE
Total Cholesterol,P1444,PATIENT,,PAT1444,,174,mg/dL,2026-08-13,COBAS-702,R. Patel,LP-2026-08-P04,TRUE
Total Cholesterol,P1445,PATIENT,,PAT1445,,235,mg/dL,2026-08-14,COBAS-501,A. Deshmukh,LP-2026-08-P05,TRUE
Total Cholesterol,P1446,PATIENT,,PAT1446,,370,mg/dL,2026-08-15,COBAS-702,R. Patel,LP-2026-08-P06,TRUE
Total Cholesterol,P1447,PATIENT,,PAT1447,,174,mg/dL,2026-08-10,COBAS-501,A. Deshmukh,LP-2026-08-P07,TRUE
Total Cholesterol,P1448,PATIENT,,PAT1448,,172,mg/dL,2026-08-11,COBAS-702,R. Patel,LP-2026-08-P08,TRUE
Total Cholesterol,P1449,PATIENT,,PAT1449,,206,mg/dL,2026-08-12,COBAS-501,A. Deshmukh,LP-2026-08-P09,TRUE
Total Cholesterol,P1450,PATIENT,,PAT1450,,184,mg/dL,2026-08-13,COBAS-702,R. Patel,LP-2026-08-P10,TRUE
Total Cholesterol,P1451,PATIENT,,PAT1451,,178,mg/dL,2026-08-14,COBAS-501,A. Deshmukh,LP-2026-08-P11,TRUE
Total Cholesterol,P1452,PATIENT,,PAT1452,,63,mg/dL,2026-08-15,COBAS-702,R. Patel,LP-2026-08-P12,TRUE
Total Cholesterol,P1453,PATIENT,,PAT1453,,175,mg/dL,2026-08-10,COBAS-501,A. Deshmukh,LP-2026-08-P01,TRUE
Total Cholesterol,P1454,PATIENT,,PAT1454,,192,mg/dL,2026-08-11,COBAS-702,R. Patel,LP-2026-08-P02,TRUE
Total Cholesterol,P1455,PATIENT,,PAT1455,,104,mg/dL,2026-08-12,COBAS-501,A. Deshmukh,LP-2026-08-P03,TRUE
Total Cholesterol,P1456,PATIENT,,PAT1456,,268,mg/dL,2026-08-13,COBAS-702,R. Patel,LP-2026-08-P04,FALSE
Total Cholesterol,P1457,PATIENT,,PAT1457,,210,mg/dL,2026-08-14,COBAS-501,A. Deshmukh,LP-2026-08-P05,TRUE
Total Cholesterol,P1458,PATIENT,,PAT1458,,183,mg/dL,2026-08-15,COBAS-702,R. Patel,LP-2026-08-P06,TRUE
Total Cholesterol,P1459,PATIENT,,PAT1459,,179,mg/dL,2026-08-10,COBAS-501,A. Deshmukh,LP-2026-08-P07,TRUE
Total Cholesterol,P1460,PATIENT,,PAT1460,,170,mg/dL,2026-08-11,COBAS-702,R. Patel,LP-2026-08-P08,TRUE
Total Cholesterol,P1461,PATIENT,,PAT1461,,242,mg/dL,2026-08-12,COBAS-501,A. Deshmukh,LP-2026-08-P09,TRUE
Total Cholesterol,P1462,PATIENT,,PAT1462,,193,mg/dL,2026-08-13,COBAS-702,R. Patel,LP-2026-08-P10,TRUE
Total Cholesterol,P1463,PATIENT,,PAT1463,,225,mg/dL,2026-08-14,COBAS-501,A. Deshmukh,LP-2026-08-P11,TRUE
Total Cholesterol,P1464,PATIENT,,PAT1464,,189,mg/dL,2026-08-15,COBAS-702,R. Patel,LP-2026-08-P12,TRUE
Total Cholesterol,P1465,PATIENT,,PAT1465,,226,mg/dL,2026-08-10,COBAS-501,A. Deshmukh,LP-2026-08-P01,TRUE
Total Cholesterol,P1466,PATIENT,,PAT1466,,194,mg/dL,2026-08-11,COBAS-702,R. Patel,LP-2026-08-P02,TRUE
Total Cholesterol,P1467,PATIENT,,PAT1467,,237,mg/dL,2026-08-12,COBAS-501,A. Deshmukh,LP-2026-08-P03,TRUE
Total Cholesterol,P1468,PATIENT,,PAT1468,,180,mg/dL,2026-08-13,COBAS-702,R. Patel,LP-2026-08-P04,TRUE
Total Cholesterol,P1469,PATIENT,,PAT1469,,213,mg/dL,2026-08-14,COBAS-501,A. Deshmukh,LP-2026-08-P05,TRUE
Total Cholesterol,P1470,PATIENT,,PAT1470,,76,mg/dL,2026-08-15,COBAS-702,R. Patel,LP-2026-08-P06,TRUE
Total Cholesterol,P1471,PATIENT,,PAT1471,,189,mg/dL,2026-08-10,COBAS-501,A. Deshmukh,LP-2026-08-P07,TRUE
Total Cholesterol,P1472,PATIENT,,PAT1472,,166,mg/dL,2026-08-11,COBAS-702,R. Patel,LP-2026-08-P08,TRUE
Total Cholesterol,P1473,PATIENT,,PAT1473,,165,mg/dL,2026-08-12,COBAS-501,A. Deshmukh,LP-2026-08-P09,TRUE
Total Cholesterol,P1474,PATIENT,,PAT1474,,206,mg/dL,2026-08-13,COBAS-702,R. Patel,LP-2026-08-P10,TRUE
Total Cholesterol,P1475,PATIENT,,PAT1475,,248,mg/dL,2026-08-14,COBAS-501,A. Deshmukh,LP-2026-08-P11,TRUE
Total Cholesterol,P1476,PATIENT,,PAT1476,,156,mg/dL,2026-08-15,COBAS-702,R. Patel,LP-2026-08-P12,TRUE
Total Cholesterol,P1477,PATIENT,,PAT1477,,204,mg/dL,2026-08-10,COBAS-501,A. Deshmukh,LP-2026-08-P01,TRUE
Total Cholesterol,P1478,PATIENT,,PAT1478,,188,mg/dL,2026-08-11,COBAS-702,R. Patel,LP-2026-08-P02,TRUE
Total Cholesterol,P1479,PATIENT,,PAT1479,,245,mg/dL,2026-08-12,COBAS-501,A. Deshmukh,LP-2026-08-P03,TRUE
Total Cholesterol,P1480,PATIENT,,PAT1480,,143,mg/dL,2026-08-13,COBAS-702,R. Patel,LP-2026-08-P04,TRUE
Total Cholesterol,P1481,PATIENT,,PAT1481,,195,mg/dL,2026-08-14,COBAS-501,A. Deshmukh,LP-2026-08-P05,TRUE
Total Cholesterol,P1482,PATIENT,,PAT1482,,83,mg/dL,2026-08-15,COBAS-702,R. Patel,LP-2026-08-P06,TRUE
Total Cholesterol,P1483,PATIENT,,PAT1483,,322,mg/dL,2026-08-10,COBAS-501,A. Deshmukh,LP-2026-08-P07,TRUE
Total Cholesterol,P1484,PATIENT,,PAT1484,,158,mg/dL,2026-08-11,COBAS-702,R. Patel,LP-2026-08-P08,TRUE
Total Cholesterol,P1485,PATIENT,,PAT1485,,253,mg/dL,2026-08-12,COBAS-501,A. Deshmukh,LP-2026-08-P09,TRUE
Total Cholesterol,P1486,PATIENT,,PAT1486,,219,mg/dL,2026-08-13,COBAS-702,R. Patel,LP-2026-08-P10,TRUE
Total Cholesterol,P1487,PATIENT,,PAT1487,,204,mg/dL,2026-08-14,COBAS-501,A. Deshmukh,LP-2026-08-P11,TRUE
Total Cholesterol,P1488,PATIENT,,PAT1488,,----,mg/dL,2026-08-15,COBAS-702,R. Patel,LP-2026-08-P12,FALSE
Total Cholesterol,P1489,PATIENT,,PAT1489,,148,mg/dL,2026-08-10,COBAS-501,A. Deshmukh,LP-2026-08-P01,TRUE
Total Cholesterol,P1490,PATIENT,,PAT1490,,241,mg/dL,2026-08-11,COBAS-702,R. Patel,LP-2026-08-P02,TRUE
Total Cholesterol,P1491,PATIENT,,PAT1491,,188,mg/dL,2026-08-12,COBAS-501,A. Deshmukh,LP-2026-08-P03,TRUE
Total Cholesterol,P1492,PATIENT,,PAT1492,,207,mg/dL,2026-08-13,COBAS-702,R. Patel,LP-2026-08-P04,TRUE
Total Cholesterol,P1493,PATIENT,,PAT1493,,226,mg/dL,2026-08-14,COBAS-501,A. Deshmukh,LP-2026-08-P05,TRUE
Total Cholesterol,P1494,PATIENT,,PAT1494,,175,mg/dL,2026-08-15,COBAS-702,R. Patel,LP-2026-08-P06,TRUE
Total Cholesterol,P1495,PATIENT,,PAT1495,,179,mg/dL,2026-08-10,COBAS-501,A. Deshmukh,LP-2026-08-P07,TRUE
Total Cholesterol,P1496,PATIENT,,PAT1496,,179,mg/dL,2026-08-11,COBAS-702,R. Patel,LP-2026-08-P08,TRUE
Total Cholesterol,P1497,PATIENT,,PAT1497,,117,mg/dL,2026-08-12,COBAS-501,A. Deshmukh,LP-2026-08-P09,TRUE
Total Cholesterol,P1498,PATIENT,,PAT1498,,184,mg/dL,2026-08-13,COBAS-702,R. Patel,LP-2026-08-P10,TRUE
Total Cholesterol,P1499,PATIENT,,PAT1499,,153,mg/dL,2026-08-14,COBAS-501,A. Deshmukh,LP-2026-08-P11,TRUE
Total Cholesterol,P1500,PATIENT,,PAT1500,,154,mg/dL,2026-08-15,COBAS-702,R. Patel,LP-2026-08-P12,TRUE
Total Cholesterol,P1501,PATIENT,,PAT1501,,237,mg/dL,2026-08-10,COBAS-501,A. Deshmukh,LP-2026-08-P01,TRUE
Total Cholesterol,P1502,PATIENT,,PAT1502,,181,mg/dL,2026-08-11,COBAS-702,R. Patel,LP-2026-08-P02,TRUE
Total Cholesterol,P1503,PATIENT,,PAT1503,,201,mg/dL,2026-08-12,COBAS-501,A. Deshmukh,LP-2026-08-P03,TRUE
Total Cholesterol,P1504,PATIENT,,PAT1504,,192,mg/dL,2026-08-13,COBAS-702,R. Patel,LP-2026-08-P04,TRUE
Total Cholesterol,P1505,PATIENT,,PAT1505,,181,mg/dL,2026-08-14,COBAS-501,A. Deshmukh,LP-2026-08-P05,TRUE
Total Cholesterol,P1506,PATIENT,,PAT1506,,168,mg/dL,2026-08-15,COBAS-702,R. Patel,LP-2026-08-P06,TRUE
Total Cholesterol,P1507,PATIENT,,PAT1507,,238,mg/dL,2026-08-10,COBAS-501,A. Deshmukh,LP-2026-08-P07,TRUE
Total Cholesterol,P1508,PATIENT,,PAT1508,,161,mg/dL,2026-08-11,COBAS-702,R. Patel,LP-2026-08-P08,TRUE
Total Cholesterol,P1509,PATIENT,,PAT1509,,137,mg/dL,2026-08-12,COBAS-501,A. Deshmukh,LP-2026-08-P09,TRUE
Total Cholesterol,P1510,PATIENT,,PAT1510,,203,mg/dL,2026-08-13,COBAS-702,R. Patel,LP-2026-08-P10,TRUE
Total Cholesterol,P1511,PATIENT,,PAT1511,,144,mg/dL,2026-08-14,COBAS-501,A. Deshmukh,LP-2026-08-P11,TRUE
Total Cholesterol,P1512,PATIENT,,PAT1512,,148,mg/dL,2026-08-15,COBAS-702,R. Patel,LP-2026-08-P12,TRUE
Total Cholesterol,P1513,PATIENT,,PAT1513,,138,mg/dL,2026-08-10,COBAS-501,A. Deshmukh,LP-2026-08-P01,TRUE
Total Cholesterol,P1514,PATIENT,,PAT1514,,117,mg/dL,2026-08-11,COBAS-702,R. Patel,LP-2026-08-P02,TRUE
Total Cholesterol,P1515,PATIENT,,PAT1515,,223,mg/dL,2026-08-12,COBAS-501,A. Deshmukh,LP-2026-08-P03,TRUE
Total Cholesterol,P1516,PATIENT,,PAT1516,,258,mg/dL,2026-08-13,COBAS-702,R. Patel,LP-2026-08-P04,TRUE
Total Cholesterol,P1517,PATIENT,,PAT1517,,181,mg/dL,2026-08-14,COBAS-501,A. Deshmukh,LP-2026-08-P05,TRUE
Total Cholesterol,P1518,PATIENT,,PAT1518,,232,mg/dL,2026-08-15,COBAS-702,R. Patel,LP-2026-08-P06,TRUE
Total Cholesterol,P1519,PATIENT,,PAT1519,,216,mg/dL,2026-08-10,COBAS-501,A. Deshmukh,LP-2026-08-P07,TRUE
Total Cholesterol,P1520,PATIENT,,PAT1520,,198,mg/dL,2026-08-11,COBAS-702,R. Patel,LP-2026-08-P08,TRUE
Total Cholesterol,P1521,PATIENT,,PAT1521,,291,mg/dL,2026-08-12,COBAS-501,A. Deshmukh,LP-2026-08-P09,TRUE
Total Cholesterol,P1522,PATIENT,,PAT1522,,167,mg/dL,2026-08-13,COBAS-702,R. Patel,LP-2026-08-P10,TRUE
Total Cholesterol,P1523,PATIENT,,PAT1523,,182,mg/dL,2026-08-14,COBAS-501,A. Deshmukh,LP-2026-08-P11,TRUE
Total Cholesterol,P1524,PATIENT,,PAT1524,,193,mg/dL,2026-08-15,COBAS-702,R. Patel,LP-2026-08-P12,TRUE
Total Cholesterol,P1525,PATIENT,,PAT1525,,172,mg/dL,2026-08-10,COBAS-501,A. Deshmukh,LP-2026-08-P01,TRUE
Total Cholesterol,P1526,PATIENT,,PAT1526,,226,mg/dL,2026-08-11,COBAS-702,R. Patel,LP-2026-08-P02,TRUE
Total Cholesterol,P1527,PATIENT,,PAT1527,,153,mg/dL,2026-08-12,COBAS-501,A. Deshmukh,LP-2026-08-P03,TRUE
Total Cholesterol,P1528,PATIENT,,PAT1528,,156,mg/dL,2026-08-13,COBAS-702,R. Patel,LP-2026-08-P04,TRUE
Total Cholesterol,P1529,PATIENT,,PAT1529,,64,mg/dL,2026-08-14,COBAS-501,A. Deshmukh,LP-2026-08-P05,TRUE
Total Cholesterol,P1530,PATIENT,,PAT1530,,165,mg/dL,2026-08-15,COBAS-702,R. Patel,LP-2026-08-P06,TRUE
Total Cholesterol,P1531,PATIENT,,PAT1531,,187,mg/dL,2026-08-10,COBAS-501,A. Deshmukh,LP-2026-08-P07,TRUE
Total Cholesterol,P1532,PATIENT,,PAT1532,,217,mg/dL,2026-08-11,COBAS-702,R. Patel,LP-2026-08-P08,TRUE
Total Cholesterol,P1533,PATIENT,,PAT1533,,234,mg/dL,2026-08-12,COBAS-501,A. Deshmukh,LP-2026-08-P09,TRUE
Total Cholesterol,P1534,PATIENT,,PAT1534,,199,mg/dL,2026-08-13,COBAS-702,R. Patel,LP-2026-08-P10,TRUE
Total Cholesterol,P1535,PATIENT,,PAT1535,,176,mg/dL,2026-08-14,COBAS-501,A. Deshmukh,LP-2026-08-P11,TRUE
Total Cholesterol,P1536,PATIENT,,PAT1536,,398,mg/dL,2026-08-15,COBAS-702,R. Patel,LP-2026-08-P12,TRUE
Total Cholesterol,P1537,PATIENT,,PAT1537,,183,mg/dL,2026-08-10,COBAS-501,A. Deshmukh,LP-2026-08-P01,TRUE
Total Cholesterol,P1538,PATIENT,,PAT1538,,145,mg/dL,2026-08-11,COBAS-702,R. Patel,LP-2026-08-P02,TRUE
Total Cholesterol,P1539,PATIENT,,PAT1539,,193,mg/dL,2026-08-12,COBAS-501,A. Deshmukh,LP-2026-08-P03,TRUE
Total Cholesterol,P1540,PATIENT,,PAT1540,,137,mg/dL,2026-08-13,COBAS-702,R. Patel,LP-2026-08-P04,TRUE
Total Cholesterol,P1541,PATIENT,,PAT1541,,169,mg/dL,2026-08-14,COBAS-501,A. Deshmukh,LP-2026-08-P05,TRUE
Total Cholesterol,P1542,PATIENT,,PAT1542,,212,mg/dL,2026-08-15,COBAS-702,R. Patel,LP-2026-08-P06,TRUE
Total Cholesterol,P1543,PATIENT,,PAT1543,,202,mg/dL,2026-08-10,COBAS-501,A. Deshmukh,LP-2026-08-P07,TRUE
Total Cholesterol,P1544,PATIENT,,PAT1544,,129,mg/dL,2026-08-11,COBAS-702,R. Patel,LP-2026-08-P08,TRUE
Total Cholesterol,P1545,PATIENT,,PAT1545,,184,mg/dL,2026-08-12,COBAS-501,A. Deshmukh,LP-2026-08-P09,TRUE
Total Cholesterol,P1546,PATIENT,,PAT1546,,181,mg/dL,2026-08-13,COBAS-702,R. Patel,LP-2026-08-P10,TRUE
Total Cholesterol,P1547,PATIENT,,PAT1547,,221,mg/dL,2026-08-14,COBAS-501,A. Deshmukh,LP-2026-08-P11,TRUE
Total Cholesterol,P1548,PATIENT,,PAT1548,,184,mg/dL,2026-08-15,COBAS-702,R. Patel,LP-2026-08-P12,TRUE
Total Cholesterol,P1549,PATIENT,,PAT1549,,205,mg/dL,2026-08-10,COBAS-501,A. Deshmukh,LP-2026-08-P01,TRUE
Total Cholesterol,P1550,PATIENT,,PAT1550,,159,mg/dL,2026-08-11,COBAS-702,R. Patel,LP-2026-08-P02,TRUE
Total Cholesterol,P1551,PATIENT,,PAT1551,,70,mg/dL,2026-08-12,COBAS-501,A. Deshmukh,LP-2026-08-P03,TRUE
Total Cholesterol,P1552,PATIENT,,PAT1552,,187,mg/dL,2026-08-13,COBAS-702,R. Patel,LP-2026-08-P04,TRUE
Total Cholesterol,P1553,PATIENT,,PAT1553,,144,mg/dL,2026-08-14,COBAS-501,A. Deshmukh,LP-2026-08-P05,FALSE
Total Cholesterol,P1554,PATIENT,,PAT1554,,210,mg/dL,2026-08-15,COBAS-702,R. Patel,LP-2026-08-P06,TRUE
Total Cholesterol,P1555,PATIENT,,PAT1555,,72,mg/dL,2026-08-10,COBAS-501,A. Deshmukh,LP-2026-08-P07,TRUE
Total Cholesterol,P1556,PATIENT,,PAT1556,,191,mg/dL,2026-08-11,COBAS-702,R. Patel,LP-2026-08-P08,TRUE
Total Cholesterol,P1557,PATIENT,,PAT1557,,204,mg/dL,2026-08-12,COBAS-501,A. Deshmukh,LP-2026-08-P09,TRUE
Total Cholesterol,P1558,PATIENT,,PAT1558,,225,mg/dL,2026-08-13,COBAS-702,R. Patel,LP-2026-08-P10,TRUE
Total Cholesterol,P1559,PATIENT,,PAT1559,,218,mg/dL,2026-08-14,COBAS-501,A. Deshmukh,LP-2026-08-P11,TRUE
Total Cholesterol,P1560,PATIENT,,PAT1560,,223,mg/dL,2026-08-15,COBAS-702,R. Patel,LP-2026-08-P12,TRUE
Total Cholesterol,P1561,PATIENT,,PAT1561,,143,mg/dL,2026-08-10,COBAS-501,A. Deshmukh,LP-2026-08-P01,TRUE
Total Cholesterol,P1562,PATIENT,,PAT1562,,166,mg/dL,2026-08-11,COBAS-702,R. Patel,LP-2026-08-P02,TRUE
Total Cholesterol,P1563,PATIENT,,PAT1563,,172,mg/dL,2026-08-12,COBAS-501,A. Deshmukh,LP-2026-08-P03,TRUE
Total Cholesterol,P1564,PATIENT,,PAT1564,,104,mg/dL,2026-08-13,COBAS-702,R. Patel,LP-2026-08-P04,TRUE
Total Cholesterol,P1565,PATIENT,,PAT1565,,145,mg/dL,2026-08-14,COBAS-501,A. Deshmukh,LP-2026-08-P05,TRUE
Total Cholesterol,P1566,PATIENT,,PAT1566,,188,mg/dL,2026-08-15,COBAS-702,R. Patel,LP-2026-08-P06,TRUE
Total Cholesterol,P1567,PATIENT,,PAT1567,,173,mg/dL,2026-08-10,COBAS-501,A. Deshmukh,LP-2026-08-P07,TRUE
Total Cholesterol,P1568,PATIENT,,PAT1568,,193,mg/dL,2026-08-11,COBAS-702,R. Patel,LP-2026-08-P08,TRUE
Total Cholesterol,P1569,PATIENT,,PAT1569,,226,mg/dL,2026-08-12,COBAS-501,A. Deshmukh,LP-2026-08-P09,TRUE
Total Cholesterol,P1570,PATIENT,,PAT1570,,218,mg/dL,2026-08-13,COBAS-702,R. Patel,LP-2026-08-P10,TRUE
Total Cholesterol,P1571,PATIENT,,PAT1571,,179,mg/dL,2026-08-14,COBAS-501,A. Deshmukh,LP-2026-08-P11,TRUE
Total Cholesterol,P1572,PATIENT,,PAT1572,,200,mg/dL,2026-08-15,COBAS-702,R. Patel,LP-2026-08-P12,TRUE
Total Cholesterol,P1573,PATIENT,,PAT1573,,164,mg/dL,2026-08-10,COBAS-501,A. Deshmukh,LP-2026-08-P01,TRUE
Total Cholesterol,P1574,PATIENT,,PAT1574,,171,mg/dL,2026-08-11,COBAS-702,R. Patel,LP-2026-08-P02,TRUE
Total Cholesterol,P1575,PATIENT,,PAT1575,,368,mg/dL,2026-08-12,COBAS-501,A. Deshmukh,LP-2026-08-P03,TRUE
Total Cholesterol,P1576,PATIENT,,PAT1576,,162,mg/dL,2026-08-13,COBAS-702,R. Patel,LP-2026-08-P04,TRUE
Total Cholesterol,P1577,PATIENT,,PAT1577,,142,mg/dL,2026-08-14,COBAS-501,A. Deshmukh,LP-2026-08-P05,TRUE
Total Cholesterol,P1578,PATIENT,,PAT1578,,202,mg/dL,2026-08-15,COBAS-702,R. Patel,LP-2026-08-P06,TRUE
Total Cholesterol,P1579,PATIENT,,PAT1579,,151,mg/dL,2026-08-10,COBAS-501,A. Deshmukh,LP-2026-08-P07,TRUE
Total Cholesterol,P1580,PATIENT,,PAT1580,,135,mg/dL,2026-08-11,COBAS-702,R. Patel,LP-2026-08-P08,TRUE
Total Cholesterol,P1581,PATIENT,,PAT1581,,175,mg/dL,2026-08-12,COBAS-501,A. Deshmukh,LP-2026-08-P09,TRUE
Total Cholesterol,P1582,PATIENT,,PAT1582,,219,mg/dL,2026-08-13,COBAS-702,R. Patel,LP-2026-08-P10,TRUE
Total Cholesterol,P1583,PATIENT,,PAT1583,,206,mg/dL,2026-08-14,COBAS-501,A. Deshmukh,LP-2026-08-P11,TRUE
Total Cholesterol,P1584,PATIENT,,PAT1584,,187,mg/dL,2026-08-15,COBAS-702,R. Patel,LP-2026-08-P12,TRUE
Total Cholesterol,P1585,PATIENT,,PAT1585,,201,mg/dL,2026-08-10,COBAS-501,A. Deshmukh,LP-2026-08-P01,TRUE
Total Cholesterol,P1586,PATIENT,,PAT1586,,265,mg/dL,2026-08-11,COBAS-702,R. Patel,LP-2026-08-P02,TRUE
Total Cholesterol,P1587,PATIENT,,PAT1587,,192,mg/dL,2026-08-12,COBAS-501,A. Deshmukh,LP-2026-08-P03,TRUE
Total Cholesterol,P1588,PATIENT,,PAT1588,,137,mg/dL,2026-08-13,COBAS-702,R. Patel,LP-2026-08-P04,TRUE
Total Cholesterol,P1589,PATIENT,,PAT1589,,195,mg/dL,2026-08-14,COBAS-501,A. Deshmukh,LP-2026-08-P05,TRUE
Total Cholesterol,P1590,PATIENT,,PAT1590,,136,mg/dL,2026-08-15,COBAS-702,R. Patel,LP-2026-08-P06,TRUE
Total Cholesterol,P1591,PATIENT,,PAT1591,,199,mg/dL,2026-08-10,COBAS-501,A. Deshmukh,LP-2026-08-P07,TRUE
Total Cholesterol,P1592,PATIENT,,PAT1592,,164,mg/dL,2026-08-11,COBAS-702,R. Patel,LP-2026-08-P08,TRUE
Total Cholesterol,P1593,PATIENT,,PAT1593,,211,mg/dL,2026-08-12,COBAS-501,A. Deshmukh,LP-2026-08-P09,TRUE
Total Cholesterol,P1594,PATIENT,,PAT1594,,156,mg/dL,2026-08-13,COBAS-702,R. Patel,LP-2026-08-P10,TRUE
Total Cholesterol,P1595,PATIENT,,PAT1595,,150,mg/dL,2026-08-14,COBAS-501,A. Deshmukh,LP-2026-08-P11,TRUE
Total Cholesterol,P1596,PATIENT,,PAT1596,,186,mg/dL,2026-08-15,COBAS-702,R. Patel,LP-2026-08-P12,TRUE
Total Cholesterol,P1597,PATIENT,,PAT1597,,211,mg/dL,2026-08-10,COBAS-501,A. Deshmukh,LP-2026-08-P01,TRUE
Total Cholesterol,P1598,PATIENT,,PAT1598,,63,mg/dL,2026-08-11,COBAS-702,R. Patel,LP-2026-08-P02,TRUE
Total Cholesterol,P1599,PATIENT,,PAT1599,,166,mg/dL,2026-08-12,COBAS-501,A. Deshmukh,LP-2026-08-P03,TRUE
Total Cholesterol,P1600,PATIENT,,PAT1600,,181,mg/dL,2026-08-13,COBAS-702,R. Patel,LP-2026-08-P04,TRUE
Total Cholesterol,P1601,PATIENT,,PAT1601,,164,mg/dL,2026-08-14,COBAS-501,A. Deshmukh,LP-2026-08-P05,TRUE
Total Cholesterol,P1602,PATIENT,,PAT1602,,173,mg/dL,2026-08-15,COBAS-702,R. Patel,LP-2026-08-P06,TRUE
Total Cholesterol,P1603,PATIENT,,PAT1603,,192,mg/dL,2026-08-10,COBAS-501,A. Deshmukh,LP-2026-08-P07,TRUE
Total Cholesterol,P1604,PATIENT,,PAT1604,,122,mg/dL,2026-08-11,COBAS-702,R. Patel,LP-2026-08-P08,TRUE
Total Cholesterol,P1605,PATIENT,,PAT1605,,268,mg/dL,2026-08-12,COBAS-501,A. Deshmukh,LP-2026-08-P09,TRUE
Total Cholesterol,P1606,PATIENT,,PAT1606,,189,mg/dL,2026-08-13,COBAS-702,R. Patel,LP-2026-08-P10,TRUE
Total Cholesterol,P1607,PATIENT,,PAT1607,,151,mg/dL,2026-08-14,COBAS-501,A. Deshmukh,LP-2026-08-P11,TRUE
Total Cholesterol,P1608,PATIENT,,PAT1608,,238,mg/dL,2026-08-15,COBAS-702,R. Patel,LP-2026-08-P12,TRUE
Total Cholesterol,P1609,PATIENT,,PAT1609,,194,mg/dL,2026-08-10,COBAS-501,A. Deshmukh,LP-2026-08-P01,TRUE
Total Cholesterol,P1610,PATIENT,,PAT1610,,258,mg/dL,2026-08-11,COBAS-702,R. Patel,LP-2026-08-P02,TRUE
Total Cholesterol,P1611,PATIENT,,PAT1611,,182,mg/dL,2026-08-12,COBAS-501,A. Deshmukh,LP-2026-08-P03,TRUE
Total Cholesterol,P1612,PATIENT,,PAT1612,,268,mg/dL,2026-08-13,COBAS-702,R. Patel,LP-2026-08-P04,TRUE
Total Cholesterol,P1613,PATIENT,,PAT1613,,201,mg/dL,2026-08-14,COBAS-501,A. Deshmukh,LP-2026-08-P05,TRUE
Total Cholesterol,P1614,PATIENT,,PAT1614,,286,mg/dL,2026-08-15,COBAS-702,R. Patel,LP-2026-08-P06,TRUE
Total Cholesterol,P1615,PATIENT,,PAT1615,,177,mg/dL,2026-08-10,COBAS-501,A. Deshmukh,LP-2026-08-P07,TRUE
Total Cholesterol,P1616,PATIENT,,PAT1616,,216,mg/dL,2026-08-11,COBAS-702,R. Patel,LP-2026-08-P08,TRUE
Total Cholesterol,P1617,PATIENT,,PAT1617,,210,mg/dL,2026-08-12,COBAS-501,A. Deshmukh,LP-2026-08-P09,TRUE
Total Cholesterol,P1618,PATIENT,,PAT1618,,196,mg/dL,2026-08-13,COBAS-702,R. Patel,LP-2026-08-P10,TRUE
Total Cholesterol,P1619,PATIENT,,PAT1619,,208,mg/dL,2026-08-14,COBAS-501,A. Deshmukh,LP-2026-08-P11,TRUE
Total Cholesterol,P1620,PATIENT,,PAT1620,,171,mg/dL,2026-08-15,COBAS-702,R. Patel,LP-2026-08-P12,TRUE
Total Cholesterol,P1621,PATIENT,,PAT1621,,194,mg/dL,2026-08-10,COBAS-501,A. Deshmukh,LP-2026-08-P01,TRUE
Total Cholesterol,P1622,PATIENT,,PAT1622,,236,mg/dL,2026-08-11,COBAS-702,R. Patel,LP-2026-08-P02,TRUE
Total Cholesterol,P1623,PATIENT,,PAT1623,,150,mg/dL,2026-08-12,COBAS-501,A. Deshmukh,LP-2026-08-P03,TRUE
Total Cholesterol,P1624,PATIENT,,PAT1624,,401,mg/dL,2026-08-13,COBAS-702,R. Patel,LP-2026-08-P04,TRUE
Total Cholesterol,P1625,PATIENT,,PAT1625,,174,mg/dL,2026-08-14,COBAS-501,A. Deshmukh,LP-2026-08-P05,TRUE
Total Cholesterol,P1626,PATIENT,,PAT1626,,152,mg/dL,2026-08-15,COBAS-702,R. Patel,LP-2026-08-P06,TRUE
Total Cholesterol,P1627,PATIENT,,PAT1627,,158,mg/dL,2026-08-10,COBAS-501,A. Deshmukh,LP-2026-08-P07,TRUE
Total Cholesterol,P1628,PATIENT,,PAT1628,,208,mg/dL,2026-08-11,COBAS-702,R. Patel,LP-2026-08-P08,TRUE
Total Cholesterol,P1629,PATIENT,,PAT1629,,223,mg/dL,2026-08-12,COBAS-501,A. Deshmukh,LP-2026-08-P09,TRUE
Total Cholesterol,P1630,PATIENT,,PAT1630,,210,mg/dL,2026-08-13,COBAS-702,R. Patel,LP-2026-08-P10,TRUE
Total Cholesterol,P1631,PATIENT,,PAT1631,,198,mg/dL,2026-08-14,COBAS-501,A. Deshmukh,LP-2026-08-P11,TRUE
Total Cholesterol,P1632,PATIENT,,PAT1632,,223,mg/dL,2026-08-15,COBAS-702,R. Patel,LP-2026-08-P12,TRUE
Total Cholesterol,P1633,PATIENT,,PAT1633,,195,mg/dL,2026-08-10,COBAS-501,A. Deshmukh,LP-2026-08-P01,TRUE
Total Cholesterol,P1634,PATIENT,,PAT1634,,228,mg/dL,2026-08-11,COBAS-702,R. Patel,LP-2026-08-P02,TRUE
Total Cholesterol,P1635,PATIENT,,PAT1635,,113,mg/dL,2026-08-12,COBAS-501,A. Deshmukh,LP-2026-08-P03,TRUE
Total Cholesterol,P1636,PATIENT,,PAT1636,,173,mg/dL,2026-08-13,COBAS-702,R. Patel,LP-2026-08-P04,TRUE
Total Cholesterol,P1637,PATIENT,,PAT1637,,203,mg/dL,2026-08-14,COBAS-501,A. Deshmukh,LP-2026-08-P05,TRUE
Total Cholesterol,P1638,PATIENT,,PAT1638,,137,mg/dL,2026-08-15,COBAS-702,R. Patel,LP-2026-08-P06,TRUE
Total Cholesterol,P1639,PATIENT,,PAT1639,,157,mg/dL,2026-08-10,COBAS-501,A. Deshmukh,LP-2026-08-P07,TRUE
Total Cholesterol,P1640,PATIENT,,PAT1640,,243,mg/dL,2026-08-11,COBAS-702,R. Patel,LP-2026-08-P08,TRUE
Total Cholesterol,P1641,PATIENT,,PAT1641,,208,mg/dL,2026-08-12,COBAS-501,A. Deshmukh,LP-2026-08-P09,TRUE
Total Cholesterol,P1642,PATIENT,,PAT1642,,223,mg/dL,2026-08-13,COBAS-702,R. Patel,LP-2026-08-P10,TRUE
Total Cholesterol,P1643,PATIENT,,PAT1643,,173,mg/dL,2026-08-14,COBAS-501,A. Deshmukh,LP-2026-08-P11,TRUE
Total Cholesterol,P1644,PATIENT,,PAT1644,,204,mg/dL,2026-08-15,COBAS-702,R. Patel,LP-2026-08-P12,TRUE
Total Cholesterol,P1645,PATIENT,,PAT1645,,177,mg/dL,2026-08-10,COBAS-501,A. Deshmukh,LP-2026-08-P01,TRUE
Total Cholesterol,P1646,PATIENT,,PAT1646,,211,mg/dL,2026-08-11,COBAS-702,R. Patel,LP-2026-08-P02,TRUE
Total Cholesterol,P1647,PATIENT,,PAT1647,,215,mg/dL,2026-08-12,COBAS-501,A. Deshmukh,LP-2026-08-P03,TRUE
Total Cholesterol,P1648,PATIENT,,PAT1648,,156,mg/dL,2026-08-13,COBAS-702,R. Patel,LP-2026-08-P04,TRUE
Total Cholesterol,P1649,PATIENT,,PAT1649,,162,mg/dL,2026-08-14,COBAS-501,A. Deshmukh,LP-2026-08-P05,TRUE
Total Cholesterol,P1650,PATIENT,,PAT1650,,181,mg/dL,2026-08-15,COBAS-702,R. Patel,LP-2026-08-P06,FALSE
Total Cholesterol,P1651,PATIENT,,PAT1651,,156,mg/dL,2026-08-10,COBAS-501,A. Deshmukh,LP-2026-08-P07,TRUE
Total Cholesterol,P1652,PATIENT,,PAT1652,,139,mg/dL,2026-08-11,COBAS-702,R. Patel,LP-2026-08-P08,TRUE
Total Cholesterol,P1653,PATIENT,,PAT1653,,194,mg/dL,2026-08-12,COBAS-501,A. Deshmukh,LP-2026-08-P09,TRUE
Total Cholesterol,P1654,PATIENT,,PAT1654,,161,mg/dL,2026-08-13,COBAS-702,R. Patel,LP-2026-08-P10,TRUE
Total Cholesterol,P1655,PATIENT,,PAT1655,,191,mg/dL,2026-08-14,COBAS-501,A. Deshmukh,LP-2026-08-P11,TRUE
Total Cholesterol,P1656,PATIENT,,PAT1656,,157,mg/dL,2026-08-15,COBAS-702,R. Patel,LP-2026-08-P12,TRUE
Total Cholesterol,P1657,PATIENT,,PAT1657,,218,mg/dL,2026-08-10,COBAS-501,A. Deshmukh,LP-2026-08-P01,TRUE
Total Cholesterol,P1658,PATIENT,,PAT1658,,201,mg/dL,2026-08-11,COBAS-702,R. Patel,LP-2026-08-P02,TRUE
Total Cholesterol,P1659,PATIENT,,PAT1659,,137,mg/dL,2026-08-12,COBAS-501,A. Deshmukh,LP-2026-08-P03,TRUE
Total Cholesterol,P1660,PATIENT,,PAT1660,,169,mg/dL,2026-08-13,COBAS-702,R. Patel,LP-2026-08-P04,TRUE
Total Cholesterol,P1661,PATIENT,,PAT1661,,204,mg/dL,2026-08-14,COBAS-501,A. Deshmukh,LP-2026-08-P05,TRUE
Total Cholesterol,P1662,PATIENT,,PAT1662,,190,mg/dL,2026-08-15,COBAS-702,R. Patel,LP-2026-08-P06,TRUE
Total Cholesterol,P1663,PATIENT,,PAT1663,,157,mg/dL,2026-08-10,COBAS-501,A. Deshmukh,LP-2026-08-P07,TRUE
Total Cholesterol,P1664,PATIENT,,PAT1664,,184,mg/dL,2026-08-11,COBAS-702,R. Patel,LP-2026-08-P08,TRUE
Total Cholesterol,P1665,PATIENT,,PAT1665,,122,mg/dL,2026-08-12,COBAS-501,A. Deshmukh,LP-2026-08-P09,TRUE
Total Cholesterol,P1666,PATIENT,,PAT1666,,155,mg/dL,2026-08-13,COBAS-702,R. Patel,LP-2026-08-P10,TRUE
Total Cholesterol,P1667,PATIENT,,PAT1667,,162,mg/dL,2026-08-14,COBAS-501,A. Deshmukh,LP-2026-08-P11,TRUE
Total Cholesterol,P1668,PATIENT,,PAT1668,,246,mg/dL,2026-08-15,COBAS-702,R. Patel,LP-2026-08-P12,TRUE
Total Cholesterol,P1669,PATIENT,,PAT1669,,174,mg/dL,2026-08-10,COBAS-501,A. Deshmukh,LP-2026-08-P01,TRUE
Total Cholesterol,P1670,PATIENT,,PAT1670,,185,mg/dL,2026-08-11,COBAS-702,R. Patel,LP-2026-08-P02,TRUE
Total Cholesterol,P1671,PATIENT,,PAT1671,,283,mg/dL,2026-08-12,COBAS-501,A. Deshmukh,LP-2026-08-P03,TRUE
Total Cholesterol,P1672,PATIENT,,PAT1672,,203,mg/dL,2026-08-13,COBAS-702,R. Patel,LP-2026-08-P04,TRUE
Total Cholesterol,P1673,PATIENT,,PAT1673,,306,mg/dL,2026-08-14,COBAS-501,A. Deshmukh,LP-2026-08-P05,TRUE
Total Cholesterol,P1674,PATIENT,,PAT1674,,208,mg/dL,2026-08-15,COBAS-702,R. Patel,LP-2026-08-P06,TRUE
Total Cholesterol,P1675,PATIENT,,PAT1675,,218,mg/dL,2026-08-10,COBAS-501,A. Deshmukh,LP-2026-08-P07,TRUE
Total Cholesterol,P1676,PATIENT,,PAT1676,,181,mg/dL,2026-08-11,COBAS-702,R. Patel,LP-2026-08-P08,TRUE
Total Cholesterol,P1677,PATIENT,,PAT1677,,172,mg/dL,2026-08-12,COBAS-501,A. Deshmukh,LP-2026-08-P09,TRUE
Total Cholesterol,P1678,PATIENT,,PAT1678,,104,mg/dL,2026-08-13,COBAS-702,R. Patel,LP-2026-08-P10,TRUE
Total Cholesterol,P1679,PATIENT,,PAT1679,,140,mg/dL,2026-08-14,COBAS-501,A. Deshmukh,LP-2026-08-P11,TRUE
Total Cholesterol,P1680,PATIENT,,PAT1680,,230,mg/dL,2026-08-15,COBAS-702,R. Patel,LP-2026-08-P12,TRUE
Total Cholesterol,P1681,PATIENT,,PAT1681,,203,mg/dL,2026-08-10,COBAS-501,A. Deshmukh,LP-2026-08-P01,TRUE
Total Cholesterol,P1682,PATIENT,,PAT1682,,210,mg/dL,2026-08-11,COBAS-702,R. Patel,LP-2026-08-P02,TRUE
Total Cholesterol,P1683,PATIENT,,PAT1683,,200,mg/dL,2026-08-12,COBAS-501,A. Deshmukh,LP-2026-08-P03,TRUE
Total Cholesterol,P1684,PATIENT,,PAT1684,,140,mg/dL,2026-08-13,COBAS-702,R. Patel,LP-2026-08-P04,TRUE
Total Cholesterol,P1685,PATIENT,,PAT1685,,144,mg/dL,2026-08-14,COBAS-501,A. Deshmukh,LP-2026-08-P05,TRUE
Total Cholesterol,P1686,PATIENT,,PAT1686,,195,mg/dL,2026-08-15,COBAS-702,R. Patel,LP-2026-08-P06,TRUE
Total Cholesterol,P1687,PATIENT,,PAT1687,,166,mg/dL,2026-08-10,COBAS-501,A. Deshmukh,LP-2026-08-P07,TRUE
Total Cholesterol,P1688,PATIENT,,PAT1688,,180,mg/dL,2026-08-11,COBAS-702,R. Patel,LP-2026-08-P08,TRUE
Total Cholesterol,P1689,PATIENT,,PAT1689,,162,mg/dL,2026-08-12,COBAS-501,A. Deshmukh,LP-2026-08-P09,TRUE
Total Cholesterol,P1690,PATIENT,,PAT1690,,169,mg/dL,2026-08-13,COBAS-702,R. Patel,LP-2026-08-P10,TRUE
Total Cholesterol,P1691,PATIENT,,PAT1691,,192,mg/dL,2026-08-14,COBAS-501,A. Deshmukh,LP-2026-08-P11,TRUE
Total Cholesterol,P1692,PATIENT,,PAT1692,,191,mg/dL,2026-08-15,COBAS-702,R. Patel,LP-2026-08-P12,TRUE
Total Cholesterol,P1693,PATIENT,,PAT1693,,260,mg/dL,2026-08-10,COBAS-501,A. Deshmukh,LP-2026-08-P01,TRUE
Total Cholesterol,P1694,PATIENT,,PAT1694,,205,mg/dL,2026-08-11,COBAS-702,R. Patel,LP-2026-08-P02,TRUE
Total Cholesterol,P1695,PATIENT,,PAT1695,,219,mg/dL,2026-08-12,COBAS-501,A. Deshmukh,LP-2026-08-P03,TRUE
Total Cholesterol,P1696,PATIENT,,PAT1696,,199,mg/dL,2026-08-13,COBAS-702,R. Patel,LP-2026-08-P04,TRUE
Total Cholesterol,P1697,PATIENT,,PAT1697,,412,mg/dL,2026-08-14,COBAS-501,A. Deshmukh,LP-2026-08-P05,TRUE
Total Cholesterol,P1698,PATIENT,,PAT1698,,167,mg/dL,2026-08-15,COBAS-702,R. Patel,LP-2026-08-P06,TRUE
Total Cholesterol,P1699,PATIENT,,PAT1699,,166,mg/dL,2026-08-10,COBAS-501,A. Deshmukh,LP-2026-08-P07,TRUE
Total Cholesterol,P1700,PATIENT,,PAT1700,,177,mg/dL,2026-08-11,COBAS-702,R. Patel,LP-2026-08-P08,TRUE
Total Cholesterol,P1701,PATIENT,,PAT1701,,172,mg/dL,2026-08-12,COBAS-501,A. Deshmukh,LP-2026-08-P09,TRUE
Total Cholesterol,P1702,PATIENT,,PAT1702,,152,mg/dL,2026-08-13,COBAS-702,R. Patel,LP-2026-08-P10,TRUE
Total Cholesterol,P1703,PATIENT,,PAT1703,,239,mg/dL,2026-08-14,COBAS-501,A. Deshmukh,LP-2026-08-P11,TRUE
Total Cholesterol,P1704,PATIENT,,PAT1704,,86,mg/dL,2026-08-15,COBAS-702,R. Patel,LP-2026-08-P12,TRUE
Total Cholesterol,P1705,PATIENT,,PAT1705,,162,mg/dL,2026-08-10,COBAS-501,A. Deshmukh,LP-2026-08-P01,TRUE
Total Cholesterol,P1706,PATIENT,,PAT1706,,248,mg/dL,2026-08-11,COBAS-702,R. Patel,LP-2026-08-P02,TRUE
Total Cholesterol,P1707,PATIENT,,PAT1707,,174,mg/dL,2026-08-12,COBAS-501,A. Deshmukh,LP-2026-08-P03,TRUE
Total Cholesterol,P1708,PATIENT,,PAT1708,,164,mg/dL,2026-08-13,COBAS-702,R. Patel,LP-2026-08-P04,TRUE
Total Cholesterol,P1709,PATIENT,,PAT1709,,160,mg/dL,2026-08-14,COBAS-501,A. Deshmukh,LP-2026-08-P05,TRUE
Total Cholesterol,P1710,PATIENT,,PAT1710,,190,mg/dL,2026-08-15,COBAS-702,R. Patel,LP-2026-08-P06,TRUE
Total Cholesterol,P1711,PATIENT,,PAT1711,,155,mg/dL,2026-08-10,COBAS-501,A. Deshmukh,LP-2026-08-P07,TRUE
Total Cholesterol,P1712,PATIENT,,PAT1712,,204,mg/dL,2026-08-11,COBAS-702,R. Patel,LP-2026-08-P08,TRUE
Total Cholesterol,P1713,PATIENT,,PAT1713,,182,mg/dL,2026-08-12,COBAS-501,A. Deshmukh,LP-2026-08-P09,TRUE
Total Cholesterol,P1714,PATIENT,,PAT1714,,178,mg/dL,2026-08-13,COBAS-702,R. Patel,LP-2026-08-P10,TRUE
Total Cholesterol,P1715,PATIENT,,PAT1715,,126,mg/dL,2026-08-14,COBAS-501,A. Deshmukh,LP-2026-08-P11,TRUE
Total Cholesterol,P1716,PATIENT,,PAT1716,,249,mg/dL,2026-08-15,COBAS-702,R. Patel,LP-2026-08-P12,TRUE
Total Cholesterol,P1717,PATIENT,,PAT1717,,199,mg/dL,2026-08-10,COBAS-501,A. Deshmukh,LP-2026-08-P01,TRUE
Total Cholesterol,P1718,PATIENT,,PAT1718,,227,mg/dL,2026-08-11,COBAS-702,R. Patel,LP-2026-08-P02,TRUE
Total Cholesterol,P1719,PATIENT,,PAT1719,,162,mg/dL,2026-08-12,COBAS-501,A. Deshmukh,LP-2026-08-P03,TRUE
Total Cholesterol,P1720,PATIENT,,PAT1720,,224,mg/dL,2026-08-13,COBAS-702,R. Patel,LP-2026-08-P04,TRUE
Total Cholesterol,P1721,PATIENT,,PAT1721,,222,mg/dL,2026-08-14,COBAS-501,A. Deshmukh,LP-2026-08-P05,TRUE
Total Cholesterol,P1722,PATIENT,,PAT1722,,185,mg/dL,2026-08-15,COBAS-702,R. Patel,LP-2026-08-P06,TRUE
Total Cholesterol,P1723,PATIENT,,PAT1723,,162,mg/dL,2026-08-10,COBAS-501,A. Deshmukh,LP-2026-08-P07,TRUE
Total Cholesterol,P1724,PATIENT,,PAT1724,,176,mg/dL,2026-08-11,COBAS-702,R. Patel,LP-2026-08-P08,TRUE
Total Cholesterol,P1725,PATIENT,,PAT1725,,193,mg/dL,2026-08-12,COBAS-501,A. Deshmukh,LP-2026-08-P09,TRUE
Total Cholesterol,P1726,PATIENT,,PAT1726,,212,mg/dL,2026-08-13,COBAS-702,R. Patel,LP-2026-08-P10,TRUE
Total Cholesterol,P1727,PATIENT,,PAT1727,,148,mg/dL,2026-08-14,COBAS-501,A. Deshmukh,LP-2026-08-P11,TRUE
Total Cholesterol,P1728,PATIENT,,PAT1728,,217,mg/dL,2026-08-15,COBAS-702,R. Patel,LP-2026-08-P12,TRUE
Total Cholesterol,P1729,PATIENT,,PAT1729,,119,mg/dL,2026-08-10,COBAS-501,A. Deshmukh,LP-2026-08-P01,TRUE
Total Cholesterol,P1730,PATIENT,,PAT1730,,195,mg/dL,2026-08-11,COBAS-702,R. Patel,LP-2026-08-P02,TRUE
Total Cholesterol,P1731,PATIENT,,PAT1731,,175,mg/dL,2026-08-12,COBAS-501,A. Deshmukh,LP-2026-08-P03,TRUE
Total Cholesterol,P1732,PATIENT,,PAT1732,,163,mg/dL,2026-08-13,COBAS-702,R. Patel,LP-2026-08-P04,TRUE
Total Cholesterol,P1733,PATIENT,,PAT1733,,146,mg/dL,2026-08-14,COBAS-501,A. Deshmukh,LP-2026-08-P05,TRUE
Total Cholesterol,P1734,PATIENT,,PAT1734,,168,mg/dL,2026-08-15,COBAS-702,R. Patel,LP-2026-08-P06,TRUE
Total Cholesterol,P1735,PATIENT,,PAT1735,,197,mg/dL,2026-08-10,COBAS-501,A. Deshmukh,LP-2026-08-P07,TRUE
Total Cholesterol,P1736,PATIENT,,PAT1736,,214,mg/dL,2026-08-11,COBAS-702,R. Patel,LP-2026-08-P08,TRUE
Total Cholesterol,P1737,PATIENT,,PAT1737,,----,mg/dL,2026-08-12,COBAS-501,A. Deshmukh,LP-2026-08-P09,FALSE
Total Cholesterol,P1738,PATIENT,,PAT1738,,187,mg/dL,2026-08-13,COBAS-702,R. Patel,LP-2026-08-P10,TRUE
Total Cholesterol,P1739,PATIENT,,PAT1739,,156,mg/dL,2026-08-14,COBAS-501,A. Deshmukh,LP-2026-08-P11,TRUE
Total Cholesterol,P1740,PATIENT,,PAT1740,,211,mg/dL,2026-08-15,COBAS-702,R. Patel,LP-2026-08-P12,TRUE
Total Cholesterol,P1741,PATIENT,,PAT1741,,216,mg/dL,2026-08-10,COBAS-501,A. Deshmukh,LP-2026-08-P01,TRUE
Total Cholesterol,P1742,PATIENT,,PAT1742,,363,mg/dL,2026-08-11,COBAS-702,R. Patel,LP-2026-08-P02,TRUE
Total Cholesterol,P1743,PATIENT,,PAT1743,,224,mg/dL,2026-08-12,COBAS-501,A. Deshmukh,LP-2026-08-P03,TRUE
Total Cholesterol,P1744,PATIENT,,PAT1744,,222,mg/dL,2026-08-13,COBAS-702,R. Patel,LP-2026-08-P04,TRUE
Total Cholesterol,P1745,PATIENT,,PAT1745,,120,mg/dL,2026-08-14,COBAS-501,A. Deshmukh,LP-2026-08-P05,TRUE
Total Cholesterol,P1746,PATIENT,,PAT1746,,156,mg/dL,2026-08-15,COBAS-702,R. Patel,LP-2026-08-P06,TRUE
Total Cholesterol,P1747,PATIENT,,PAT1747,,69,mg/dL,2026-08-10,COBAS-501,A. Deshmukh,LP-2026-08-P07,FALSE
Total Cholesterol,P1748,PATIENT,,PAT1748,,151,mg/dL,2026-08-11,COBAS-702,R. Patel,LP-2026-08-P08,TRUE
Total Cholesterol,P1749,PATIENT,,PAT1749,,131,mg/dL,2026-08-12,COBAS-501,A. Deshmukh,LP-2026-08-P09,TRUE
Total Cholesterol,P1750,PATIENT,,PAT1750,,366,mg/dL,2026-08-13,COBAS-702,R. Patel,LP-2026-08-P10,TRUE
Total Cholesterol,P1751,PATIENT,,PAT1751,,207,mg/dL,2026-08-14,COBAS-501,A. Deshmukh,LP-2026-08-P11,TRUE
Total Cholesterol,P1752,PATIENT,,PAT1752,,194,mg/dL,2026-08-15,COBAS-702,R. Patel,LP-2026-08-P12,TRUE
Total Cholesterol,P1753,PATIENT,,PAT1753,,169,mg/dL,2026-08-10,COBAS-501,A. Deshmukh,LP-2026-08-P01,TRUE
Total Cholesterol,P1754,PATIENT,,PAT1754,,415,mg/dL,2026-08-11,COBAS-702,R. Patel,LP-2026-08-P02,TRUE
Total Cholesterol,P1755,PATIENT,,PAT1755,,162,mg/dL,2026-08-12,COBAS-501,A. Deshmukh,LP-2026-08-P03,TRUE
Total Cholesterol,P1756,PATIENT,,PAT1756,,247,mg/dL,2026-08-13,COBAS-702,R. Patel,LP-2026-08-P04,TRUE
Total Cholesterol,P1757,PATIENT,,PAT1757,,197,mg/dL,2026-08-14,COBAS-501,A. Deshmukh,LP-2026-08-P05,TRUE
Total Cholesterol,P1758,PATIENT,,PAT1758,,148,mg/dL,2026-08-15,COBAS-702,R. Patel,LP-2026-08-P06,TRUE
Total Cholesterol,P1759,PATIENT,,PAT1759,,227,mg/dL,2026-08-10,COBAS-501,A. Deshmukh,LP-2026-08-P07,TRUE
Total Cholesterol,P1760,PATIENT,,PAT1760,,209,mg/dL,2026-08-11,COBAS-702,R. Patel,LP-2026-08-P08,TRUE
Total Cholesterol,P1761,PATIENT,,PAT1761,,152,mg/dL,2026-08-12,COBAS-501,A. Deshmukh,LP-2026-08-P09,TRUE
Total Cholesterol,P1762,PATIENT,,PAT1762,,172,mg/dL,2026-08-13,COBAS-702,R. Patel,LP-2026-08-P10,TRUE
Total Cholesterol,P1763,PATIENT,,PAT1763,,67,mg/dL,2026-08-14,COBAS-501,A. Deshmukh,LP-2026-08-P11,TRUE
Total Cholesterol,P1764,PATIENT,,PAT1764,,214,mg/dL,2026-08-15,COBAS-702,R. Patel,LP-2026-08-P12,TRUE
Total Cholesterol,P1765,PATIENT,,PAT1765,,366,mg/dL,2026-08-10,COBAS-501,A. Deshmukh,LP-2026-08-P01,TRUE
Total Cholesterol,P1766,PATIENT,,PAT1766,,165,mg/dL,2026-08-11,COBAS-702,R. Patel,LP-2026-08-P02,TRUE
Total Cholesterol,P1767,PATIENT,,PAT1767,,206,mg/dL,2026-08-12,COBAS-501,A. Deshmukh,LP-2026-08-P03,TRUE
Total Cholesterol,P1768,PATIENT,,PAT1768,,217,mg/dL,2026-08-13,COBAS-702,R. Patel,LP-2026-08-P04,TRUE
Total Cholesterol,P1769,PATIENT,,PAT1769,,159,mg/dL,2026-08-14,COBAS-501,A. Deshmukh,LP-2026-08-P05,TRUE
Total Cholesterol,P1770,PATIENT,,PAT1770,,173,mg/dL,2026-08-15,COBAS-702,R. Patel,LP-2026-08-P06,TRUE
Total Cholesterol,P1771,PATIENT,,PAT1771,,177,mg/dL,2026-08-10,COBAS-501,A. Deshmukh,LP-2026-08-P07,TRUE
Total Cholesterol,P1772,PATIENT,,PAT1772,,268,mg/dL,2026-08-11,COBAS-702,R. Patel,LP-2026-08-P08,TRUE
Total Cholesterol,P1773,PATIENT,,PAT1773,,218,mg/dL,2026-08-12,COBAS-501,A. Deshmukh,LP-2026-08-P09,TRUE
Total Cholesterol,P1774,PATIENT,,PAT1774,,176,mg/dL,2026-08-13,COBAS-702,R. Patel,LP-2026-08-P10,TRUE
Total Cholesterol,P1775,PATIENT,,PAT1775,,222,mg/dL,2026-08-14,COBAS-501,A. Deshmukh,LP-2026-08-P11,TRUE
Total Cholesterol,P1776,PATIENT,,PAT1776,,190,mg/dL,2026-08-15,COBAS-702,R. Patel,LP-2026-08-P12,TRUE
Total Cholesterol,P1777,PATIENT,,PAT1777,,178,mg/dL,2026-08-10,COBAS-501,A. Deshmukh,LP-2026-08-P01,TRUE
Total Cholesterol,P1778,PATIENT,,PAT1778,,207,mg/dL,2026-08-11,COBAS-702,R. Patel,LP-2026-08-P02,TRUE
Total Cholesterol,P1779,PATIENT,,PAT1779,,186,mg/dL,2026-08-12,COBAS-501,A. Deshmukh,LP-2026-08-P03,TRUE
Total Cholesterol,P1780,PATIENT,,PAT1780,,124,mg/dL,2026-08-13,COBAS-702,R. Patel,LP-2026-08-P04,TRUE
Total Cholesterol,P1781,PATIENT,,PAT1781,,151,mg/dL,2026-08-14,COBAS-501,A. Deshmukh,LP-2026-08-P05,TRUE
Total Cholesterol,P1782,PATIENT,,PAT1782,,179,mg/dL,2026-08-15,COBAS-702,R. Patel,LP-2026-08-P06,TRUE
Total Cholesterol,P1783,PATIENT,,PAT1783,,150,mg/dL,2026-08-10,COBAS-501,A. Deshmukh,LP-2026-08-P07,TRUE
Total Cholesterol,P1784,PATIENT,,PAT1784,,153,mg/dL,2026-08-11,COBAS-702,R. Patel,LP-2026-08-P08,TRUE
Total Cholesterol,P1785,PATIENT,,PAT1785,,193,mg/dL,2026-08-12,COBAS-501,A. Deshmukh,LP-2026-08-P09,TRUE
Total Cholesterol,P1786,PATIENT,,PAT1786,,212,mg/dL,2026-08-13,COBAS-702,R. Patel,LP-2026-08-P10,TRUE
Total Cholesterol,P1787,PATIENT,,PAT1787,,157,mg/dL,2026-08-14,COBAS-501,A. Deshmukh,LP-2026-08-P11,TRUE
Total Cholesterol,P1788,PATIENT,,PAT1788,,104,mg/dL,2026-08-15,COBAS-702,R. Patel,LP-2026-08-P12,TRUE
Total Cholesterol,P1789,PATIENT,,PAT1789,,240,mg/dL,2026-08-10,COBAS-501,A. Deshmukh,LP-2026-08-P01,TRUE
Total Cholesterol,P1790,PATIENT,,PAT1790,,216,mg/dL,2026-08-11,COBAS-702,R. Patel,LP-2026-08-P02,TRUE
Total Cholesterol,P1791,PATIENT,,PAT1791,,149,mg/dL,2026-08-12,COBAS-501,A. Deshmukh,LP-2026-08-P03,TRUE
Total Cholesterol,P1792,PATIENT,,PAT1792,,189,mg/dL,2026-08-13,COBAS-702,R. Patel,LP-2026-08-P04,TRUE
Total Cholesterol,P1793,PATIENT,,PAT1793,,145,mg/dL,2026-08-14,COBAS-501,A. Deshmukh,LP-2026-08-P05,TRUE
Total Cholesterol,P1794,PATIENT,,PAT1794,,418,mg/dL,2026-08-15,COBAS-702,R. Patel,LP-2026-08-P06,TRUE
Total Cholesterol,P1795,PATIENT,,PAT1795,,266,mg/dL,2026-08-10,COBAS-501,A. Deshmukh,LP-2026-08-P07,TRUE
Total Cholesterol,P1796,PATIENT,,PAT1796,,87,mg/dL,2026-08-11,COBAS-702,R. Patel,LP-2026-08-P08,TRUE
Total Cholesterol,P1797,PATIENT,,PAT1797,,156,mg/dL,2026-08-12,COBAS-501,A. Deshmukh,LP-2026-08-P09,TRUE
Total Cholesterol,P1798,PATIENT,,PAT1798,,149,mg/dL,2026-08-13,COBAS-702,R. Patel,LP-2026-08-P10,TRUE
Total Cholesterol,P1799,PATIENT,,PAT1799,,191,mg/dL,2026-08-14,COBAS-501,A. Deshmukh,LP-2026-08-P11,TRUE
Total Cholesterol,P1800,PATIENT,,PAT1800,,104,mg/dL,2026-08-15,COBAS-702,R. Patel,LP-2026-08-P12,TRUE
Total Cholesterol,P1801,PATIENT,,PAT1801,,163,mg/dL,2026-08-10,COBAS-501,A. Deshmukh,LP-2026-08-P01,TRUE
Total Cholesterol,P1802,PATIENT,,PAT1802,,149,mg/dL,2026-08-11,COBAS-702,R. Patel,LP-2026-08-P02,TRUE
Total Cholesterol,P1803,PATIENT,,PAT1803,,181,mg/dL,2026-08-12,COBAS-501,A. Deshmukh,LP-2026-08-P03,TRUE
Total Cholesterol,P1804,PATIENT,,PAT1804,,122,mg/dL,2026-08-13,COBAS-702,R. Patel,LP-2026-08-P04,TRUE
Total Cholesterol,P1805,PATIENT,,PAT1805,,165,mg/dL,2026-08-14,COBAS-501,A. Deshmukh,LP-2026-08-P05,TRUE
Total Cholesterol,P1806,PATIENT,,PAT1806,,141,mg/dL,2026-08-15,COBAS-702,R. Patel,LP-2026-08-P06,TRUE
Total Cholesterol,P1807,PATIENT,,PAT1807,,204,mg/dL,2026-08-10,COBAS-501,A. Deshmukh,LP-2026-08-P07,TRUE
Total Cholesterol,P1808,PATIENT,,PAT1808,,268,mg/dL,2026-08-11,COBAS-702,R. Patel,LP-2026-08-P08,TRUE
Total Cholesterol,P1809,PATIENT,,PAT1809,,185,mg/dL,2026-08-12,COBAS-501,A. Deshmukh,LP-2026-08-P09,TRUE
Total Cholesterol,P1810,PATIENT,,PAT1810,,184,mg/dL,2026-08-13,COBAS-702,R. Patel,LP-2026-08-P10,TRUE
Total Cholesterol,P1811,PATIENT,,PAT1811,,158,mg/dL,2026-08-14,COBAS-501,A. Deshmukh,LP-2026-08-P11,TRUE
Total Cholesterol,P1812,PATIENT,,PAT1812,,202,mg/dL,2026-08-15,COBAS-702,R. Patel,LP-2026-08-P12,TRUE
Total Cholesterol,P1813,PATIENT,,PAT1813,,230,mg/dL,2026-08-10,COBAS-501,A. Deshmukh,LP-2026-08-P01,TRUE
Total Cholesterol,P1814,PATIENT,,PAT1814,,157,mg/dL,2026-08-11,COBAS-702,R. Patel,LP-2026-08-P02,TRUE
Total Cholesterol,P1815,PATIENT,,PAT1815,,262,mg/dL,2026-08-12,COBAS-501,A. Deshmukh,LP-2026-08-P03,TRUE
Total Cholesterol,P1816,PATIENT,,PAT1816,,196,mg/dL,2026-08-13,COBAS-702,R. Patel,LP-2026-08-P04,TRUE
Total Cholesterol,P1817,PATIENT,,PAT1817,,215,mg/dL,2026-08-14,COBAS-501,A. Deshmukh,LP-2026-08-P05,TRUE
Total Cholesterol,P1818,PATIENT,,PAT1818,,141,mg/dL,2026-08-15,COBAS-702,R. Patel,LP-2026-08-P06,TRUE
Total Cholesterol,P1819,PATIENT,,PAT1819,,226,mg/dL,2026-08-10,COBAS-501,A. Deshmukh,LP-2026-08-P07,TRUE
Total Cholesterol,P1820,PATIENT,,PAT1820,,121,mg/dL,2026-08-11,COBAS-702,R. Patel,LP-2026-08-P08,TRUE
Total Cholesterol,P1821,PATIENT,,PAT1821,,89,mg/dL,2026-08-12,COBAS-501,A. Deshmukh,LP-2026-08-P09,TRUE
Total Cholesterol,P1822,PATIENT,,PAT1822,,196,mg/dL,2026-08-13,COBAS-702,R. Patel,LP-2026-08-P10,TRUE
Total Cholesterol,P1823,PATIENT,,PAT1823,,229,mg/dL,2026-08-14,COBAS-501,A. Deshmukh,LP-2026-08-P11,TRUE
Total Cholesterol,P1824,PATIENT,,PAT1824,,153,mg/dL,2026-08-15,COBAS-702,R. Patel,LP-2026-08-P12,TRUE
Total Cholesterol,P1825,PATIENT,,PAT1825,,249,mg/dL,2026-08-10,COBAS-501,A. Deshmukh,LP-2026-08-P01,TRUE
Total Cholesterol,P1826,PATIENT,,PAT1826,,212,mg/dL,2026-08-11,COBAS-702,R. Patel,LP-2026-08-P02,TRUE
Total Cholesterol,P1827,PATIENT,,PAT1827,,198,mg/dL,2026-08-12,COBAS-501,A. Deshmukh,LP-2026-08-P03,TRUE
Total Cholesterol,P1828,PATIENT,,PAT1828,,246,mg/dL,2026-08-13,COBAS-702,R. Patel,LP-2026-08-P04,TRUE
Total Cholesterol,P1829,PATIENT,,PAT1829,,175,mg/dL,2026-08-14,COBAS-501,A. Deshmukh,LP-2026-08-P05,TRUE
Total Cholesterol,P1830,PATIENT,,PAT1830,,201,mg/dL,2026-08-15,COBAS-702,R. Patel,LP-2026-08-P06,TRUE
Total Cholesterol,P1831,PATIENT,,PAT1831,,215,mg/dL,2026-08-10,COBAS-501,A. Deshmukh,LP-2026-08-P07,TRUE
Total Cholesterol,P1832,PATIENT,,PAT1832,,190,mg/dL,2026-08-11,COBAS-702,R. Patel,LP-2026-08-P08,TRUE
Total Cholesterol,P1833,PATIENT,,PAT1833,,155,mg/dL,2026-08-12,COBAS-501,A. Deshmukh,LP-2026-08-P09,TRUE
Total Cholesterol,P1834,PATIENT,,PAT1834,,231,mg/dL,2026-08-13,COBAS-702,R. Patel,LP-2026-08-P10,TRUE
Total Cholesterol,P1835,PATIENT,,PAT1835,,406,mg/dL,2026-08-14,COBAS-501,A. Deshmukh,LP-2026-08-P11,TRUE
Total Cholesterol,P1836,PATIENT,,PAT1836,,72,mg/dL,2026-08-15,COBAS-702,R. Patel,LP-2026-08-P12,TRUE
Total Cholesterol,P1837,PATIENT,,PAT1837,,151,mg/dL,2026-08-10,COBAS-501,A. Deshmukh,LP-2026-08-P01,TRUE
Total Cholesterol,P1838,PATIENT,,PAT1838,,----,mg/dL,2026-08-11,COBAS-702,R. Patel,LP-2026-08-P02,FALSE
Total Cholesterol,P1839,PATIENT,,PAT1839,,179,mg/dL,2026-08-12,COBAS-501,A. Deshmukh,LP-2026-08-P03,TRUE
Total Cholesterol,P1840,PATIENT,,PAT1840,,345,mg/dL,2026-08-13,COBAS-702,R. Patel,LP-2026-08-P04,TRUE
Triglycerides,C001,CONTROL,L1,,42.0,41.6,mg/dL,2026-08-10,COBAS-501,A. Deshmukh,LP-2026-08-C01,TRUE
Triglycerides,C002,CONTROL,L2,,84.0,83.9,mg/dL,2026-08-11,COBAS-702,R. Patel,LP-2026-08-C02,TRUE
Triglycerides,C003,CONTROL,L1,,42.0,41.4,mg/dL,2026-08-12,COBAS-501,A. Deshmukh,LP-2026-08-C03,TRUE
Triglycerides,C004,CONTROL,L2,,84.0,84.7,mg/dL,2026-08-13,COBAS-702,R. Patel,LP-2026-08-C01,TRUE
Triglycerides,C005,CONTROL,L1,,42.0,42.5,mg/dL,2026-08-14,COBAS-501,A. Deshmukh,LP-2026-08-C02,TRUE
Triglycerides,C006,CONTROL,L2,,84.0,83.5,mg/dL,2026-08-10,COBAS-702,R. Patel,LP-2026-08-C03,TRUE
Triglycerides,C007,CONTROL,L1,,42.0,41.6,mg/dL,2026-08-11,COBAS-501,A. Deshmukh,LP-2026-08-C01,TRUE
Triglycerides,C008,CONTROL,L2,,84.0,83.2,mg/dL,2026-08-12,COBAS-702,R. Patel,LP-2026-08-C02,TRUE
Triglycerides,C009,CONTROL,L1,,42.0,42.3,mg/dL,2026-08-13,COBAS-501,A. Deshmukh,LP-2026-08-C03,TRUE
Triglycerides,C010,CONTROL,L2,,84.0,83.2,mg/dL,2026-08-14,COBAS-702,R. Patel,LP-2026-08-C01,TRUE
Triglycerides,C011,CONTROL,L1,,42.0,42.4,mg/dL,2026-08-10,COBAS-501,A. Deshmukh,LP-2026-08-C02,TRUE
Triglycerides,C012,CONTROL,L2,,84.0,83.3,mg/dL,2026-08-11,COBAS-702,R. Patel,LP-2026-08-C03,TRUE
Triglycerides,C013,CONTROL,L1,,42.0,42.0,mg/dL,2026-08-12,COBAS-501,A. Deshmukh,LP-2026-08-C01,TRUE
Triglycerides,C014,CONTROL,L2,,84.0,83.1,mg/dL,2026-08-13,COBAS-702,R. Patel,LP-2026-08-C02,TRUE
Triglycerides,C015,CONTROL,L1,,42.0,42.0,mg/dL,2026-08-14,COBAS-501,A. Deshmukh,LP-2026-08-C03,TRUE
Triglycerides,C016,CONTROL,L2,,84.0,84.2,mg/dL,2026-08-10,COBAS-702,R. Patel,LP-2026-08-C01,TRUE
Triglycerides,CAL001,CALIBRATION,L1,,35.0,34.6,mg/dL,2026-08-10,COBAS-501,R. Patel,LP-2026-08-K01,TRUE
Triglycerides,CAL002,CALIBRATION,L2,,70.0,70.7,mg/dL,2026-08-11,COBAS-702,A. Deshmukh,LP-2026-08-K02,TRUE
Triglycerides,CAL003,CALIBRATION,L3,,105.0,104.4,mg/dL,2026-08-12,COBAS-501,R. Patel,LP-2026-08-K01,TRUE
Triglycerides,CAL004,CALIBRATION,L1,,35.0,35.0,mg/dL,2026-08-13,COBAS-702,A. Deshmukh,LP-2026-08-K02,TRUE
Triglycerides,CAL005,CALIBRATION,L2,,70.0,69.9,mg/dL,2026-08-10,COBAS-501,R. Patel,LP-2026-08-K01,TRUE
Triglycerides,CAL006,CALIBRATION,L3,,105.0,104.8,mg/dL,2026-08-11,COBAS-702,A. Deshmukh,LP-2026-08-K02,TRUE
Triglycerides,CAL007,CALIBRATION,L1,,35.0,34.8,mg/dL,2026-08-12,COBAS-501,R. Patel,LP-2026-08-K01,TRUE
Triglycerides,CAL008,CALIBRATION,L2,,70.0,69.5,mg/dL,2026-08-13,COBAS-702,A. Deshmukh,LP-2026-08-K02,TRUE
Triglycerides,CAL009,CALIBRATION,L3,,105.0,103.9,mg/dL,2026-08-10,COBAS-501,R. Patel,LP-2026-08-K01,TRUE
Triglycerides,P0001,PATIENT,,PAT0001,,65,mg/dL,2026-08-10,COBAS-501,A. Deshmukh,LP-2026-08-P01,FALSE
Triglycerides,P0002,PATIENT,,PAT0002,,78,mg/dL,2026-08-11,COBAS-702,R. Patel,LP-2026-08-P02,TRUE
Triglycerides,P0003,PATIENT,,PAT0003,,69,mg/dL,2026-08-12,COBAS-501,A. Deshmukh,LP-2026-08-P03,TRUE
Triglycerides,P0004,PATIENT,,PAT0004,,101,mg/dL,2026-08-13,COBAS-702,R. Patel,LP-2026-08-P04,TRUE
Triglycerides,P0005,PATIENT,,PAT0005,,65,mg/dL,2026-08-14,COBAS-501,A. Deshmukh,LP-2026-08-P05,TRUE
Triglycerides,P0006,PATIENT,,PAT0006,,66,mg/dL,2026-08-15,COBAS-702,R. Patel,LP-2026-08-P06,TRUE
Triglycerides,P0007,PATIENT,,PAT0007,,70,mg/dL,2026-08-10,COBAS-501,A. Deshmukh,LP-2026-08-P07,TRUE
Triglycerides,P0008,PATIENT,,PAT0008,,73,mg/dL,2026-08-11,COBAS-702,R. Patel,LP-2026-08-P08,TRUE
Triglycerides,P0009,PATIENT,,PAT0009,,59,mg/dL,2026-08-12,COBAS-501,A. Deshmukh,LP-2026-08-P09,TRUE
Triglycerides,P0010,PATIENT,,PAT0010,,78,mg/dL,2026-08-13,COBAS-702,R. Patel,LP-2026-08-P10,TRUE
Triglycerides,P0011,PATIENT,,PAT0011,,61,mg/dL,2026-08-14,COBAS-501,A. Deshmukh,LP-2026-08-P11,TRUE
Triglycerides,P0012,PATIENT,,PAT0012,,57,mg/dL,2026-08-15,COBAS-702,R. Patel,LP-2026-08-P12,TRUE
Triglycerides,P0013,PATIENT,,PAT0013,,55,mg/dL,2026-08-10,COBAS-501,A. Deshmukh,LP-2026-08-P01,TRUE
Triglycerides,P0014,PATIENT,,PAT0014,,115,mg/dL,2026-08-11,COBAS-702,R. Patel,LP-2026-08-P02,TRUE
Triglycerides,P0015,PATIENT,,PAT0015,,133,mg/dL,2026-08-12,COBAS-501,A. Deshmukh,LP-2026-08-P03,TRUE
Triglycerides,P0016,PATIENT,,PAT0016,,88,mg/dL,2026-08-13,COBAS-702,R. Patel,LP-2026-08-P04,TRUE
Triglycerides,P0017,PATIENT,,PAT0017,,71,mg/dL,2026-08-14,COBAS-501,A. Deshmukh,LP-2026-08-P05,TRUE
Triglycerides,P0018,PATIENT,,PAT0018,,70,mg/dL,2026-08-15,COBAS-702,R. Patel,LP-2026-08-P06,TRUE
Triglycerides,P0019,PATIENT,,PAT0019,,77,mg/dL,2026-08-10,COBAS-501,A. Deshmukh,LP-2026-08-P07,TRUE
Triglycerides,P0020,PATIENT,,PAT0020,,62,mg/dL,2026-08-11,COBAS-702,R. Patel,LP-2026-08-P08,TRUE
Triglycerides,P0021,PATIENT,,PAT0021,,66,mg/dL,2026-08-12,COBAS-501,A. Deshmukh,LP-2026-08-P09,TRUE
Triglycerides,P0022,PATIENT,,PAT0022,,74,mg/dL,2026-08-13,COBAS-702,R. Patel,LP-2026-08-P10,TRUE
Triglycerides,P0023,PATIENT,,PAT0023,,60,mg/dL,2026-08-14,COBAS-501,A. Deshmukh,LP-2026-08-P11,TRUE
Triglycerides,P0024,PATIENT,,PAT0024,,63,mg/dL,2026-08-15,COBAS-702,R. Patel,LP-2026-08-P12,TRUE
Triglycerides,P0025,PATIENT,,PAT0025,,47,mg/dL,2026-08-10,COBAS-501,A. Deshmukh,LP-2026-08-P01,TRUE
Triglycerides,P0026,PATIENT,,PAT0026,,71,mg/dL,2026-08-11,COBAS-702,R. Patel,LP-2026-08-P02,TRUE
Triglycerides,P0027,PATIENT,,PAT0027,,83,mg/dL,2026-08-12,COBAS-501,A. Deshmukh,LP-2026-08-P03,TRUE
Triglycerides,P0028,PATIENT,,PAT0028,,60,mg/dL,2026-08-13,COBAS-702,R. Patel,LP-2026-08-P04,TRUE
Triglycerides,P0029,PATIENT,,PAT0029,,66,mg/dL,2026-08-14,COBAS-501,A. Deshmukh,LP-2026-08-P05,TRUE
Triglycerides,P0030,PATIENT,,PAT0030,,74,mg/dL,2026-08-15,COBAS-702,R. Patel,LP-2026-08-P06,TRUE
Triglycerides,P0031,PATIENT,,PAT0031,,54,mg/dL,2026-08-10,COBAS-501,A. Deshmukh,LP-2026-08-P07,TRUE
Triglycerides,P0032,PATIENT,,PAT0032,,81,mg/dL,2026-08-11,COBAS-702,R. Patel,LP-2026-08-P08,TRUE
Triglycerides,P0033,PATIENT,,PAT0033,,65,mg/dL,2026-08-12,COBAS-501,A. Deshmukh,LP-2026-08-P09,TRUE
Triglycerides,P0034,PATIENT,,PAT0034,,55,mg/dL,2026-08-13,COBAS-702,R. Patel,LP-2026-08-P10,TRUE
Triglycerides,P0035,PATIENT,,PAT0035,,60,mg/dL,2026-08-14,COBAS-501,A. Deshmukh,LP-2026-08-P11,TRUE
Triglycerides,P0036,PATIENT,,PAT0036,,67,mg/dL,2026-08-15,COBAS-702,R. Patel,LP-2026-08-P12,TRUE
Triglycerides,P0037,PATIENT,,PAT0037,,54,mg/dL,2026-08-10,COBAS-501,A. Deshmukh,LP-2026-08-P01,TRUE
Triglycerides,P0038,PATIENT,,PAT0038,,44,mg/dL,2026-08-11,COBAS-702,R. Patel,LP-2026-08-P02,TRUE
Triglycerides,P0039,PATIENT,,PAT0039,,41,mg/dL,2026-08-12,COBAS-501,A. Deshmukh,LP-2026-08-P03,TRUE
Triglycerides,P0040,PATIENT,,PAT0040,,45,mg/dL,2026-08-13,COBAS-702,R. Patel,LP-2026-08-P04,TRUE
Triglycerides,P0041,PATIENT,,PAT0041,,28,mg/dL,2026-08-14,COBAS-501,A. Deshmukh,LP-2026-08-P05,TRUE
Triglycerides,P0042,PATIENT,,PAT0042,,72,mg/dL,2026-08-15,COBAS-702,R. Patel,LP-2026-08-P06,TRUE
Triglycerides,P0043,PATIENT,,PAT0043,,61,mg/dL,2026-08-10,COBAS-501,A. Deshmukh,LP-2026-08-P07,TRUE
Triglycerides,P0044,PATIENT,,PAT0044,,67,mg/dL,2026-08-11,COBAS-702,R. Patel,LP-2026-08-P08,TRUE
Triglycerides,P0045,PATIENT,,PAT0045,,70,mg/dL,2026-08-12,COBAS-501,A. Deshmukh,LP-2026-08-P09,TRUE
Triglycerides,P0046,PATIENT,,PAT0046,,47,mg/dL,2026-08-13,COBAS-702,R. Patel,LP-2026-08-P10,TRUE
Triglycerides,P0047,PATIENT,,PAT0047,,53,mg/dL,2026-08-14,COBAS-501,A. Deshmukh,LP-2026-08-P11,TRUE
Triglycerides,P0048,PATIENT,,PAT0048,,59,mg/dL,2026-08-15,COBAS-702,R. Patel,LP-2026-08-P12,TRUE
Triglycerides,P0049,PATIENT,,PAT0049,,83,mg/dL,2026-08-10,COBAS-501,A. Deshmukh,LP-2026-08-P01,TRUE
Triglycerides,P0050,PATIENT,,PAT0050,,79,mg/dL,2026-08-11,COBAS-702,R. Patel,LP-2026-08-P02,TRUE
Triglycerides,P0051,PATIENT,,PAT0051,,88,mg/dL,2026-08-12,COBAS-501,A. Deshmukh,LP-2026-08-P03,TRUE
Triglycerides,P0052,PATIENT,,PAT0052,,101,mg/dL,2026-08-13,COBAS-702,R. Patel,LP-2026-08-P04,TRUE
Triglycerides,P0053,PATIENT,,PAT0053,,53,mg/dL,2026-08-14,COBAS-501,A. Deshmukh,LP-2026-08-P05,TRUE
Triglycerides,P0054,PATIENT,,PAT0054,,62,mg/dL,2026-08-15,COBAS-702,R. Patel,LP-2026-08-P06,TRUE
Triglycerides,P0055,PATIENT,,PAT0055,,58,mg/dL,2026-08-10,COBAS-501,A. Deshmukh,LP-2026-08-P07,TRUE
Triglycerides,P0056,PATIENT,,PAT0056,,56,mg/dL,2026-08-11,COBAS-702,R. Patel,LP-2026-08-P08,TRUE
Triglycerides,P0057,PATIENT,,PAT0057,,46,mg/dL,2026-08-12,COBAS-501,A. Deshmukh,LP-2026-08-P09,TRUE
Triglycerides,P0058,PATIENT,,PAT0058,,94,mg/dL,2026-08-13,COBAS-702,R. Patel,LP-2026-08-P10,TRUE
Triglycerides,P0059,PATIENT,,PAT0059,,129,mg/dL,2026-08-14,COBAS-501,A. Deshmukh,LP-2026-08-P11,TRUE
Triglycerides,P0060,PATIENT,,PAT0060,,71,mg/dL,2026-08-15,COBAS-702,R. Patel,LP-2026-08-P12,TRUE
Triglycerides,P0061,PATIENT,,PAT0061,,52,mg/dL,2026-08-10,COBAS-501,A. Deshmukh,LP-2026-08-P01,TRUE
Triglycerides,P0062,PATIENT,,PAT0062,,70,mg/dL,2026-08-11,COBAS-702,R. Patel,LP-2026-08-P02,TRUE
Triglycerides,P0063,PATIENT,,PAT0063,,44,mg/dL,2026-08-12,COBAS-501,A. Deshmukh,LP-2026-08-P03,TRUE
Triglycerides,P0064,PATIENT,,PAT0064,,77,mg/dL,2026-08-13,COBAS-702,R. Patel,LP-2026-08-P04,TRUE
Triglycerides,P0065,PATIENT,,PAT0065,,57,mg/dL,2026-08-14,COBAS-501,A. Deshmukh,LP-2026-08-P05,TRUE
Triglycerides,P0066,PATIENT,,PAT0066,,66,mg/dL,2026-08-15,COBAS-702,R. Patel,LP-2026-08-P06,TRUE
Triglycerides,P0067,PATIENT,,PAT0067,,56,mg/dL,2026-08-10,COBAS-501,A. Deshmukh,LP-2026-08-P07,TRUE
Triglycerides,P0068,PATIENT,,PAT0068,,57,mg/dL,2026-08-11,COBAS-702,R. Patel,LP-2026-08-P08,TRUE
Triglycerides,P0069,PATIENT,,PAT0069,,69,mg/dL,2026-08-12,COBAS-501,A. Deshmukh,LP-2026-08-P09,TRUE
Triglycerides,P0070,PATIENT,,PAT0070,,77,mg/dL,2026-08-13,COBAS-702,R. Patel,LP-2026-08-P10,TRUE
Triglycerides,P0071,PATIENT,,PAT0071,,82,mg/dL,2026-08-14,COBAS-501,A. Deshmukh,LP-2026-08-P11,TRUE
Triglycerides,P0072,PATIENT,,PAT0072,,63,mg/dL,2026-08-15,COBAS-702,R. Patel,LP-2026-08-P12,TRUE
Triglycerides,P0073,PATIENT,,PAT0073,,63,mg/dL,2026-08-10,COBAS-501,A. Deshmukh,LP-2026-08-P01,TRUE
Triglycerides,P0074,PATIENT,,PAT0074,,62,mg/dL,2026-08-11,COBAS-702,R. Patel,LP-2026-08-P02,TRUE
Triglycerides,P0075,PATIENT,,PAT0075,,66,mg/dL,2026-08-12,COBAS-501,A. Deshmukh,LP-2026-08-P03,TRUE
Triglycerides,P0076,PATIENT,,PAT0076,,74,mg/dL,2026-08-13,COBAS-702,R. Patel,LP-2026-08-P04,TRUE
Triglycerides,P0077,PATIENT,,PAT0077,,39,mg/dL,2026-08-14,COBAS-501,A. Deshmukh,LP-2026-08-P05,TRUE
Triglycerides,P0078,PATIENT,,PAT0078,,77,mg/dL,2026-08-15,COBAS-702,R. Patel,LP-2026-08-P06,TRUE
Triglycerides,P0079,PATIENT,,PAT0079,,67,mg/dL,2026-08-10,COBAS-501,A. Deshmukh,LP-2026-08-P07,TRUE
Triglycerides,P0080,PATIENT,,PAT0080,,75,mg/dL,2026-08-11,COBAS-702,R. Patel,LP-2026-08-P08,TRUE
Triglycerides,P0081,PATIENT,,PAT0081,,75,mg/dL,2026-08-12,COBAS-501,A. Deshmukh,LP-2026-08-P09,TRUE
Triglycerides,P0082,PATIENT,,PAT0082,,22,mg/dL,2026-08-13,COBAS-702,R. Patel,LP-2026-08-P10,TRUE
Triglycerides,P0083,PATIENT,,PAT0083,,74,mg/dL,2026-08-14,COBAS-501,A. Deshmukh,LP-2026-08-P11,TRUE
Triglycerides,P0084,PATIENT,,PAT0084,,67,mg/dL,2026-08-15,COBAS-702,R. Patel,LP-2026-08-P12,TRUE
Triglycerides,P0085,PATIENT,,PAT0085,,70,mg/dL,2026-08-10,COBAS-501,A. Deshmukh,LP-2026-08-P01,TRUE
Triglycerides,P0086,PATIENT,,PAT0086,,68,mg/dL,2026-08-11,COBAS-702,R. Patel,LP-2026-08-P02,TRUE
Triglycerides,P0087,PATIENT,,PAT0087,,68,mg/dL,2026-08-12,COBAS-501,A. Deshmukh,LP-2026-08-P03,TRUE
Triglycerides,P0088,PATIENT,,PAT0088,,50,mg/dL,2026-08-13,COBAS-702,R. Patel,LP-2026-08-P04,TRUE
Triglycerides,P0089,PATIENT,,PAT0089,,62,mg/dL,2026-08-14,COBAS-501,A. Deshmukh,LP-2026-08-P05,TRUE
Triglycerides,P0090,PATIENT,,PAT0090,,86,mg/dL,2026-08-15,COBAS-702,R. Patel,LP-2026-08-P06,TRUE
Triglycerides,P0091,PATIENT,,PAT0091,,66,mg/dL,2026-08-10,COBAS-501,A. Deshmukh,LP-2026-08-P07,TRUE
Triglycerides,P0092,PATIENT,,PAT0092,,74,mg/dL,2026-08-11,COBAS-702,R. Patel,LP-2026-08-P08,TRUE
Triglycerides,P0093,PATIENT,,PAT0093,,66,mg/dL,2026-08-12,COBAS-501,A. Deshmukh,LP-2026-08-P09,TRUE
Triglycerides,P0094,PATIENT,,PAT0094,,80,mg/dL,2026-08-13,COBAS-702,R. Patel,LP-2026-08-P10,TRUE
Triglycerides,P0095,PATIENT,,PAT0095,,61,mg/dL,2026-08-14,COBAS-501,A. Deshmukh,LP-2026-08-P11,TRUE
Triglycerides,P0096,PATIENT,,PAT0096,,73,mg/dL,2026-08-15,COBAS-702,R. Patel,LP-2026-08-P12,TRUE
Triglycerides,P0097,PATIENT,,PAT0097,,82,mg/dL,2026-08-10,COBAS-501,A. Deshmukh,LP-2026-08-P01,TRUE
Triglycerides,P0098,PATIENT,,PAT0098,,73,mg/dL,2026-08-11,COBAS-702,R. Patel,LP-2026-08-P02,FALSE
Triglycerides,P0099,PATIENT,,PAT0099,,74,mg/dL,2026-08-12,COBAS-501,A. Deshmukh,LP-2026-08-P03,TRUE
Triglycerides,P0100,PATIENT,,PAT0100,,70,mg/dL,2026-08-13,COBAS-702,R. Patel,LP-2026-08-P04,TRUE
Triglycerides,P0101,PATIENT,,PAT0101,,53,mg/dL,2026-08-14,COBAS-501,A. Deshmukh,LP-2026-08-P05,TRUE
Triglycerides,P0102,PATIENT,,PAT0102,,81,mg/dL,2026-08-15,COBAS-702,R. Patel,LP-2026-08-P06,TRUE
Triglycerides,P0103,PATIENT,,PAT0103,,64,mg/dL,2026-08-10,COBAS-501,A. Deshmukh,LP-2026-08-P07,TRUE
Triglycerides,P0104,PATIENT,,PAT0104,,67,mg/dL,2026-08-11,COBAS-702,R. Patel,LP-2026-08-P08,TRUE
Triglycerides,P0105,PATIENT,,PAT0105,,29,mg/dL,2026-08-12,COBAS-501,A. Deshmukh,LP-2026-08-P09,TRUE
Triglycerides,P0106,PATIENT,,PAT0106,,65,mg/dL,2026-08-13,COBAS-702,R. Patel,LP-2026-08-P10,TRUE
Triglycerides,P0107,PATIENT,,PAT0107,,55,mg/dL,2026-08-14,COBAS-501,A. Deshmukh,LP-2026-08-P11,TRUE
Triglycerides,P0108,PATIENT,,PAT0108,,73,mg/dL,2026-08-15,COBAS-702,R. Patel,LP-2026-08-P12,TRUE
Triglycerides,P0109,PATIENT,,PAT0109,,90,mg/dL,2026-08-10,COBAS-501,A. Deshmukh,LP-2026-08-P01,TRUE
Triglycerides,P0110,PATIENT,,PAT0110,,37,mg/dL,2026-08-11,COBAS-702,R. Patel,LP-2026-08-P02,TRUE
Triglycerides,P0111,PATIENT,,PAT0111,,60,mg/dL,2026-08-12,COBAS-501,A. Deshmukh,LP-2026-08-P03,TRUE
Triglycerides,P0112,PATIENT,,PAT0112,,78,mg/dL,2026-08-13,COBAS-702,R. Patel,LP-2026-08-P04,TRUE
Triglycerides,P0113,PATIENT,,PAT0113,,52,mg/dL,2026-08-14,COBAS-501,A. Deshmukh,LP-2026-08-P05,TRUE
Triglycerides,P0114,PATIENT,,PAT0114,,53,mg/dL,2026-08-15,COBAS-702,R. Patel,LP-2026-08-P06,TRUE
Triglycerides,P0115,PATIENT,,PAT0115,,69,mg/dL,2026-08-10,COBAS-501,A. Deshmukh,LP-2026-08-P07,TRUE
Triglycerides,P0116,PATIENT,,PAT0116,,54,mg/dL,2026-08-11,COBAS-702,R. Patel,LP-2026-08-P08,TRUE
Triglycerides,P0117,PATIENT,,PAT0117,,63,mg/dL,2026-08-12,COBAS-501,A. Deshmukh,LP-2026-08-P09,TRUE
Triglycerides,P0118,PATIENT,,PAT0118,,76,mg/dL,2026-08-13,COBAS-702,R. Patel,LP-2026-08-P10,TRUE
Triglycerides,P0119,PATIENT,,PAT0119,,139,mg/dL,2026-08-14,COBAS-501,A. Deshmukh,LP-2026-08-P11,TRUE
Triglycerides,P0120,PATIENT,,PAT0120,,57,mg/dL,2026-08-15,COBAS-702,R. Patel,LP-2026-08-P12,TRUE
Triglycerides,P0121,PATIENT,,PAT0121,,68,mg/dL,2026-08-10,COBAS-501,A. Deshmukh,LP-2026-08-P01,TRUE
Triglycerides,P0122,PATIENT,,PAT0122,,87,mg/dL,2026-08-11,COBAS-702,R. Patel,LP-2026-08-P02,TRUE
Triglycerides,P0123,PATIENT,,PAT0123,,49,mg/dL,2026-08-12,COBAS-501,A. Deshmukh,LP-2026-08-P03,TRUE
Triglycerides,P0124,PATIENT,,PAT0124,,62,mg/dL,2026-08-13,COBAS-702,R. Patel,LP-2026-08-P04,TRUE
Triglycerides,P0125,PATIENT,,PAT0125,,58,mg/dL,2026-08-14,COBAS-501,A. Deshmukh,LP-2026-08-P05,TRUE
Triglycerides,P0126,PATIENT,,PAT0126,,69,mg/dL,2026-08-15,COBAS-702,R. Patel,LP-2026-08-P06,TRUE
Triglycerides,P0127,PATIENT,,PAT0127,,63,mg/dL,2026-08-10,COBAS-501,A. Deshmukh,LP-2026-08-P07,TRUE
Triglycerides,P0128,PATIENT,,PAT0128,,94,mg/dL,2026-08-11,COBAS-702,R. Patel,LP-2026-08-P08,TRUE
Triglycerides,P0129,PATIENT,,PAT0129,,72,mg/dL,2026-08-12,COBAS-501,A. Deshmukh,LP-2026-08-P09,TRUE
Triglycerides,P0130,PATIENT,,PAT0130,,72,mg/dL,2026-08-13,COBAS-702,R. Patel,LP-2026-08-P10,TRUE
Triglycerides,P0131,PATIENT,,PAT0131,,70,mg/dL,2026-08-14,COBAS-501,A. Deshmukh,LP-2026-08-P11,TRUE
Triglycerides,P0132,PATIENT,,PAT0132,,82,mg/dL,2026-08-15,COBAS-702,R. Patel,LP-2026-08-P12,TRUE
Triglycerides,P0133,PATIENT,,PAT0133,,68,mg/dL,2026-08-10,COBAS-501,A. Deshmukh,LP-2026-08-P01,TRUE
Triglycerides,P0134,PATIENT,,PAT0134,,84,mg/dL,2026-08-11,COBAS-702,R. Patel,LP-2026-08-P02,TRUE
Triglycerides,P0135,PATIENT,,PAT0135,,74,mg/dL,2026-08-12,COBAS-501,A. Deshmukh,LP-2026-08-P03,TRUE
Triglycerides,P0136,PATIENT,,PAT0136,,71,mg/dL,2026-08-13,COBAS-702,R. Patel,LP-2026-08-P04,TRUE
Triglycerides,P0137,PATIENT,,PAT0137,,64,mg/dL,2026-08-14,COBAS-501,A. Deshmukh,LP-2026-08-P05,TRUE
Triglycerides,P0138,PATIENT,,PAT0138,,63,mg/dL,2026-08-15,COBAS-702,R. Patel,LP-2026-08-P06,TRUE
Triglycerides,P0139,PATIENT,,PAT0139,,32,mg/dL,2026-08-10,COBAS-501,A. Deshmukh,LP-2026-08-P07,TRUE
Triglycerides,P0140,PATIENT,,PAT0140,,62,mg/dL,2026-08-11,COBAS-702,R. Patel,LP-2026-08-P08,TRUE
Triglycerides,P0141,PATIENT,,PAT0141,,59,mg/dL,2026-08-12,COBAS-501,A. Deshmukh,LP-2026-08-P09,TRUE
Triglycerides,P0142,PATIENT,,PAT0142,,65,mg/dL,2026-08-13,COBAS-702,R. Patel,LP-2026-08-P10,TRUE
Triglycerides,P0143,PATIENT,,PAT0143,,77,mg/dL,2026-08-14,COBAS-501,A. Deshmukh,LP-2026-08-P11,TRUE
Triglycerides,P0144,PATIENT,,PAT0144,,50,mg/dL,2026-08-15,COBAS-702,R. Patel,LP-2026-08-P12,TRUE
Triglycerides,P0145,PATIENT,,PAT0145,,74,mg/dL,2026-08-10,COBAS-501,A. Deshmukh,LP-2026-08-P01,TRUE
Triglycerides,P0146,PATIENT,,PAT0146,,144,mg/dL,2026-08-11,COBAS-702,R. Patel,LP-2026-08-P02,TRUE
Triglycerides,P0147,PATIENT,,PAT0147,,54,mg/dL,2026-08-12,COBAS-501,A. Deshmukh,LP-2026-08-P03,TRUE
Triglycerides,P0148,PATIENT,,PAT0148,,80,mg/dL,2026-08-13,COBAS-702,R. Patel,LP-2026-08-P04,TRUE
Triglycerides,P0149,PATIENT,,PAT0149,,75,mg/dL,2026-08-14,COBAS-501,A. Deshmukh,LP-2026-08-P05,TRUE
Triglycerides,P0150,PATIENT,,PAT0150,,75,mg/dL,2026-08-15,COBAS-702,R. Patel,LP-2026-08-P06,TRUE
Triglycerides,P0151,PATIENT,,PAT0151,,63,mg/dL,2026-08-10,COBAS-501,A. Deshmukh,LP-2026-08-P07,TRUE
Triglycerides,P0152,PATIENT,,PAT0152,,51,mg/dL,2026-08-11,COBAS-702,R. Patel,LP-2026-08-P08,TRUE
Triglycerides,P0153,PATIENT,,PAT0153,,73,mg/dL,2026-08-12,COBAS-501,A. Deshmukh,LP-2026-08-P09,TRUE
Triglycerides,P0154,PATIENT,,PAT0154,,68,mg/dL,2026-08-13,COBAS-702,R. Patel,LP-2026-08-P10,TRUE
Triglycerides,P0155,PATIENT,,PAT0155,,42,mg/dL,2026-08-14,COBAS-501,A. Deshmukh,LP-2026-08-P11,TRUE
Triglycerides,P0156,PATIENT,,PAT0156,,59,mg/dL,2026-08-15,COBAS-702,R. Patel,LP-2026-08-P12,TRUE
Triglycerides,P0157,PATIENT,,PAT0157,,76,mg/dL,2026-08-10,COBAS-501,A. Deshmukh,LP-2026-08-P01,TRUE
Triglycerides,P0158,PATIENT,,PAT0158,,56,mg/dL,2026-08-11,COBAS-702,R. Patel,LP-2026-08-P02,TRUE
Triglycerides,P0159,PATIENT,,PAT0159,,69,mg/dL,2026-08-12,COBAS-501,A. Deshmukh,LP-2026-08-P03,TRUE
Triglycerides,P0160,PATIENT,,PAT0160,,75,mg/dL,2026-08-13,COBAS-702,R. Patel,LP-2026-08-P04,TRUE
Triglycerides,P0161,PATIENT,,PAT0161,,72,mg/dL,2026-08-14,COBAS-501,A. Deshmukh,LP-2026-08-P05,TRUE
Triglycerides,P0162,PATIENT,,PAT0162,,82,mg/dL,2026-08-15,COBAS-702,R. Patel,LP-2026-08-P06,TRUE
Triglycerides,P0163,PATIENT,,PAT0163,,86,mg/dL,2026-08-10,COBAS-501,A. Deshmukh,LP-2026-08-P07,TRUE
Triglycerides,P0164,PATIENT,,PAT0164,,85,mg/dL,2026-08-11,COBAS-702,R. Patel,LP-2026-08-P08,TRUE
Triglycerides,P0165,PATIENT,,PAT0165,,72,mg/dL,2026-08-12,COBAS-501,A. Deshmukh,LP-2026-08-P09,TRUE
Triglycerides,P0166,PATIENT,,PAT0166,,60,mg/dL,2026-08-13,COBAS-702,R. Patel,LP-2026-08-P10,TRUE
Triglycerides,P0167,PATIENT,,PAT0167,,70,mg/dL,2026-08-14,COBAS-501,A. Deshmukh,LP-2026-08-P11,TRUE
Triglycerides,P0168,PATIENT,,PAT0168,,66,mg/dL,2026-08-15,COBAS-702,R. Patel,LP-2026-08-P12,TRUE
Triglycerides,P0169,PATIENT,,PAT0169,,81,mg/dL,2026-08-10,COBAS-501,A. Deshmukh,LP-2026-08-P01,TRUE
Triglycerides,P0170,PATIENT,,PAT0170,,68,mg/dL,2026-08-11,COBAS-702,R. Patel,LP-2026-08-P02,TRUE
Triglycerides,P0171,PATIENT,,PAT0171,,70,mg/dL,2026-08-12,COBAS-501,A. Deshmukh,LP-2026-08-P03,TRUE
Triglycerides,P0172,PATIENT,,PAT0172,,44,mg/dL,2026-08-13,COBAS-702,R. Patel,LP-2026-08-P04,TRUE
Triglycerides,P0173,PATIENT,,PAT0173,,63,mg/dL,2026-08-14,COBAS-501,A. Deshmukh,LP-2026-08-P05,TRUE
Triglycerides,P0174,PATIENT,,PAT0174,,77,mg/dL,2026-08-15,COBAS-702,R. Patel,LP-2026-08-P06,TRUE
Triglycerides,P0175,PATIENT,,PAT0175,,65,mg/dL,2026-08-10,COBAS-501,A. Deshmukh,LP-2026-08-P07,TRUE
Triglycerides,P0176,PATIENT,,PAT0176,,67,mg/dL,2026-08-11,COBAS-702,R. Patel,LP-2026-08-P08,TRUE
Triglycerides,P0177,PATIENT,,PAT0177,,22,mg/dL,2026-08-12,COBAS-501,A. Deshmukh,LP-2026-08-P09,TRUE
Triglycerides,P0178,PATIENT,,PAT0178,,67,mg/dL,2026-08-13,COBAS-702,R. Patel,LP-2026-08-P10,TRUE
Triglycerides,P0179,PATIENT,,PAT0179,,68,mg/dL,2026-08-14,COBAS-501,A. Deshmukh,LP-2026-08-P11,TRUE
Triglycerides,P0180,PATIENT,,PAT0180,,75,mg/dL,2026-08-15,COBAS-702,R. Patel,LP-2026-08-P12,TRUE
Triglycerides,P0181,PATIENT,,PAT0181,,74,mg/dL,2026-08-10,COBAS-501,A. Deshmukh,LP-2026-08-P01,TRUE
Triglycerides,P0182,PATIENT,,PAT0182,,60,mg/dL,2026-08-11,COBAS-702,R. Patel,LP-2026-08-P02,TRUE
Triglycerides,P0183,PATIENT,,PAT0183,,59,mg/dL,2026-08-12,COBAS-501,A. Deshmukh,LP-2026-08-P03,TRUE
Triglycerides,P0184,PATIENT,,PAT0184,,29,mg/dL,2026-08-13,COBAS-702,R. Patel,LP-2026-08-P04,TRUE
Triglycerides,P0185,PATIENT,,PAT0185,,70,mg/dL,2026-08-14,COBAS-501,A. Deshmukh,LP-2026-08-P05,TRUE
Triglycerides,P0186,PATIENT,,PAT0186,,37,mg/dL,2026-08-15,COBAS-702,R. Patel,LP-2026-08-P06,TRUE
Triglycerides,P0187,PATIENT,,PAT0187,,28,mg/dL,2026-08-10,COBAS-501,A. Deshmukh,LP-2026-08-P07,TRUE
Triglycerides,P0188,PATIENT,,PAT0188,,51,mg/dL,2026-08-11,COBAS-702,R. Patel,LP-2026-08-P08,TRUE
Triglycerides,P0189,PATIENT,,PAT0189,,58,mg/dL,2026-08-12,COBAS-501,A. Deshmukh,LP-2026-08-P09,TRUE
Triglycerides,P0190,PATIENT,,PAT0190,,64,mg/dL,2026-08-13,COBAS-702,R. Patel,LP-2026-08-P10,TRUE
Triglycerides,P0191,PATIENT,,PAT0191,,57,mg/dL,2026-08-14,COBAS-501,A. Deshmukh,LP-2026-08-P11,TRUE
Triglycerides,P0192,PATIENT,,PAT0192,,85,mg/dL,2026-08-15,COBAS-702,R. Patel,LP-2026-08-P12,TRUE
Triglycerides,P0193,PATIENT,,PAT0193,,70,mg/dL,2026-08-10,COBAS-501,A. Deshmukh,LP-2026-08-P01,TRUE
Triglycerides,P0194,PATIENT,,PAT0194,,67,mg/dL,2026-08-11,COBAS-702,R. Patel,LP-2026-08-P02,TRUE
Triglycerides,P0195,PATIENT,,PAT0195,,61,mg/dL,2026-08-12,COBAS-501,A. Deshmukh,LP-2026-08-P03,FALSE
Triglycerides,P0196,PATIENT,,PAT0196,,30,mg/dL,2026-08-13,COBAS-702,R. Patel,LP-2026-08-P04,TRUE
Triglycerides,P0197,PATIENT,,PAT0197,,48,mg/dL,2026-08-14,COBAS-501,A. Deshmukh,LP-2026-08-P05,TRUE
Triglycerides,P0198,PATIENT,,PAT0198,,146,mg/dL,2026-08-15,COBAS-702,R. Patel,LP-2026-08-P06,TRUE
Triglycerides,P0199,PATIENT,,PAT0199,,71,mg/dL,2026-08-10,COBAS-501,A. Deshmukh,LP-2026-08-P07,TRUE
Triglycerides,P0200,PATIENT,,PAT0200,,55,mg/dL,2026-08-11,COBAS-702,R. Patel,LP-2026-08-P08,TRUE
Triglycerides,P0201,PATIENT,,PAT0201,,82,mg/dL,2026-08-12,COBAS-501,A. Deshmukh,LP-2026-08-P09,TRUE
Triglycerides,P0202,PATIENT,,PAT0202,,67,mg/dL,2026-08-13,COBAS-702,R. Patel,LP-2026-08-P10,TRUE
Triglycerides,P0203,PATIENT,,PAT0203,,60,mg/dL,2026-08-14,COBAS-501,A. Deshmukh,LP-2026-08-P11,TRUE
Triglycerides,P0204,PATIENT,,PAT0204,,73,mg/dL,2026-08-15,COBAS-702,R. Patel,LP-2026-08-P12,TRUE
Triglycerides,P0205,PATIENT,,PAT0205,,76,mg/dL,2026-08-10,COBAS-501,A. Deshmukh,LP-2026-08-P01,TRUE
Triglycerides,P0206,PATIENT,,PAT0206,,84,mg/dL,2026-08-11,COBAS-702,R. Patel,LP-2026-08-P02,TRUE
Triglycerides,P0207,PATIENT,,PAT0207,,40,mg/dL,2026-08-12,COBAS-501,A. Deshmukh,LP-2026-08-P03,TRUE
Triglycerides,P0208,PATIENT,,PAT0208,,94,mg/dL,2026-08-13,COBAS-702,R. Patel,LP-2026-08-P04,TRUE
Triglycerides,P0209,PATIENT,,PAT0209,,37,mg/dL,2026-08-14,COBAS-501,A. Deshmukh,LP-2026-08-P05,TRUE
Triglycerides,P0210,PATIENT,,PAT0210,,28,mg/dL,2026-08-15,COBAS-702,R. Patel,LP-2026-08-P06,TRUE
Triglycerides,P0211,PATIENT,,PAT0211,,99,mg/dL,2026-08-10,COBAS-501,A. Deshmukh,LP-2026-08-P07,TRUE
Triglycerides,P0212,PATIENT,,PAT0212,,59,mg/dL,2026-08-11,COBAS-702,R. Patel,LP-2026-08-P08,TRUE
Triglycerides,P0213,PATIENT,,PAT0213,,62,mg/dL,2026-08-12,COBAS-501,A. Deshmukh,LP-2026-08-P09,TRUE
Triglycerides,P0214,PATIENT,,PAT0214,,85,mg/dL,2026-08-13,COBAS-702,R. Patel,LP-2026-08-P10,TRUE
Triglycerides,P0215,PATIENT,,PAT0215,,65,mg/dL,2026-08-14,COBAS-501,A. Deshmukh,LP-2026-08-P11,TRUE
Triglycerides,P0216,PATIENT,,PAT0216,,70,mg/dL,2026-08-15,COBAS-702,R. Patel,LP-2026-08-P12,TRUE
Triglycerides,P0217,PATIENT,,PAT0217,,51,mg/dL,2026-08-10,COBAS-501,A. Deshmukh,LP-2026-08-P01,TRUE
Triglycerides,P0218,PATIENT,,PAT0218,,67,mg/dL,2026-08-11,COBAS-702,R. Patel,LP-2026-08-P02,TRUE
Triglycerides,P0219,PATIENT,,PAT0219,,62,mg/dL,2026-08-12,COBAS-501,A. Deshmukh,LP-2026-08-P03,TRUE
Triglycerides,P0220,PATIENT,,PAT0220,,55,mg/dL,2026-08-13,COBAS-702,R. Patel,LP-2026-08-P04,TRUE
Triglycerides,P0221,PATIENT,,PAT0221,,77,mg/dL,2026-08-14,COBAS-501,A. Deshmukh,LP-2026-08-P05,TRUE
Triglycerides,P0222,PATIENT,,PAT0222,,76,mg/dL,2026-08-15,COBAS-702,R. Patel,LP-2026-08-P06,TRUE
Triglycerides,P0223,PATIENT,,PAT0223,,101,mg/dL,2026-08-10,COBAS-501,A. Deshmukh,LP-2026-08-P07,TRUE
Triglycerides,P0224,PATIENT,,PAT0224,,62,mg/dL,2026-08-11,COBAS-702,R. Patel,LP-2026-08-P08,TRUE
Triglycerides,P0225,PATIENT,,PAT0225,,99,mg/dL,2026-08-12,COBAS-501,A. Deshmukh,LP-2026-08-P09,TRUE
Triglycerides,P0226,PATIENT,,PAT0226,,76,mg/dL,2026-08-13,COBAS-702,R. Patel,LP-2026-08-P10,TRUE
Triglycerides,P0227,PATIENT,,PAT0227,,64,mg/dL,2026-08-14,COBAS-501,A. Deshmukh,LP-2026-08-P11,TRUE
Triglycerides,P0228,PATIENT,,PAT0228,,60,mg/dL,2026-08-15,COBAS-702,R. Patel,LP-2026-08-P12,TRUE
Triglycerides,P0229,PATIENT,,PAT0229,,67,mg/dL,2026-08-10,COBAS-501,A. Deshmukh,LP-2026-08-P01,TRUE
Triglycerides,P0230,PATIENT,,PAT0230,,55,mg/dL,2026-08-11,COBAS-702,R. Patel,LP-2026-08-P02,TRUE
Triglycerides,P0231,PATIENT,,PAT0231,,80,mg/dL,2026-08-12,COBAS-501,A. Deshmukh,LP-2026-08-P03,TRUE
Triglycerides,P0232,PATIENT,,PAT0232,,65,mg/dL,2026-08-13,COBAS-702,R. Patel,LP-2026-08-P04,TRUE
Triglycerides,P0233,PATIENT,,PAT0233,,56,mg/dL,2026-08-14,COBAS-501,A. Deshmukh,LP-2026-08-P05,TRUE
Triglycerides,P0234,PATIENT,,PAT0234,,80,mg/dL,2026-08-15,COBAS-702,R. Patel,LP-2026-08-P06,TRUE
Triglycerides,P0235,PATIENT,,PAT0235,,76,mg/dL,2026-08-10,COBAS-501,A. Deshmukh,LP-2026-08-P07,TRUE
Triglycerides,P0236,PATIENT,,PAT0236,,60,mg/dL,2026-08-11,COBAS-702,R. Patel,LP-2026-08-P08,TRUE
Triglycerides,P0237,PATIENT,,PAT0237,,58,mg/dL,2026-08-12,COBAS-501,A. Deshmukh,LP-2026-08-P09,TRUE
Triglycerides,P0238,PATIENT,,PAT0238,,66,mg/dL,2026-08-13,COBAS-702,R. Patel,LP-2026-08-P10,TRUE
Triglycerides,P0239,PATIENT,,PAT0239,,60,mg/dL,2026-08-14,COBAS-501,A. Deshmukh,LP-2026-08-P11,TRUE
Triglycerides,P0240,PATIENT,,PAT0240,,65,mg/dL,2026-08-15,COBAS-702,R. Patel,LP-2026-08-P12,TRUE
Triglycerides,P0241,PATIENT,,PAT0241,,90,mg/dL,2026-08-10,COBAS-501,A. Deshmukh,LP-2026-08-P01,TRUE
Triglycerides,P0242,PATIENT,,PAT0242,,51,mg/dL,2026-08-11,COBAS-702,R. Patel,LP-2026-08-P02,TRUE
Triglycerides,P0243,PATIENT,,PAT0243,,51,mg/dL,2026-08-12,COBAS-501,A. Deshmukh,LP-2026-08-P03,TRUE
Triglycerides,P0244,PATIENT,,PAT0244,,69,mg/dL,2026-08-13,COBAS-702,R. Patel,LP-2026-08-P04,TRUE
Triglycerides,P0245,PATIENT,,PAT0245,,66,mg/dL,2026-08-14,COBAS-501,A. Deshmukh,LP-2026-08-P05,TRUE
Triglycerides,P0246,PATIENT,,PAT0246,,64,mg/dL,2026-08-15,COBAS-702,R. Patel,LP-2026-08-P06,TRUE
Triglycerides,P0247,PATIENT,,PAT0247,,59,mg/dL,2026-08-10,COBAS-501,A. Deshmukh,LP-2026-08-P07,TRUE
Triglycerides,P0248,PATIENT,,PAT0248,,54,mg/dL,2026-08-11,COBAS-702,R. Patel,LP-2026-08-P08,TRUE
Triglycerides,P0249,PATIENT,,PAT0249,,62,mg/dL,2026-08-12,COBAS-501,A. Deshmukh,LP-2026-08-P09,TRUE
Triglycerides,P0250,PATIENT,,PAT0250,,71,mg/dL,2026-08-13,COBAS-702,R. Patel,LP-2026-08-P10,TRUE
Triglycerides,P0251,PATIENT,,PAT0251,,66,mg/dL,2026-08-14,COBAS-501,A. Deshmukh,LP-2026-08-P11,TRUE
Triglycerides,P0252,PATIENT,,PAT0252,,63,mg/dL,2026-08-15,COBAS-702,R. Patel,LP-2026-08-P12,TRUE
Triglycerides,P0253,PATIENT,,PAT0253,,58,mg/dL,2026-08-10,COBAS-501,A. Deshmukh,LP-2026-08-P01,TRUE
Triglycerides,P0254,PATIENT,,PAT0254,,78,mg/dL,2026-08-11,COBAS-702,R. Patel,LP-2026-08-P02,TRUE
Triglycerides,P0255,PATIENT,,PAT0255,,66,mg/dL,2026-08-12,COBAS-501,A. Deshmukh,LP-2026-08-P03,TRUE
Triglycerides,P0256,PATIENT,,PAT0256,,79,mg/dL,2026-08-13,COBAS-702,R. Patel,LP-2026-08-P04,TRUE
Triglycerides,P0257,PATIENT,,PAT0257,,32,mg/dL,2026-08-14,COBAS-501,A. Deshmukh,LP-2026-08-P05,TRUE
Triglycerides,P0258,PATIENT,,PAT0258,,128,mg/dL,2026-08-15,COBAS-702,R. Patel,LP-2026-08-P06,TRUE
Triglycerides,P0259,PATIENT,,PAT0259,,54,mg/dL,2026-08-10,COBAS-501,A. Deshmukh,LP-2026-08-P07,TRUE
Triglycerides,P0260,PATIENT,,PAT0260,,73,mg/dL,2026-08-11,COBAS-702,R. Patel,LP-2026-08-P08,TRUE
Triglycerides,P0261,PATIENT,,PAT0261,,44,mg/dL,2026-08-12,COBAS-501,A. Deshmukh,LP-2026-08-P09,TRUE
Triglycerides,P0262,PATIENT,,PAT0262,,52,mg/dL,2026-08-13,COBAS-702,R. Patel,LP-2026-08-P10,TRUE
Triglycerides,P0263,PATIENT,,PAT0263,,74,mg/dL,2026-08-14,COBAS-501,A. Deshmukh,LP-2026-08-P11,TRUE
Triglycerides,P0264,PATIENT,,PAT0264,,116,mg/dL,2026-08-15,COBAS-702,R. Patel,LP-2026-08-P12,TRUE
Triglycerides,P0265,PATIENT,,PAT0265,,89,mg/dL,2026-08-10,COBAS-501,A. Deshmukh,LP-2026-08-P01,TRUE
Triglycerides,P0266,PATIENT,,PAT0266,,73,mg/dL,2026-08-11,COBAS-702,R. Patel,LP-2026-08-P02,TRUE
Triglycerides,P0267,PATIENT,,PAT0267,,75,mg/dL,2026-08-12,COBAS-501,A. Deshmukh,LP-2026-08-P03,TRUE
Triglycerides,P0268,PATIENT,,PAT0268,,65,mg/dL,2026-08-13,COBAS-702,R. Patel,LP-2026-08-P04,TRUE
Triglycerides,P0269,PATIENT,,PAT0269,,74,mg/dL,2026-08-14,COBAS-501,A. Deshmukh,LP-2026-08-P05,TRUE
Triglycerides,P0270,PATIENT,,PAT0270,,51,mg/dL,2026-08-15,COBAS-702,R. Patel,LP-2026-08-P06,TRUE
Triglycerides,P0271,PATIENT,,PAT0271,,73,mg/dL,2026-08-10,COBAS-501,A. Deshmukh,LP-2026-08-P07,TRUE
Triglycerides,P0272,PATIENT,,PAT0272,,72,mg/dL,2026-08-11,COBAS-702,R. Patel,LP-2026-08-P08,TRUE
Triglycerides,P0273,PATIENT,,PAT0273,,101,mg/dL,2026-08-12,COBAS-501,A. Deshmukh,LP-2026-08-P09,TRUE
Triglycerides,P0274,PATIENT,,PAT0274,,63,mg/dL,2026-08-13,COBAS-702,R. Patel,LP-2026-08-P10,TRUE
Triglycerides,P0275,PATIENT,,PAT0275,,69,mg/dL,2026-08-14,COBAS-501,A. Deshmukh,LP-2026-08-P11,TRUE
Triglycerides,P0276,PATIENT,,PAT0276,,74,mg/dL,2026-08-15,COBAS-702,R. Patel,LP-2026-08-P12,TRUE
Triglycerides,P0277,PATIENT,,PAT0277,,71,mg/dL,2026-08-10,COBAS-501,A. Deshmukh,LP-2026-08-P01,TRUE
Triglycerides,P0278,PATIENT,,PAT0278,,78,mg/dL,2026-08-11,COBAS-702,R. Patel,LP-2026-08-P02,TRUE
Triglycerides,P0279,PATIENT,,PAT0279,,71,mg/dL,2026-08-12,COBAS-501,A. Deshmukh,LP-2026-08-P03,TRUE
Triglycerides,P0280,PATIENT,,PAT0280,,72,mg/dL,2026-08-13,COBAS-702,R. Patel,LP-2026-08-P04,TRUE
Triglycerides,P0281,PATIENT,,PAT0281,,101,mg/dL,2026-08-14,COBAS-501,A. Deshmukh,LP-2026-08-P05,TRUE
Triglycerides,P0282,PATIENT,,PAT0282,,25,mg/dL,2026-08-15,COBAS-702,R. Patel,LP-2026-08-P06,TRUE
Triglycerides,P0283,PATIENT,,PAT0283,,50,mg/dL,2026-08-10,COBAS-501,A. Deshmukh,LP-2026-08-P07,TRUE
Triglycerides,P0284,PATIENT,,PAT0284,,76,mg/dL,2026-08-11,COBAS-702,R. Patel,LP-2026-08-P08,TRUE
Triglycerides,P0285,PATIENT,,PAT0285,,123,mg/dL,2026-08-12,COBAS-501,A. Deshmukh,LP-2026-08-P09,TRUE
Triglycerides,P0286,PATIENT,,PAT0286,,60,mg/dL,2026-08-13,COBAS-702,R. Patel,LP-2026-08-P10,TRUE
Triglycerides,P0287,PATIENT,,PAT0287,,66,mg/dL,2026-08-14,COBAS-501,A. Deshmukh,LP-2026-08-P11,TRUE
Triglycerides,P0288,PATIENT,,PAT0288,,65,mg/dL,2026-08-15,COBAS-702,R. Patel,LP-2026-08-P12,TRUE
Triglycerides,P0289,PATIENT,,PAT0289,,69,mg/dL,2026-08-10,COBAS-501,A. Deshmukh,LP-2026-08-P01,TRUE
Triglycerides,P0290,PATIENT,,PAT0290,,103,mg/dL,2026-08-11,COBAS-702,R. Patel,LP-2026-08-P02,TRUE
Triglycerides,P0291,PATIENT,,PAT0291,,72,mg/dL,2026-08-12,COBAS-501,A. Deshmukh,LP-2026-08-P03,TRUE
Triglycerides,P0292,PATIENT,,PAT0292,,54,mg/dL,2026-08-13,COBAS-702,R. Patel,LP-2026-08-P04,FALSE
Triglycerides,P0293,PATIENT,,PAT0293,,64,mg/dL,2026-08-14,COBAS-501,A. Deshmukh,LP-2026-08-P05,TRUE
Triglycerides,P0294,PATIENT,,PAT0294,,70,mg/dL,2026-08-15,COBAS-702,R. Patel,LP-2026-08-P06,TRUE
Triglycerides,P0295,PATIENT,,PAT0295,,57,mg/dL,2026-08-10,COBAS-501,A. Deshmukh,LP-2026-08-P07,TRUE
Triglycerides,P0296,PATIENT,,PAT0296,,75,mg/dL,2026-08-11,COBAS-702,R. Patel,LP-2026-08-P08,TRUE
Triglycerides,P0297,PATIENT,,PAT0297,,51,mg/dL,2026-08-12,COBAS-501,A. Deshmukh,LP-2026-08-P09,TRUE
Triglycerides,P0298,PATIENT,,PAT0298,,48,mg/dL,2026-08-13,COBAS-702,R. Patel,LP-2026-08-P10,TRUE
Triglycerides,P0299,PATIENT,,PAT0299,,45,mg/dL,2026-08-14,COBAS-501,A. Deshmukh,LP-2026-08-P11,TRUE
Triglycerides,P0300,PATIENT,,PAT0300,,69,mg/dL,2026-08-15,COBAS-702,R. Patel,LP-2026-08-P12,TRUE
Triglycerides,P0301,PATIENT,,PAT0301,,56,mg/dL,2026-08-10,COBAS-501,A. Deshmukh,LP-2026-08-P01,TRUE
Triglycerides,P0302,PATIENT,,PAT0302,,69,mg/dL,2026-08-11,COBAS-702,R. Patel,LP-2026-08-P02,TRUE
Triglycerides,P0303,PATIENT,,PAT0303,,49,mg/dL,2026-08-12,COBAS-501,A. Deshmukh,LP-2026-08-P03,TRUE
Triglycerides,P0304,PATIENT,,PAT0304,,85,mg/dL,2026-08-13,COBAS-702,R. Patel,LP-2026-08-P04,TRUE
Triglycerides,P0305,PATIENT,,PAT0305,,61,mg/dL,2026-08-14,COBAS-501,A. Deshmukh,LP-2026-08-P05,TRUE
Triglycerides,P0306,PATIENT,,PAT0306,,82,mg/dL,2026-08-15,COBAS-702,R. Patel,LP-2026-08-P06,TRUE
Triglycerides,P0307,PATIENT,,PAT0307,,60,mg/dL,2026-08-10,COBAS-501,A. Deshmukh,LP-2026-08-P07,TRUE
Triglycerides,P0308,PATIENT,,PAT0308,,67,mg/dL,2026-08-11,COBAS-702,R. Patel,LP-2026-08-P08,TRUE
Triglycerides,P0309,PATIENT,,PAT0309,,71,mg/dL,2026-08-12,COBAS-501,A. Deshmukh,LP-2026-08-P09,TRUE
Triglycerides,P0310,PATIENT,,PAT0310,,66,mg/dL,2026-08-13,COBAS-702,R. Patel,LP-2026-08-P10,TRUE
Triglycerides,P0311,PATIENT,,PAT0311,,84,mg/dL,2026-08-14,COBAS-501,A. Deshmukh,LP-2026-08-P11,TRUE
Triglycerides,P0312,PATIENT,,PAT0312,,72,mg/dL,2026-08-15,COBAS-702,R. Patel,LP-2026-08-P12,TRUE
Triglycerides,P0313,PATIENT,,PAT0313,,79,mg/dL,2026-08-10,COBAS-501,A. Deshmukh,LP-2026-08-P01,TRUE
Triglycerides,P0314,PATIENT,,PAT0314,,23,mg/dL,2026-08-11,COBAS-702,R. Patel,LP-2026-08-P02,TRUE
Triglycerides,P0315,PATIENT,,PAT0315,,80,mg/dL,2026-08-12,COBAS-501,A. Deshmukh,LP-2026-08-P03,TRUE
Triglycerides,P0316,PATIENT,,PAT0316,,68,mg/dL,2026-08-13,COBAS-702,R. Patel,LP-2026-08-P04,TRUE
Triglycerides,P0317,PATIENT,,PAT0317,,62,mg/dL,2026-08-14,COBAS-501,A. Deshmukh,LP-2026-08-P05,TRUE
Triglycerides,P0318,PATIENT,,PAT0318,,54,mg/dL,2026-08-15,COBAS-702,R. Patel,LP-2026-08-P06,TRUE
Triglycerides,P0319,PATIENT,,PAT0319,,73,mg/dL,2026-08-10,COBAS-501,A. Deshmukh,LP-2026-08-P07,TRUE
Triglycerides,P0320,PATIENT,,PAT0320,,45,mg/dL,2026-08-11,COBAS-702,R. Patel,LP-2026-08-P08,TRUE
Triglycerides,P0321,PATIENT,,PAT0321,,67,mg/dL,2026-08-12,COBAS-501,A. Deshmukh,LP-2026-08-P09,TRUE
Triglycerides,P0322,PATIENT,,PAT0322,,50,mg/dL,2026-08-13,COBAS-702,R. Patel,LP-2026-08-P10,TRUE
Triglycerides,P0323,PATIENT,,PAT0323,,62,mg/dL,2026-08-14,COBAS-501,A. Deshmukh,LP-2026-08-P11,TRUE
Triglycerides,P0324,PATIENT,,PAT0324,,48,mg/dL,2026-08-15,COBAS-702,R. Patel,LP-2026-08-P12,TRUE
Triglycerides,P0325,PATIENT,,PAT0325,,84,mg/dL,2026-08-10,COBAS-501,A. Deshmukh,LP-2026-08-P01,TRUE
Triglycerides,P0326,PATIENT,,PAT0326,,74,mg/dL,2026-08-11,COBAS-702,R. Patel,LP-2026-08-P02,TRUE
Triglycerides,P0327,PATIENT,,PAT0327,,68,mg/dL,2026-08-12,COBAS-501,A. Deshmukh,LP-2026-08-P03,TRUE
Triglycerides,P0328,PATIENT,,PAT0328,,49,mg/dL,2026-08-13,COBAS-702,R. Patel,LP-2026-08-P04,TRUE
Triglycerides,P0329,PATIENT,,PAT0329,,87,mg/dL,2026-08-14,COBAS-501,A. Deshmukh,LP-2026-08-P05,TRUE
Triglycerides,P0330,PATIENT,,PAT0330,,68,mg/dL,2026-08-15,COBAS-702,R. Patel,LP-2026-08-P06,TRUE
Triglycerides,P0331,PATIENT,,PAT0331,,83,mg/dL,2026-08-10,COBAS-501,A. Deshmukh,LP-2026-08-P07,TRUE
Triglycerides,P0332,PATIENT,,PAT0332,,65,mg/dL,2026-08-11,COBAS-702,R. Patel,LP-2026-08-P08,TRUE
Triglycerides,P0333,PATIENT,,PAT0333,,84,mg/dL,2026-08-12,COBAS-501,A. Deshmukh,LP-2026-08-P09,TRUE
Triglycerides,P0334,PATIENT,,PAT0334,,58,mg/dL,2026-08-13,COBAS-702,R. Patel,LP-2026-08-P10,TRUE
Triglycerides,P0335,PATIENT,,PAT0335,,59,mg/dL,2026-08-14,COBAS-501,A. Deshmukh,LP-2026-08-P11,TRUE
Triglycerides,P0336,PATIENT,,PAT0336,,62,mg/dL,2026-08-15,COBAS-702,R. Patel,LP-2026-08-P12,TRUE
Triglycerides,P0337,PATIENT,,PAT0337,,65,mg/dL,2026-08-10,COBAS-501,A. Deshmukh,LP-2026-08-P01,TRUE
Triglycerides,P0338,PATIENT,,PAT0338,,67,mg/dL,2026-08-11,COBAS-702,R. Patel,LP-2026-08-P02,TRUE
Triglycerides,P0339,PATIENT,,PAT0339,,79,mg/dL,2026-08-12,COBAS-501,A. Deshmukh,LP-2026-08-P03,TRUE
Triglycerides,P0340,PATIENT,,PAT0340,,102,mg/dL,2026-08-13,COBAS-702,R. Patel,LP-2026-08-P04,TRUE
Triglycerides,P0341,PATIENT,,PAT0341,,90,mg/dL,2026-08-14,COBAS-501,A. Deshmukh,LP-2026-08-P05,TRUE
Triglycerides,P0342,PATIENT,,PAT0342,,53,mg/dL,2026-08-15,COBAS-702,R. Patel,LP-2026-08-P06,TRUE
Triglycerides,P0343,PATIENT,,PAT0343,,68,mg/dL,2026-08-10,COBAS-501,A. Deshmukh,LP-2026-08-P07,TRUE
Triglycerides,P0344,PATIENT,,PAT0344,,77,mg/dL,2026-08-11,COBAS-702,R. Patel,LP-2026-08-P08,TRUE
Triglycerides,P0345,PATIENT,,PAT0345,,76,mg/dL,2026-08-12,COBAS-501,A. Deshmukh,LP-2026-08-P09,TRUE
Triglycerides,P0346,PATIENT,,PAT0346,,74,mg/dL,2026-08-13,COBAS-702,R. Patel,LP-2026-08-P10,TRUE
Triglycerides,P0347,PATIENT,,PAT0347,,64,mg/dL,2026-08-14,COBAS-501,A. Deshmukh,LP-2026-08-P11,TRUE
Triglycerides,P0348,PATIENT,,PAT0348,,62,mg/dL,2026-08-15,COBAS-702,R. Patel,LP-2026-08-P12,TRUE
Triglycerides,P0349,PATIENT,,PAT0349,,79,mg/dL,2026-08-10,COBAS-501,A. Deshmukh,LP-2026-08-P01,TRUE
Triglycerides,P0350,PATIENT,,PAT0350,,66,mg/dL,2026-08-11,COBAS-702,R. Patel,LP-2026-08-P02,TRUE
Triglycerides,P0351,PATIENT,,PAT0351,,78,mg/dL,2026-08-12,COBAS-501,A. Deshmukh,LP-2026-08-P03,TRUE
Triglycerides,P0352,PATIENT,,PAT0352,,56,mg/dL,2026-08-13,COBAS-702,R. Patel,LP-2026-08-P04,TRUE
Triglycerides,P0353,PATIENT,,PAT0353,,63,mg/dL,2026-08-14,COBAS-501,A. Deshmukh,LP-2026-08-P05,TRUE
Triglycerides,P0354,PATIENT,,PAT0354,,89,mg/dL,2026-08-15,COBAS-702,R. Patel,LP-2026-08-P06,TRUE
Triglycerides,P0355,PATIENT,,PAT0355,,64,mg/dL,2026-08-10,COBAS-501,A. Deshmukh,LP-2026-08-P07,TRUE
Triglycerides,P0356,PATIENT,,PAT0356,,66,mg/dL,2026-08-11,COBAS-702,R. Patel,LP-2026-08-P08,TRUE
Triglycerides,P0357,PATIENT,,PAT0357,,112,mg/dL,2026-08-12,COBAS-501,A. Deshmukh,LP-2026-08-P09,TRUE
Triglycerides,P0358,PATIENT,,PAT0358,,58,mg/dL,2026-08-13,COBAS-702,R. Patel,LP-2026-08-P10,TRUE
Triglycerides,P0359,PATIENT,,PAT0359,,74,mg/dL,2026-08-14,COBAS-501,A. Deshmukh,LP-2026-08-P11,TRUE
Triglycerides,P0360,PATIENT,,PAT0360,,57,mg/dL,2026-08-15,COBAS-702,R. Patel,LP-2026-08-P12,TRUE
Triglycerides,P0361,PATIENT,,PAT0361,,75,mg/dL,2026-08-10,COBAS-501,A. Deshmukh,LP-2026-08-P01,TRUE
Triglycerides,P0362,PATIENT,,PAT0362,,66,mg/dL,2026-08-11,COBAS-702,R. Patel,LP-2026-08-P02,TRUE
Triglycerides,P0363,PATIENT,,PAT0363,,73,mg/dL,2026-08-12,COBAS-501,A. Deshmukh,LP-2026-08-P03,TRUE
Triglycerides,P0364,PATIENT,,PAT0364,,77,mg/dL,2026-08-13,COBAS-702,R. Patel,LP-2026-08-P04,TRUE
Triglycerides,P0365,PATIENT,,PAT0365,,121,mg/dL,2026-08-14,COBAS-501,A. Deshmukh,LP-2026-08-P05,TRUE
Triglycerides,P0366,PATIENT,,PAT0366,,64,mg/dL,2026-08-15,COBAS-702,R. Patel,LP-2026-08-P06,TRUE
Triglycerides,P0367,PATIENT,,PAT0367,,127,mg/dL,2026-08-10,COBAS-501,A. Deshmukh,LP-2026-08-P07,TRUE
Triglycerides,P0368,PATIENT,,PAT0368,,----,mg/dL,2026-08-11,COBAS-702,R. Patel,LP-2026-08-P08,FALSE
Triglycerides,P0369,PATIENT,,PAT0369,,54,mg/dL,2026-08-12,COBAS-501,A. Deshmukh,LP-2026-08-P09,TRUE
Triglycerides,P0370,PATIENT,,PAT0370,,59,mg/dL,2026-08-13,COBAS-702,R. Patel,LP-2026-08-P10,TRUE
Triglycerides,P0371,PATIENT,,PAT0371,,75,mg/dL,2026-08-14,COBAS-501,A. Deshmukh,LP-2026-08-P11,TRUE
Triglycerides,P0372,PATIENT,,PAT0372,,76,mg/dL,2026-08-15,COBAS-702,R. Patel,LP-2026-08-P12,TRUE
Triglycerides,P0373,PATIENT,,PAT0373,,57,mg/dL,2026-08-10,COBAS-501,A. Deshmukh,LP-2026-08-P01,TRUE
Triglycerides,P0374,PATIENT,,PAT0374,,82,mg/dL,2026-08-11,COBAS-702,R. Patel,LP-2026-08-P02,TRUE
Triglycerides,P0375,PATIENT,,PAT0375,,66,mg/dL,2026-08-12,COBAS-501,A. Deshmukh,LP-2026-08-P03,TRUE
Triglycerides,P0376,PATIENT,,PAT0376,,81,mg/dL,2026-08-13,COBAS-702,R. Patel,LP-2026-08-P04,TRUE
Triglycerides,P0377,PATIENT,,PAT0377,,59,mg/dL,2026-08-14,COBAS-501,A. Deshmukh,LP-2026-08-P05,TRUE
Triglycerides,P0378,PATIENT,,PAT0378,,68,mg/dL,2026-08-15,COBAS-702,R. Patel,LP-2026-08-P06,TRUE
Triglycerides,P0379,PATIENT,,PAT0379,,57,mg/dL,2026-08-10,COBAS-501,A. Deshmukh,LP-2026-08-P07,TRUE
Triglycerides,P0380,PATIENT,,PAT0380,,72,mg/dL,2026-08-11,COBAS-702,R. Patel,LP-2026-08-P08,TRUE
Triglycerides,P0381,PATIENT,,PAT0381,,58,mg/dL,2026-08-12,COBAS-501,A. Deshmukh,LP-2026-08-P09,TRUE
Triglycerides,P0382,PATIENT,,PAT0382,,69,mg/dL,2026-08-13,COBAS-702,R. Patel,LP-2026-08-P10,TRUE
Triglycerides,P0383,PATIENT,,PAT0383,,71,mg/dL,2026-08-14,COBAS-501,A. Deshmukh,LP-2026-08-P11,TRUE
Triglycerides,P0384,PATIENT,,PAT0384,,64,mg/dL,2026-08-15,COBAS-702,R. Patel,LP-2026-08-P12,TRUE
Triglycerides,P0385,PATIENT,,PAT0385,,82,mg/dL,2026-08-10,COBAS-501,A. Deshmukh,LP-2026-08-P01,TRUE
Triglycerides,P0386,PATIENT,,PAT0386,,66,mg/dL,2026-08-11,COBAS-702,R. Patel,LP-2026-08-P02,TRUE
Triglycerides,P0387,PATIENT,,PAT0387,,54,mg/dL,2026-08-12,COBAS-501,A. Deshmukh,LP-2026-08-P03,TRUE
Triglycerides,P0388,PATIENT,,PAT0388,,64,mg/dL,2026-08-13,COBAS-702,R. Patel,LP-2026-08-P04,TRUE
Triglycerides,P0389,PATIENT,,PAT0389,,46,mg/dL,2026-08-14,COBAS-501,A. Deshmukh,LP-2026-08-P05,FALSE
Triglycerides,P0390,PATIENT,,PAT0390,,48,mg/dL,2026-08-15,COBAS-702,R. Patel,LP-2026-08-P06,TRUE
Triglycerides,P0391,PATIENT,,PAT0391,,52,mg/dL,2026-08-10,COBAS-501,A. Deshmukh,LP-2026-08-P07,TRUE
Triglycerides,P0392,PATIENT,,PAT0392,,49,mg/dL,2026-08-11,COBAS-702,R. Patel,LP-2026-08-P08,TRUE
Triglycerides,P0393,PATIENT,,PAT0393,,56,mg/dL,2026-08-12,COBAS-501,A. Deshmukh,LP-2026-08-P09,TRUE
Triglycerides,P0394,PATIENT,,PAT0394,,73,mg/dL,2026-08-13,COBAS-702,R. Patel,LP-2026-08-P10,TRUE
Triglycerides,P0395,PATIENT,,PAT0395,,78,mg/dL,2026-08-14,COBAS-501,A. Deshmukh,LP-2026-08-P11,TRUE
Triglycerides,P0396,PATIENT,,PAT0396,,68,mg/dL,2026-08-15,COBAS-702,R. Patel,LP-2026-08-P12,TRUE
Triglycerides,P0397,PATIENT,,PAT0397,,94,mg/dL,2026-08-10,COBAS-501,A. Deshmukh,LP-2026-08-P01,TRUE
Triglycerides,P0398,PATIENT,,PAT0398,,60,mg/dL,2026-08-11,COBAS-702,R. Patel,LP-2026-08-P02,TRUE
Triglycerides,P0399,PATIENT,,PAT0399,,79,mg/dL,2026-08-12,COBAS-501,A. Deshmukh,LP-2026-08-P03,TRUE
Triglycerides,P0400,PATIENT,,PAT0400,,63,mg/dL,2026-08-13,COBAS-702,R. Patel,LP-2026-08-P04,TRUE
Triglycerides,P0401,PATIENT,,PAT0401,,49,mg/dL,2026-08-14,COBAS-501,A. Deshmukh,LP-2026-08-P05,TRUE
Triglycerides,P0402,PATIENT,,PAT0402,,48,mg/dL,2026-08-15,COBAS-702,R. Patel,LP-2026-08-P06,TRUE
Triglycerides,P0403,PATIENT,,PAT0403,,76,mg/dL,2026-08-10,COBAS-501,A. Deshmukh,LP-2026-08-P07,TRUE
Triglycerides,P0404,PATIENT,,PAT0404,,69,mg/dL,2026-08-11,COBAS-702,R. Patel,LP-2026-08-P08,TRUE
Triglycerides,P0405,PATIENT,,PAT0405,,73,mg/dL,2026-08-12,COBAS-501,A. Deshmukh,LP-2026-08-P09,TRUE
Triglycerides,P0406,PATIENT,,PAT0406,,60,mg/dL,2026-08-13,COBAS-702,R. Patel,LP-2026-08-P10,TRUE
Triglycerides,P0407,PATIENT,,PAT0407,,60,mg/dL,2026-08-14,COBAS-501,A. Deshmukh,LP-2026-08-P11,TRUE
Triglycerides,P0408,PATIENT,,PAT0408,,62,mg/dL,2026-08-15,COBAS-702,R. Patel,LP-2026-08-P12,TRUE
Triglycerides,P0409,PATIENT,,PAT0409,,60,mg/dL,2026-08-10,COBAS-501,A. Deshmukh,LP-2026-08-P01,TRUE
Triglycerides,P0410,PATIENT,,PAT0410,,69,mg/dL,2026-08-11,COBAS-702,R. Patel,LP-2026-08-P02,TRUE
Triglycerides,P0411,PATIENT,,PAT0411,,94,mg/dL,2026-08-12,COBAS-501,A. Deshmukh,LP-2026-08-P03,TRUE
Triglycerides,P0412,PATIENT,,PAT0412,,44,mg/dL,2026-08-13,COBAS-702,R. Patel,LP-2026-08-P04,TRUE
Triglycerides,P0413,PATIENT,,PAT0413,,90,mg/dL,2026-08-14,COBAS-501,A. Deshmukh,LP-2026-08-P05,TRUE
Triglycerides,P0414,PATIENT,,PAT0414,,60,mg/dL,2026-08-15,COBAS-702,R. Patel,LP-2026-08-P06,TRUE
Triglycerides,P0415,PATIENT,,PAT0415,,82,mg/dL,2026-08-10,COBAS-501,A. Deshmukh,LP-2026-08-P07,TRUE
Triglycerides,P0416,PATIENT,,PAT0416,,80,mg/dL,2026-08-11,COBAS-702,R. Patel,LP-2026-08-P08,TRUE
Triglycerides,P0417,PATIENT,,PAT0417,,67,mg/dL,2026-08-12,COBAS-501,A. Deshmukh,LP-2026-08-P09,TRUE
Triglycerides,P0418,PATIENT,,PAT0418,,84,mg/dL,2026-08-13,COBAS-702,R. Patel,LP-2026-08-P10,TRUE
Triglycerides,P0419,PATIENT,,PAT0419,,78,mg/dL,2026-08-14,COBAS-501,A. Deshmukh,LP-2026-08-P11,TRUE
Triglycerides,P0420,PATIENT,,PAT0420,,75,mg/dL,2026-08-15,COBAS-702,R. Patel,LP-2026-08-P12,TRUE
Triglycerides,P0421,PATIENT,,PAT0421,,86,mg/dL,2026-08-10,COBAS-501,A. Deshmukh,LP-2026-08-P01,TRUE
Triglycerides,P0422,PATIENT,,PAT0422,,69,mg/dL,2026-08-11,COBAS-702,R. Patel,LP-2026-08-P02,TRUE
Triglycerides,P0423,PATIENT,,PAT0423,,52,mg/dL,2026-08-12,COBAS-501,A. Deshmukh,LP-2026-08-P03,TRUE
Triglycerides,P0424,PATIENT,,PAT0424,,48,mg/dL,2026-08-13,COBAS-702,R. Patel,LP-2026-08-P04,TRUE
Triglycerides,P0425,PATIENT,,PAT0425,,51,mg/dL,2026-08-14,COBAS-501,A. Deshmukh,LP-2026-08-P05,TRUE
Triglycerides,P0426,PATIENT,,PAT0426,,52,mg/dL,2026-08-15,COBAS-702,R. Patel,LP-2026-08-P06,TRUE
Triglycerides,P0427,PATIENT,,PAT0427,,55,mg/dL,2026-08-10,COBAS-501,A. Deshmukh,LP-2026-08-P07,TRUE
Triglycerides,P0428,PATIENT,,PAT0428,,78,mg/dL,2026-08-11,COBAS-702,R. Patel,LP-2026-08-P08,TRUE
Triglycerides,P0429,PATIENT,,PAT0429,,72,mg/dL,2026-08-12,COBAS-501,A. Deshmukh,LP-2026-08-P09,TRUE
Triglycerides,P0430,PATIENT,,PAT0430,,86,mg/dL,2026-08-13,COBAS-702,R. Patel,LP-2026-08-P10,TRUE
Triglycerides,P0431,PATIENT,,PAT0431,,60,mg/dL,2026-08-14,COBAS-501,A. Deshmukh,LP-2026-08-P11,TRUE
Triglycerides,P0432,PATIENT,,PAT0432,,82,mg/dL,2026-08-15,COBAS-702,R. Patel,LP-2026-08-P12,TRUE
Triglycerides,P0433,PATIENT,,PAT0433,,44,mg/dL,2026-08-10,COBAS-501,A. Deshmukh,LP-2026-08-P01,TRUE
Triglycerides,P0434,PATIENT,,PAT0434,,44,mg/dL,2026-08-11,COBAS-702,R. Patel,LP-2026-08-P02,TRUE
Triglycerides,P0435,PATIENT,,PAT0435,,53,mg/dL,2026-08-12,COBAS-501,A. Deshmukh,LP-2026-08-P03,TRUE
Triglycerides,P0436,PATIENT,,PAT0436,,70,mg/dL,2026-08-13,COBAS-702,R. Patel,LP-2026-08-P04,TRUE
Triglycerides,P0437,PATIENT,,PAT0437,,85,mg/dL,2026-08-14,COBAS-501,A. Deshmukh,LP-2026-08-P05,TRUE
Triglycerides,P0438,PATIENT,,PAT0438,,70,mg/dL,2026-08-15,COBAS-702,R. Patel,LP-2026-08-P06,TRUE
Triglycerides,P0439,PATIENT,,PAT0439,,66,mg/dL,2026-08-10,COBAS-501,A. Deshmukh,LP-2026-08-P07,TRUE
Triglycerides,P0440,PATIENT,,PAT0440,,92,mg/dL,2026-08-11,COBAS-702,R. Patel,LP-2026-08-P08,TRUE
Triglycerides,P0441,PATIENT,,PAT0441,,63,mg/dL,2026-08-12,COBAS-501,A. Deshmukh,LP-2026-08-P09,TRUE
Triglycerides,P0442,PATIENT,,PAT0442,,81,mg/dL,2026-08-13,COBAS-702,R. Patel,LP-2026-08-P10,TRUE
Triglycerides,P0443,PATIENT,,PAT0443,,53,mg/dL,2026-08-14,COBAS-501,A. Deshmukh,LP-2026-08-P11,TRUE
Triglycerides,P0444,PATIENT,,PAT0444,,76,mg/dL,2026-08-15,COBAS-702,R. Patel,LP-2026-08-P12,TRUE
Triglycerides,P0445,PATIENT,,PAT0445,,126,mg/dL,2026-08-10,COBAS-501,A. Deshmukh,LP-2026-08-P01,TRUE
Triglycerides,P0446,PATIENT,,PAT0446,,47,mg/dL,2026-08-11,COBAS-702,R. Patel,LP-2026-08-P02,TRUE
Triglycerides,P0447,PATIENT,,PAT0447,,85,mg/dL,2026-08-12,COBAS-501,A. Deshmukh,LP-2026-08-P03,TRUE
Triglycerides,P0448,PATIENT,,PAT0448,,74,mg/dL,2026-08-13,COBAS-702,R. Patel,LP-2026-08-P04,TRUE
Triglycerides,P0449,PATIENT,,PAT0449,,94,mg/dL,2026-08-14,COBAS-501,A. Deshmukh,LP-2026-08-P05,TRUE
Triglycerides,P0450,PATIENT,,PAT0450,,73,mg/dL,2026-08-15,COBAS-702,R. Patel,LP-2026-08-P06,TRUE
Triglycerides,P0451,PATIENT,,PAT0451,,62,mg/dL,2026-08-10,COBAS-501,A. Deshmukh,LP-2026-08-P07,TRUE
Triglycerides,P0452,PATIENT,,PAT0452,,55,mg/dL,2026-08-11,COBAS-702,R. Patel,LP-2026-08-P08,TRUE
Triglycerides,P0453,PATIENT,,PAT0453,,82,mg/dL,2026-08-12,COBAS-501,A. Deshmukh,LP-2026-08-P09,TRUE
Triglycerides,P0454,PATIENT,,PAT0454,,61,mg/dL,2026-08-13,COBAS-702,R. Patel,LP-2026-08-P10,TRUE
Triglycerides,P0455,PATIENT,,PAT0455,,75,mg/dL,2026-08-14,COBAS-501,A. Deshmukh,LP-2026-08-P11,TRUE
Triglycerides,P0456,PATIENT,,PAT0456,,54,mg/dL,2026-08-15,COBAS-702,R. Patel,LP-2026-08-P12,TRUE
Triglycerides,P0457,PATIENT,,PAT0457,,72,mg/dL,2026-08-10,COBAS-501,A. Deshmukh,LP-2026-08-P01,TRUE
Triglycerides,P0458,PATIENT,,PAT0458,,52,mg/dL,2026-08-11,COBAS-702,R. Patel,LP-2026-08-P02,TRUE
Triglycerides,P0459,PATIENT,,PAT0459,,71,mg/dL,2026-08-12,COBAS-501,A. Deshmukh,LP-2026-08-P03,TRUE
Triglycerides,P0460,PATIENT,,PAT0460,,69,mg/dL,2026-08-13,COBAS-702,R. Patel,LP-2026-08-P04,TRUE
Triglycerides,P0461,PATIENT,,PAT0461,,61,mg/dL,2026-08-14,COBAS-501,A. Deshmukh,LP-2026-08-P05,TRUE
Triglycerides,P0462,PATIENT,,PAT0462,,56,mg/dL,2026-08-15,COBAS-702,R. Patel,LP-2026-08-P06,TRUE
Triglycerides,P0463,PATIENT,,PAT0463,,85,mg/dL,2026-08-10,COBAS-501,A. Deshmukh,LP-2026-08-P07,TRUE
Triglycerides,P0464,PATIENT,,PAT0464,,75,mg/dL,2026-08-11,COBAS-702,R. Patel,LP-2026-08-P08,TRUE
Triglycerides,P0465,PATIENT,,PAT0465,,55,mg/dL,2026-08-12,COBAS-501,A. Deshmukh,LP-2026-08-P09,TRUE
Triglycerides,P0466,PATIENT,,PAT0466,,76,mg/dL,2026-08-13,COBAS-702,R. Patel,LP-2026-08-P10,TRUE
Triglycerides,P0467,PATIENT,,PAT0467,,66,mg/dL,2026-08-14,COBAS-501,A. Deshmukh,LP-2026-08-P11,TRUE
Triglycerides,P0468,PATIENT,,PAT0468,,63,mg/dL,2026-08-15,COBAS-702,R. Patel,LP-2026-08-P12,TRUE
Triglycerides,P0469,PATIENT,,PAT0469,,59,mg/dL,2026-08-10,COBAS-501,A. Deshmukh,LP-2026-08-P01,TRUE
Triglycerides,P0470,PATIENT,,PAT0470,,63,mg/dL,2026-08-11,COBAS-702,R. Patel,LP-2026-08-P02,TRUE
Triglycerides,P0471,PATIENT,,PAT0471,,23,mg/dL,2026-08-12,COBAS-501,A. Deshmukh,LP-2026-08-P03,TRUE
Triglycerides,P0472,PATIENT,,PAT0472,,63,mg/dL,2026-08-13,COBAS-702,R. Patel,LP-2026-08-P04,TRUE
Triglycerides,P0473,PATIENT,,PAT0473,,93,mg/dL,2026-08-14,COBAS-501,A. Deshmukh,LP-2026-08-P05,TRUE
Triglycerides,P0474,PATIENT,,PAT0474,,57,mg/dL,2026-08-15,COBAS-702,R. Patel,LP-2026-08-P06,TRUE
Triglycerides,P0475,PATIENT,,PAT0475,,74,mg/dL,2026-08-10,COBAS-501,A. Deshmukh,LP-2026-08-P07,TRUE
Triglycerides,P0476,PATIENT,,PAT0476,,59,mg/dL,2026-08-11,COBAS-702,R. Patel,LP-2026-08-P08,TRUE
Triglycerides,P0477,PATIENT,,PAT0477,,76,mg/dL,2026-08-12,COBAS-501,A. Deshmukh,LP-2026-08-P09,TRUE
Triglycerides,P0478,PATIENT,,PAT0478,,84,mg/dL,2026-08-13,COBAS-702,R. Patel,LP-2026-08-P10,TRUE
Triglycerides,P0479,PATIENT,,PAT0479,,74,mg/dL,2026-08-14,COBAS-501,A. Deshmukh,LP-2026-08-P11,TRUE
Triglycerides,P0480,PATIENT,,PAT0480,,61,mg/dL,2026-08-15,COBAS-702,R. Patel,LP-2026-08-P12,TRUE
Triglycerides,P0481,PATIENT,,PAT0481,,77,mg/dL,2026-08-10,COBAS-501,A. Deshmukh,LP-2026-08-P01,TRUE
Triglycerides,P0482,PATIENT,,PAT0482,,55,mg/dL,2026-08-11,COBAS-702,R. Patel,LP-2026-08-P02,TRUE
Triglycerides,P0483,PATIENT,,PAT0483,,62,mg/dL,2026-08-12,COBAS-501,A. Deshmukh,LP-2026-08-P03,TRUE
Triglycerides,P0484,PATIENT,,PAT0484,,64,mg/dL,2026-08-13,COBAS-702,R. Patel,LP-2026-08-P04,TRUE
Triglycerides,P0485,PATIENT,,PAT0485,,55,mg/dL,2026-08-14,COBAS-501,A. Deshmukh,LP-2026-08-P05,TRUE
Triglycerides,P0486,PATIENT,,PAT0486,,31,mg/dL,2026-08-15,COBAS-702,R. Patel,LP-2026-08-P06,FALSE
Triglycerides,P0487,PATIENT,,PAT0487,,62,mg/dL,2026-08-10,COBAS-501,A. Deshmukh,LP-2026-08-P07,TRUE
Triglycerides,P0488,PATIENT,,PAT0488,,94,mg/dL,2026-08-11,COBAS-702,R. Patel,LP-2026-08-P08,TRUE
Triglycerides,P0489,PATIENT,,PAT0489,,58,mg/dL,2026-08-12,COBAS-501,A. Deshmukh,LP-2026-08-P09,TRUE
Triglycerides,P0490,PATIENT,,PAT0490,,73,mg/dL,2026-08-13,COBAS-702,R. Patel,LP-2026-08-P10,TRUE
Triglycerides,P0491,PATIENT,,PAT0491,,56,mg/dL,2026-08-14,COBAS-501,A. Deshmukh,LP-2026-08-P11,TRUE
Triglycerides,P0492,PATIENT,,PAT0492,,63,mg/dL,2026-08-15,COBAS-702,R. Patel,LP-2026-08-P12,TRUE
Triglycerides,P0493,PATIENT,,PAT0493,,65,mg/dL,2026-08-10,COBAS-501,A. Deshmukh,LP-2026-08-P01,TRUE
Triglycerides,P0494,PATIENT,,PAT0494,,42,mg/dL,2026-08-11,COBAS-702,R. Patel,LP-2026-08-P02,TRUE
Triglycerides,P0495,PATIENT,,PAT0495,,61,mg/dL,2026-08-12,COBAS-501,A. Deshmukh,LP-2026-08-P03,TRUE
Triglycerides,P0496,PATIENT,,PAT0496,,69,mg/dL,2026-08-13,COBAS-702,R. Patel,LP-2026-08-P04,TRUE
Triglycerides,P0497,PATIENT,,PAT0497,,73,mg/dL,2026-08-14,COBAS-501,A. Deshmukh,LP-2026-08-P05,TRUE
Triglycerides,P0498,PATIENT,,PAT0498,,48,mg/dL,2026-08-15,COBAS-702,R. Patel,LP-2026-08-P06,TRUE
Triglycerides,P0499,PATIENT,,PAT0499,,74,mg/dL,2026-08-10,COBAS-501,A. Deshmukh,LP-2026-08-P07,TRUE
Triglycerides,P0500,PATIENT,,PAT0500,,64,mg/dL,2026-08-11,COBAS-702,R. Patel,LP-2026-08-P08,TRUE
Triglycerides,P0501,PATIENT,,PAT0501,,75,mg/dL,2026-08-12,COBAS-501,A. Deshmukh,LP-2026-08-P09,TRUE
Triglycerides,P0502,PATIENT,,PAT0502,,37,mg/dL,2026-08-13,COBAS-702,R. Patel,LP-2026-08-P10,TRUE
Triglycerides,P0503,PATIENT,,PAT0503,,89,mg/dL,2026-08-14,COBAS-501,A. Deshmukh,LP-2026-08-P11,TRUE
Triglycerides,P0504,PATIENT,,PAT0504,,76,mg/dL,2026-08-15,COBAS-702,R. Patel,LP-2026-08-P12,TRUE
Triglycerides,P0505,PATIENT,,PAT0505,,64,mg/dL,2026-08-10,COBAS-501,A. Deshmukh,LP-2026-08-P01,TRUE
Triglycerides,P0506,PATIENT,,PAT0506,,76,mg/dL,2026-08-11,COBAS-702,R. Patel,LP-2026-08-P02,TRUE
Triglycerides,P0507,PATIENT,,PAT0507,,73,mg/dL,2026-08-12,COBAS-501,A. Deshmukh,LP-2026-08-P03,TRUE
Triglycerides,P0508,PATIENT,,PAT0508,,63,mg/dL,2026-08-13,COBAS-702,R. Patel,LP-2026-08-P04,TRUE
Triglycerides,P0509,PATIENT,,PAT0509,,89,mg/dL,2026-08-14,COBAS-501,A. Deshmukh,LP-2026-08-P05,TRUE
Triglycerides,P0510,PATIENT,,PAT0510,,70,mg/dL,2026-08-15,COBAS-702,R. Patel,LP-2026-08-P06,TRUE
Triglycerides,P0511,PATIENT,,PAT0511,,76,mg/dL,2026-08-10,COBAS-501,A. Deshmukh,LP-2026-08-P07,TRUE
Triglycerides,P0512,PATIENT,,PAT0512,,58,mg/dL,2026-08-11,COBAS-702,R. Patel,LP-2026-08-P08,TRUE
Triglycerides,P0513,PATIENT,,PAT0513,,61,mg/dL,2026-08-12,COBAS-501,A. Deshmukh,LP-2026-08-P09,TRUE
Triglycerides,P0514,PATIENT,,PAT0514,,55,mg/dL,2026-08-13,COBAS-702,R. Patel,LP-2026-08-P10,TRUE
Triglycerides,P0515,PATIENT,,PAT0515,,55,mg/dL,2026-08-14,COBAS-501,A. Deshmukh,LP-2026-08-P11,TRUE
Triglycerides,P0516,PATIENT,,PAT0516,,69,mg/dL,2026-08-15,COBAS-702,R. Patel,LP-2026-08-P12,TRUE
Triglycerides,P0517,PATIENT,,PAT0517,,69,mg/dL,2026-08-10,COBAS-501,A. Deshmukh,LP-2026-08-P01,TRUE
Triglycerides,P0518,PATIENT,,PAT0518,,65,mg/dL,2026-08-11,COBAS-702,R. Patel,LP-2026-08-P02,TRUE
Triglycerides,P0519,PATIENT,,PAT0519,,77,mg/dL,2026-08-12,COBAS-501,A. Deshmukh,LP-2026-08-P03,TRUE
Triglycerides,P0520,PATIENT,,PAT0520,,61,mg/dL,2026-08-13,COBAS-702,R. Patel,LP-2026-08-P04,TRUE
Triglycerides,P0521,PATIENT,,PAT0521,,46,mg/dL,2026-08-14,COBAS-501,A. Deshmukh,LP-2026-08-P05,TRUE
Triglycerides,P0522,PATIENT,,PAT0522,,43,mg/dL,2026-08-15,COBAS-702,R. Patel,LP-2026-08-P06,TRUE
Triglycerides,P0523,PATIENT,,PAT0523,,57,mg/dL,2026-08-10,COBAS-501,A. Deshmukh,LP-2026-08-P07,TRUE
Triglycerides,P0524,PATIENT,,PAT0524,,61,mg/dL,2026-08-11,COBAS-702,R. Patel,LP-2026-08-P08,TRUE
Triglycerides,P0525,PATIENT,,PAT0525,,70,mg/dL,2026-08-12,COBAS-501,A. Deshmukh,LP-2026-08-P09,TRUE
Triglycerides,P0526,PATIENT,,PAT0526,,52,mg/dL,2026-08-13,COBAS-702,R. Patel,LP-2026-08-P10,TRUE
Triglycerides,P0527,PATIENT,,PAT0527,,60,mg/dL,2026-08-14,COBAS-501,A. Deshmukh,LP-2026-08-P11,TRUE
Triglycerides,P0528,PATIENT,,PAT0528,,52,mg/dL,2026-08-15,COBAS-702,R. Patel,LP-2026-08-P12,TRUE
Triglycerides,P0529,PATIENT,,PAT0529,,43,mg/dL,2026-08-10,COBAS-501,A. Deshmukh,LP-2026-08-P01,TRUE
Triglycerides,P0530,PATIENT,,PAT0530,,59,mg/dL,2026-08-11,COBAS-702,R. Patel,LP-2026-08-P02,TRUE
Triglycerides,P0531,PATIENT,,PAT0531,,122,mg/dL,2026-08-12,COBAS-501,A. Deshmukh,LP-2026-08-P03,TRUE
Triglycerides,P0532,PATIENT,,PAT0532,,60,mg/dL,2026-08-13,COBAS-702,R. Patel,LP-2026-08-P04,TRUE
Triglycerides,P0533,PATIENT,,PAT0533,,68,mg/dL,2026-08-14,COBAS-501,A. Deshmukh,LP-2026-08-P05,TRUE
Triglycerides,P0534,PATIENT,,PAT0534,,69,mg/dL,2026-08-15,COBAS-702,R. Patel,LP-2026-08-P06,TRUE
Triglycerides,P0535,PATIENT,,PAT0535,,69,mg/dL,2026-08-10,COBAS-501,A. Deshmukh,LP-2026-08-P07,TRUE
Triglycerides,P0536,PATIENT,,PAT0536,,47,mg/dL,2026-08-11,COBAS-702,R. Patel,LP-2026-08-P08,TRUE
Triglycerides,P0537,PATIENT,,PAT0537,,63,mg/dL,2026-08-12,COBAS-501,A. Deshmukh,LP-2026-08-P09,TRUE
Triglycerides,P0538,PATIENT,,PAT0538,,74,mg/dL,2026-08-13,COBAS-702,R. Patel,LP-2026-08-P10,TRUE
Triglycerides,P0539,PATIENT,,PAT0539,,60,mg/dL,2026-08-14,COBAS-501,A. Deshmukh,LP-2026-08-P11,TRUE
Triglycerides,P0540,PATIENT,,PAT0540,,58,mg/dL,2026-08-15,COBAS-702,R. Patel,LP-2026-08-P12,TRUE
Triglycerides,P0541,PATIENT,,PAT0541,,65,mg/dL,2026-08-10,COBAS-501,A. Deshmukh,LP-2026-08-P01,TRUE
Triglycerides,P0542,PATIENT,,PAT0542,,70,mg/dL,2026-08-11,COBAS-702,R. Patel,LP-2026-08-P02,TRUE
Triglycerides,P0543,PATIENT,,PAT0543,,73,mg/dL,2026-08-12,COBAS-501,A. Deshmukh,LP-2026-08-P03,TRUE
Triglycerides,P0544,PATIENT,,PAT0544,,75,mg/dL,2026-08-13,COBAS-702,R. Patel,LP-2026-08-P04,TRUE
Triglycerides,P0545,PATIENT,,PAT0545,,86,mg/dL,2026-08-14,COBAS-501,A. Deshmukh,LP-2026-08-P05,TRUE
Triglycerides,P0546,PATIENT,,PAT0546,,69,mg/dL,2026-08-15,COBAS-702,R. Patel,LP-2026-08-P06,TRUE
Triglycerides,P0547,PATIENT,,PAT0547,,51,mg/dL,2026-08-10,COBAS-501,A. Deshmukh,LP-2026-08-P07,TRUE
Triglycerides,P0548,PATIENT,,PAT0548,,51,mg/dL,2026-08-11,COBAS-702,R. Patel,LP-2026-08-P08,TRUE
Triglycerides,P0549,PATIENT,,PAT0549,,60,mg/dL,2026-08-12,COBAS-501,A. Deshmukh,LP-2026-08-P09,TRUE
Triglycerides,P0550,PATIENT,,PAT0550,,71,mg/dL,2026-08-13,COBAS-702,R. Patel,LP-2026-08-P10,TRUE
Triglycerides,P0551,PATIENT,,PAT0551,,66,mg/dL,2026-08-14,COBAS-501,A. Deshmukh,LP-2026-08-P11,TRUE
Triglycerides,P0552,PATIENT,,PAT0552,,68,mg/dL,2026-08-15,COBAS-702,R. Patel,LP-2026-08-P12,TRUE
Triglycerides,P0553,PATIENT,,PAT0553,,49,mg/dL,2026-08-10,COBAS-501,A. Deshmukh,LP-2026-08-P01,TRUE
Triglycerides,P0554,PATIENT,,PAT0554,,54,mg/dL,2026-08-11,COBAS-702,R. Patel,LP-2026-08-P02,TRUE
Triglycerides,P0555,PATIENT,,PAT0555,,92,mg/dL,2026-08-12,COBAS-501,A. Deshmukh,LP-2026-08-P03,TRUE
Triglycerides,P0556,PATIENT,,PAT0556,,49,mg/dL,2026-08-13,COBAS-702,R. Patel,LP-2026-08-P04,TRUE
Triglycerides,P0557,PATIENT,,PAT0557,,66,mg/dL,2026-08-14,COBAS-501,A. Deshmukh,LP-2026-08-P05,TRUE
Triglycerides,P0558,PATIENT,,PAT0558,,82,mg/dL,2026-08-15,COBAS-702,R. Patel,LP-2026-08-P06,TRUE
Triglycerides,P0559,PATIENT,,PAT0559,,85,mg/dL,2026-08-10,COBAS-501,A. Deshmukh,LP-2026-08-P07,TRUE
Triglycerides,P0560,PATIENT,,PAT0560,,56,mg/dL,2026-08-11,COBAS-702,R. Patel,LP-2026-08-P08,TRUE
Triglycerides,P0561,PATIENT,,PAT0561,,70,mg/dL,2026-08-12,COBAS-501,A. Deshmukh,LP-2026-08-P09,TRUE
Triglycerides,P0562,PATIENT,,PAT0562,,52,mg/dL,2026-08-13,COBAS-702,R. Patel,LP-2026-08-P10,TRUE
Triglycerides,P0563,PATIENT,,PAT0563,,61,mg/dL,2026-08-14,COBAS-501,A. Deshmukh,LP-2026-08-P11,TRUE
Triglycerides,P0564,PATIENT,,PAT0564,,75,mg/dL,2026-08-15,COBAS-702,R. Patel,LP-2026-08-P12,TRUE
Triglycerides,P0565,PATIENT,,PAT0565,,37,mg/dL,2026-08-10,COBAS-501,A. Deshmukh,LP-2026-08-P01,TRUE
Triglycerides,P0566,PATIENT,,PAT0566,,54,mg/dL,2026-08-11,COBAS-702,R. Patel,LP-2026-08-P02,TRUE
Triglycerides,P0567,PATIENT,,PAT0567,,72,mg/dL,2026-08-12,COBAS-501,A. Deshmukh,LP-2026-08-P03,TRUE
Triglycerides,P0568,PATIENT,,PAT0568,,66,mg/dL,2026-08-13,COBAS-702,R. Patel,LP-2026-08-P04,TRUE
Triglycerides,P0569,PATIENT,,PAT0569,,66,mg/dL,2026-08-14,COBAS-501,A. Deshmukh,LP-2026-08-P05,TRUE
Triglycerides,P0570,PATIENT,,PAT0570,,60,mg/dL,2026-08-15,COBAS-702,R. Patel,LP-2026-08-P06,TRUE
Triglycerides,P0571,PATIENT,,PAT0571,,61,mg/dL,2026-08-10,COBAS-501,A. Deshmukh,LP-2026-08-P07,TRUE
Triglycerides,P0572,PATIENT,,PAT0572,,49,mg/dL,2026-08-11,COBAS-702,R. Patel,LP-2026-08-P08,TRUE
Triglycerides,P0573,PATIENT,,PAT0573,,76,mg/dL,2026-08-12,COBAS-501,A. Deshmukh,LP-2026-08-P09,TRUE
Triglycerides,P0574,PATIENT,,PAT0574,,71,mg/dL,2026-08-13,COBAS-702,R. Patel,LP-2026-08-P10,TRUE
Triglycerides,P0575,PATIENT,,PAT0575,,48,mg/dL,2026-08-14,COBAS-501,A. Deshmukh,LP-2026-08-P11,TRUE
Triglycerides,P0576,PATIENT,,PAT0576,,94,mg/dL,2026-08-15,COBAS-702,R. Patel,LP-2026-08-P12,TRUE
Triglycerides,P0577,PATIENT,,PAT0577,,42,mg/dL,2026-08-10,COBAS-501,A. Deshmukh,LP-2026-08-P01,TRUE
Triglycerides,P0578,PATIENT,,PAT0578,,60,mg/dL,2026-08-11,COBAS-702,R. Patel,LP-2026-08-P02,TRUE
Triglycerides,P0579,PATIENT,,PAT0579,,67,mg/dL,2026-08-12,COBAS-501,A. Deshmukh,LP-2026-08-P03,TRUE
Triglycerides,P0580,PATIENT,,PAT0580,,45,mg/dL,2026-08-13,COBAS-702,R. Patel,LP-2026-08-P04,TRUE
Triglycerides,P0581,PATIENT,,PAT0581,,46,mg/dL,2026-08-14,COBAS-501,A. Deshmukh,LP-2026-08-P05,TRUE
Triglycerides,P0582,PATIENT,,PAT0582,,56,mg/dL,2026-08-15,COBAS-702,R. Patel,LP-2026-08-P06,TRUE
Triglycerides,P0583,PATIENT,,PAT0583,,52,mg/dL,2026-08-10,COBAS-501,A. Deshmukh,LP-2026-08-P07,FALSE
Triglycerides,P0584,PATIENT,,PAT0584,,66,mg/dL,2026-08-11,COBAS-702,R. Patel,LP-2026-08-P08,TRUE
Triglycerides,P0585,PATIENT,,PAT0585,,50,mg/dL,2026-08-12,COBAS-501,A. Deshmukh,LP-2026-08-P09,TRUE
Triglycerides,P0586,PATIENT,,PAT0586,,67,mg/dL,2026-08-13,COBAS-702,R. Patel,LP-2026-08-P10,TRUE
Triglycerides,P0587,PATIENT,,PAT0587,,42,mg/dL,2026-08-14,COBAS-501,A. Deshmukh,LP-2026-08-P11,TRUE
Triglycerides,P0588,PATIENT,,PAT0588,,72,mg/dL,2026-08-15,COBAS-702,R. Patel,LP-2026-08-P12,TRUE
Triglycerides,P0589,PATIENT,,PAT0589,,31,mg/dL,2026-08-10,COBAS-501,A. Deshmukh,LP-2026-08-P01,TRUE
Triglycerides,P0590,PATIENT,,PAT0590,,73,mg/dL,2026-08-11,COBAS-702,R. Patel,LP-2026-08-P02,TRUE
Triglycerides,P0591,PATIENT,,PAT0591,,64,mg/dL,2026-08-12,COBAS-501,A. Deshmukh,LP-2026-08-P03,TRUE
Triglycerides,P0592,PATIENT,,PAT0592,,49,mg/dL,2026-08-13,COBAS-702,R. Patel,LP-2026-08-P04,TRUE
Triglycerides,P0593,PATIENT,,PAT0593,,108,mg/dL,2026-08-14,COBAS-501,A. Deshmukh,LP-2026-08-P05,TRUE
Triglycerides,P0594,PATIENT,,PAT0594,,48,mg/dL,2026-08-15,COBAS-702,R. Patel,LP-2026-08-P06,TRUE
Triglycerides,P0595,PATIENT,,PAT0595,,71,mg/dL,2026-08-10,COBAS-501,A. Deshmukh,LP-2026-08-P07,TRUE
Triglycerides,P0596,PATIENT,,PAT0596,,71,mg/dL,2026-08-11,COBAS-702,R. Patel,LP-2026-08-P08,TRUE
Triglycerides,P0597,PATIENT,,PAT0597,,68,mg/dL,2026-08-12,COBAS-501,A. Deshmukh,LP-2026-08-P09,TRUE
Triglycerides,P0598,PATIENT,,PAT0598,,65,mg/dL,2026-08-13,COBAS-702,R. Patel,LP-2026-08-P10,TRUE
Triglycerides,P0599,PATIENT,,PAT0599,,99,mg/dL,2026-08-14,COBAS-501,A. Deshmukh,LP-2026-08-P11,TRUE
Triglycerides,P0600,PATIENT,,PAT0600,,66,mg/dL,2026-08-15,COBAS-702,R. Patel,LP-2026-08-P12,TRUE
Triglycerides,P0601,PATIENT,,PAT0601,,85,mg/dL,2026-08-10,COBAS-501,A. Deshmukh,LP-2026-08-P01,TRUE
Triglycerides,P0602,PATIENT,,PAT0602,,74,mg/dL,2026-08-11,COBAS-702,R. Patel,LP-2026-08-P02,TRUE
Triglycerides,P0603,PATIENT,,PAT0603,,62,mg/dL,2026-08-12,COBAS-501,A. Deshmukh,LP-2026-08-P03,TRUE
Triglycerides,P0604,PATIENT,,PAT0604,,103,mg/dL,2026-08-13,COBAS-702,R. Patel,LP-2026-08-P04,TRUE
Triglycerides,P0605,PATIENT,,PAT0605,,66,mg/dL,2026-08-14,COBAS-501,A. Deshmukh,LP-2026-08-P05,TRUE
Triglycerides,P0606,PATIENT,,PAT0606,,53,mg/dL,2026-08-15,COBAS-702,R. Patel,LP-2026-08-P06,TRUE
Triglycerides,P0607,PATIENT,,PAT0607,,70,mg/dL,2026-08-10,COBAS-501,A. Deshmukh,LP-2026-08-P07,TRUE
Triglycerides,P0608,PATIENT,,PAT0608,,45,mg/dL,2026-08-11,COBAS-702,R. Patel,LP-2026-08-P08,TRUE
Triglycerides,P0609,PATIENT,,PAT0609,,82,mg/dL,2026-08-12,COBAS-501,A. Deshmukh,LP-2026-08-P09,TRUE
Triglycerides,P0610,PATIENT,,PAT0610,,66,mg/dL,2026-08-13,COBAS-702,R. Patel,LP-2026-08-P10,TRUE
Triglycerides,P0611,PATIENT,,PAT0611,,59,mg/dL,2026-08-14,COBAS-501,A. Deshmukh,LP-2026-08-P11,TRUE
Triglycerides,P0612,PATIENT,,PAT0612,,67,mg/dL,2026-08-15,COBAS-702,R. Patel,LP-2026-08-P12,TRUE
Triglycerides,P0613,PATIENT,,PAT0613,,78,mg/dL,2026-08-10,COBAS-501,A. Deshmukh,LP-2026-08-P01,TRUE
Triglycerides,P0614,PATIENT,,PAT0614,,67,mg/dL,2026-08-11,COBAS-702,R. Patel,LP-2026-08-P02,TRUE
Triglycerides,P0615,PATIENT,,PAT0615,,37,mg/dL,2026-08-12,COBAS-501,A. Deshmukh,LP-2026-08-P03,TRUE
Triglycerides,P0616,PATIENT,,PAT0616,,68,mg/dL,2026-08-13,COBAS-702,R. Patel,LP-2026-08-P04,TRUE
Triglycerides,P0617,PATIENT,,PAT0617,,58,mg/dL,2026-08-14,COBAS-501,A. Deshmukh,LP-2026-08-P05,TRUE
Triglycerides,P0618,PATIENT,,PAT0618,,67,mg/dL,2026-08-15,COBAS-702,R. Patel,LP-2026-08-P06,TRUE
Triglycerides,P0619,PATIENT,,PAT0619,,53,mg/dL,2026-08-10,COBAS-501,A. Deshmukh,LP-2026-08-P07,TRUE
Triglycerides,P0620,PATIENT,,PAT0620,,94,mg/dL,2026-08-11,COBAS-702,R. Patel,LP-2026-08-P08,TRUE
Triglycerides,P0621,PATIENT,,PAT0621,,70,mg/dL,2026-08-12,COBAS-501,A. Deshmukh,LP-2026-08-P09,TRUE
Triglycerides,P0622,PATIENT,,PAT0622,,58,mg/dL,2026-08-13,COBAS-702,R. Patel,LP-2026-08-P10,TRUE
Triglycerides,P0623,PATIENT,,PAT0623,,66,mg/dL,2026-08-14,COBAS-501,A. Deshmukh,LP-2026-08-P11,TRUE
Triglycerides,P0624,PATIENT,,PAT0624,,75,mg/dL,2026-08-15,COBAS-702,R. Patel,LP-2026-08-P12,TRUE
Triglycerides,P0625,PATIENT,,PAT0625,,81,mg/dL,2026-08-10,COBAS-501,A. Deshmukh,LP-2026-08-P01,TRUE
Triglycerides,P0626,PATIENT,,PAT0626,,98,mg/dL,2026-08-11,COBAS-702,R. Patel,LP-2026-08-P02,TRUE
Triglycerides,P0627,PATIENT,,PAT0627,,67,mg/dL,2026-08-12,COBAS-501,A. Deshmukh,LP-2026-08-P03,TRUE
Triglycerides,P0628,PATIENT,,PAT0628,,69,mg/dL,2026-08-13,COBAS-702,R. Patel,LP-2026-08-P04,TRUE
Triglycerides,P0629,PATIENT,,PAT0629,,56,mg/dL,2026-08-14,COBAS-501,A. Deshmukh,LP-2026-08-P05,TRUE
Triglycerides,P0630,PATIENT,,PAT0630,,65,mg/dL,2026-08-15,COBAS-702,R. Patel,LP-2026-08-P06,TRUE
Triglycerides,P0631,PATIENT,,PAT0631,,66,mg/dL,2026-08-10,COBAS-501,A. Deshmukh,LP-2026-08-P07,TRUE
Triglycerides,P0632,PATIENT,,PAT0632,,44,mg/dL,2026-08-11,COBAS-702,R. Patel,LP-2026-08-P08,TRUE
Triglycerides,P0633,PATIENT,,PAT0633,,73,mg/dL,2026-08-12,COBAS-501,A. Deshmukh,LP-2026-08-P09,TRUE
Triglycerides,P0634,PATIENT,,PAT0634,,67,mg/dL,2026-08-13,COBAS-702,R. Patel,LP-2026-08-P10,TRUE
Triglycerides,P0635,PATIENT,,PAT0635,,76,mg/dL,2026-08-14,COBAS-501,A. Deshmukh,LP-2026-08-P11,TRUE
Triglycerides,P0636,PATIENT,,PAT0636,,87,mg/dL,2026-08-15,COBAS-702,R. Patel,LP-2026-08-P12,TRUE
Triglycerides,P0637,PATIENT,,PAT0637,,67,mg/dL,2026-08-10,COBAS-501,A. Deshmukh,LP-2026-08-P01,TRUE
Triglycerides,P0638,PATIENT,,PAT0638,,78,mg/dL,2026-08-11,COBAS-702,R. Patel,LP-2026-08-P02,TRUE
Triglycerides,P0639,PATIENT,,PAT0639,,59,mg/dL,2026-08-12,COBAS-501,A. Deshmukh,LP-2026-08-P03,TRUE
Triglycerides,P0640,PATIENT,,PAT0640,,73,mg/dL,2026-08-13,COBAS-702,R. Patel,LP-2026-08-P04,TRUE
Triglycerides,P0641,PATIENT,,PAT0641,,54,mg/dL,2026-08-14,COBAS-501,A. Deshmukh,LP-2026-08-P05,TRUE
Triglycerides,P0642,PATIENT,,PAT0642,,68,mg/dL,2026-08-15,COBAS-702,R. Patel,LP-2026-08-P06,TRUE
Triglycerides,P0643,PATIENT,,PAT0643,,52,mg/dL,2026-08-10,COBAS-501,A. Deshmukh,LP-2026-08-P07,TRUE
Triglycerides,P0644,PATIENT,,PAT0644,,125,mg/dL,2026-08-11,COBAS-702,R. Patel,LP-2026-08-P08,TRUE
Triglycerides,P0645,PATIENT,,PAT0645,,58,mg/dL,2026-08-12,COBAS-501,A. Deshmukh,LP-2026-08-P09,TRUE
Triglycerides,P0646,PATIENT,,PAT0646,,76,mg/dL,2026-08-13,COBAS-702,R. Patel,LP-2026-08-P10,TRUE
Triglycerides,P0647,PATIENT,,PAT0647,,65,mg/dL,2026-08-14,COBAS-501,A. Deshmukh,LP-2026-08-P11,TRUE
Triglycerides,P0648,PATIENT,,PAT0648,,116,mg/dL,2026-08-15,COBAS-702,R. Patel,LP-2026-08-P12,TRUE
Triglycerides,P0649,PATIENT,,PAT0649,,72,mg/dL,2026-08-10,COBAS-501,A. Deshmukh,LP-2026-08-P01,TRUE
Triglycerides,P0650,PATIENT,,PAT0650,,64,mg/dL,2026-08-11,COBAS-702,R. Patel,LP-2026-08-P02,TRUE
Triglycerides,P0651,PATIENT,,PAT0651,,68,mg/dL,2026-08-12,COBAS-501,A. Deshmukh,LP-2026-08-P03,TRUE
Triglycerides,P0652,PATIENT,,PAT0652,,61,mg/dL,2026-08-13,COBAS-702,R. Patel,LP-2026-08-P04,TRUE
Triglycerides,P0653,PATIENT,,PAT0653,,66,mg/dL,2026-08-14,COBAS-501,A. Deshmukh,LP-2026-08-P05,TRUE
Triglycerides,P0654,PATIENT,,PAT0654,,62,mg/dL,2026-08-15,COBAS-702,R. Patel,LP-2026-08-P06,TRUE
Triglycerides,P0655,PATIENT,,PAT0655,,80,mg/dL,2026-08-10,COBAS-501,A. Deshmukh,LP-2026-08-P07,TRUE
Triglycerides,P0656,PATIENT,,PAT0656,,80,mg/dL,2026-08-11,COBAS-702,R. Patel,LP-2026-08-P08,TRUE
Triglycerides,P0657,PATIENT,,PAT0657,,72,mg/dL,2026-08-12,COBAS-501,A. Deshmukh,LP-2026-08-P09,TRUE
Triglycerides,P0658,PATIENT,,PAT0658,,68,mg/dL,2026-08-13,COBAS-702,R. Patel,LP-2026-08-P10,TRUE
Triglycerides,P0659,PATIENT,,PAT0659,,58,mg/dL,2026-08-14,COBAS-501,A. Deshmukh,LP-2026-08-P11,TRUE
Triglycerides,P0660,PATIENT,,PAT0660,,63,mg/dL,2026-08-15,COBAS-702,R. Patel,LP-2026-08-P12,TRUE
Triglycerides,P0661,PATIENT,,PAT0661,,65,mg/dL,2026-08-10,COBAS-501,A. Deshmukh,LP-2026-08-P01,TRUE
Triglycerides,P0662,PATIENT,,PAT0662,,83,mg/dL,2026-08-11,COBAS-702,R. Patel,LP-2026-08-P02,TRUE
Triglycerides,P0663,PATIENT,,PAT0663,,68,mg/dL,2026-08-12,COBAS-501,A. Deshmukh,LP-2026-08-P03,TRUE
Triglycerides,P0664,PATIENT,,PAT0664,,70,mg/dL,2026-08-13,COBAS-702,R. Patel,LP-2026-08-P04,TRUE
Triglycerides,P0665,PATIENT,,PAT0665,,80,mg/dL,2026-08-14,COBAS-501,A. Deshmukh,LP-2026-08-P05,TRUE
Triglycerides,P0666,PATIENT,,PAT0666,,30,mg/dL,2026-08-15,COBAS-702,R. Patel,LP-2026-08-P06,TRUE
Triglycerides,P0667,PATIENT,,PAT0667,,65,mg/dL,2026-08-10,COBAS-501,A. Deshmukh,LP-2026-08-P07,TRUE
Triglycerides,P0668,PATIENT,,PAT0668,,44,mg/dL,2026-08-11,COBAS-702,R. Patel,LP-2026-08-P08,TRUE
Triglycerides,P0669,PATIENT,,PAT0669,,66,mg/dL,2026-08-12,COBAS-501,A. Deshmukh,LP-2026-08-P09,TRUE
Triglycerides,P0670,PATIENT,,PAT0670,,78,mg/dL,2026-08-13,COBAS-702,R. Patel,LP-2026-08-P10,TRUE
Triglycerides,P0671,PATIENT,,PAT0671,,87,mg/dL,2026-08-14,COBAS-501,A. Deshmukh,LP-2026-08-P11,TRUE
Triglycerides,P0672,PATIENT,,PAT0672,,74,mg/dL,2026-08-15,COBAS-702,R. Patel,LP-2026-08-P12,TRUE
Triglycerides,P0673,PATIENT,,PAT0673,,69,mg/dL,2026-08-10,COBAS-501,A. Deshmukh,LP-2026-08-P01,TRUE
Triglycerides,P0674,PATIENT,,PAT0674,,54,mg/dL,2026-08-11,COBAS-702,R. Patel,LP-2026-08-P02,TRUE
Triglycerides,P0675,PATIENT,,PAT0675,,82,mg/dL,2026-08-12,COBAS-501,A. Deshmukh,LP-2026-08-P03,TRUE
Triglycerides,P0676,PATIENT,,PAT0676,,78,mg/dL,2026-08-13,COBAS-702,R. Patel,LP-2026-08-P04,TRUE
Triglycerides,P0677,PATIENT,,PAT0677,,44,mg/dL,2026-08-14,COBAS-501,A. Deshmukh,LP-2026-08-P05,TRUE
Triglycerides,P0678,PATIENT,,PAT0678,,67,mg/dL,2026-08-15,COBAS-702,R. Patel,LP-2026-08-P06,TRUE
Triglycerides,P0679,PATIENT,,PAT0679,,70,mg/dL,2026-08-10,COBAS-501,A. Deshmukh,LP-2026-08-P07,TRUE
Triglycerides,P0680,PATIENT,,PAT0680,,134,mg/dL,2026-08-11,COBAS-702,R. Patel,LP-2026-08-P08,FALSE
Triglycerides,P0681,PATIENT,,PAT0681,,71,mg/dL,2026-08-12,COBAS-501,A. Deshmukh,LP-2026-08-P09,TRUE
Triglycerides,P0682,PATIENT,,PAT0682,,77,mg/dL,2026-08-13,COBAS-702,R. Patel,LP-2026-08-P10,TRUE
Triglycerides,P0683,PATIENT,,PAT0683,,78,mg/dL,2026-08-14,COBAS-501,A. Deshmukh,LP-2026-08-P11,TRUE
Triglycerides,P0684,PATIENT,,PAT0684,,69,mg/dL,2026-08-15,COBAS-702,R. Patel,LP-2026-08-P12,TRUE
Triglycerides,P0685,PATIENT,,PAT0685,,54,mg/dL,2026-08-10,COBAS-501,A. Deshmukh,LP-2026-08-P01,TRUE
Triglycerides,P0686,PATIENT,,PAT0686,,66,mg/dL,2026-08-11,COBAS-702,R. Patel,LP-2026-08-P02,TRUE
Triglycerides,P0687,PATIENT,,PAT0687,,65,mg/dL,2026-08-12,COBAS-501,A. Deshmukh,LP-2026-08-P03,TRUE
Triglycerides,P0688,PATIENT,,PAT0688,,63,mg/dL,2026-08-13,COBAS-702,R. Patel,LP-2026-08-P04,TRUE
Triglycerides,P0689,PATIENT,,PAT0689,,60,mg/dL,2026-08-14,COBAS-501,A. Deshmukh,LP-2026-08-P05,TRUE
Triglycerides,P0690,PATIENT,,PAT0690,,61,mg/dL,2026-08-15,COBAS-702,R. Patel,LP-2026-08-P06,TRUE
Triglycerides,P0691,PATIENT,,PAT0691,,66,mg/dL,2026-08-10,COBAS-501,A. Deshmukh,LP-2026-08-P07,TRUE
Triglycerides,P0692,PATIENT,,PAT0692,,91,mg/dL,2026-08-11,COBAS-702,R. Patel,LP-2026-08-P08,TRUE
Triglycerides,P0693,PATIENT,,PAT0693,,67,mg/dL,2026-08-12,COBAS-501,A. Deshmukh,LP-2026-08-P09,TRUE
Triglycerides,P0694,PATIENT,,PAT0694,,76,mg/dL,2026-08-13,COBAS-702,R. Patel,LP-2026-08-P10,TRUE
Triglycerides,P0695,PATIENT,,PAT0695,,63,mg/dL,2026-08-14,COBAS-501,A. Deshmukh,LP-2026-08-P11,TRUE
Triglycerides,P0696,PATIENT,,PAT0696,,82,mg/dL,2026-08-15,COBAS-702,R. Patel,LP-2026-08-P12,TRUE
Triglycerides,P0697,PATIENT,,PAT0697,,58,mg/dL,2026-08-10,COBAS-501,A. Deshmukh,LP-2026-08-P01,TRUE
Triglycerides,P0698,PATIENT,,PAT0698,,83,mg/dL,2026-08-11,COBAS-702,R. Patel,LP-2026-08-P02,TRUE
Triglycerides,P0699,PATIENT,,PAT0699,,58,mg/dL,2026-08-12,COBAS-501,A. Deshmukh,LP-2026-08-P03,TRUE
Triglycerides,P0700,PATIENT,,PAT0700,,61,mg/dL,2026-08-13,COBAS-702,R. Patel,LP-2026-08-P04,TRUE
Triglycerides,P0701,PATIENT,,PAT0701,,76,mg/dL,2026-08-14,COBAS-501,A. Deshmukh,LP-2026-08-P05,TRUE
Triglycerides,P0702,PATIENT,,PAT0702,,68,mg/dL,2026-08-15,COBAS-702,R. Patel,LP-2026-08-P06,TRUE
Triglycerides,P0703,PATIENT,,PAT0703,,50,mg/dL,2026-08-10,COBAS-501,A. Deshmukh,LP-2026-08-P07,TRUE
Triglycerides,P0704,PATIENT,,PAT0704,,55,mg/dL,2026-08-11,COBAS-702,R. Patel,LP-2026-08-P08,TRUE
Triglycerides,P0705,PATIENT,,PAT0705,,46,mg/dL,2026-08-12,COBAS-501,A. Deshmukh,LP-2026-08-P09,TRUE
Triglycerides,P0706,PATIENT,,PAT0706,,57,mg/dL,2026-08-13,COBAS-702,R. Patel,LP-2026-08-P10,TRUE
Triglycerides,P0707,PATIENT,,PAT0707,,70,mg/dL,2026-08-14,COBAS-501,A. Deshmukh,LP-2026-08-P11,TRUE
Triglycerides,P0708,PATIENT,,PAT0708,,51,mg/dL,2026-08-15,COBAS-702,R. Patel,LP-2026-08-P12,TRUE
Triglycerides,P0709,PATIENT,,PAT0709,,64,mg/dL,2026-08-10,COBAS-501,A. Deshmukh,LP-2026-08-P01,TRUE
Triglycerides,P0710,PATIENT,,PAT0710,,118,mg/dL,2026-08-11,COBAS-702,R. Patel,LP-2026-08-P02,TRUE
Triglycerides,P0711,PATIENT,,PAT0711,,53,mg/dL,2026-08-12,COBAS-501,A. Deshmukh,LP-2026-08-P03,TRUE
Triglycerides,P0712,PATIENT,,PAT0712,,53,mg/dL,2026-08-13,COBAS-702,R. Patel,LP-2026-08-P04,TRUE
Triglycerides,P0713,PATIENT,,PAT0713,,54,mg/dL,2026-08-14,COBAS-501,A. Deshmukh,LP-2026-08-P05,TRUE
Triglycerides,P0714,PATIENT,,PAT0714,,55,mg/dL,2026-08-15,COBAS-702,R. Patel,LP-2026-08-P06,TRUE
Triglycerides,P0715,PATIENT,,PAT0715,,65,mg/dL,2026-08-10,COBAS-501,A. Deshmukh,LP-2026-08-P07,TRUE
Triglycerides,P0716,PATIENT,,PAT0716,,57,mg/dL,2026-08-11,COBAS-702,R. Patel,LP-2026-08-P08,TRUE
Triglycerides,P0717,PATIENT,,PAT0717,,70,mg/dL,2026-08-12,COBAS-501,A. Deshmukh,LP-2026-08-P09,TRUE
Triglycerides,P0718,PATIENT,,PAT0718,,64,mg/dL,2026-08-13,COBAS-702,R. Patel,LP-2026-08-P10,TRUE
Triglycerides,P0719,PATIENT,,PAT0719,,78,mg/dL,2026-08-14,COBAS-501,A. Deshmukh,LP-2026-08-P11,TRUE
Triglycerides,P0720,PATIENT,,PAT0720,,79,mg/dL,2026-08-15,COBAS-702,R. Patel,LP-2026-08-P12,TRUE
Triglycerides,P0721,PATIENT,,PAT0721,,61,mg/dL,2026-08-10,COBAS-501,A. Deshmukh,LP-2026-08-P01,TRUE
Triglycerides,P0722,PATIENT,,PAT0722,,66,mg/dL,2026-08-11,COBAS-702,R. Patel,LP-2026-08-P02,TRUE
Triglycerides,P0723,PATIENT,,PAT0723,,66,mg/dL,2026-08-12,COBAS-501,A. Deshmukh,LP-2026-08-P03,TRUE
Triglycerides,P0724,PATIENT,,PAT0724,,82,mg/dL,2026-08-13,COBAS-702,R. Patel,LP-2026-08-P04,TRUE
Triglycerides,P0725,PATIENT,,PAT0725,,62,mg/dL,2026-08-14,COBAS-501,A. Deshmukh,LP-2026-08-P05,TRUE
Triglycerides,P0726,PATIENT,,PAT0726,,126,mg/dL,2026-08-15,COBAS-702,R. Patel,LP-2026-08-P06,TRUE
Triglycerides,P0727,PATIENT,,PAT0727,,77,mg/dL,2026-08-10,COBAS-501,A. Deshmukh,LP-2026-08-P07,TRUE
Triglycerides,P0728,PATIENT,,PAT0728,,137,mg/dL,2026-08-11,COBAS-702,R. Patel,LP-2026-08-P08,TRUE
Triglycerides,P0729,PATIENT,,PAT0729,,75,mg/dL,2026-08-12,COBAS-501,A. Deshmukh,LP-2026-08-P09,TRUE
Triglycerides,P0730,PATIENT,,PAT0730,,77,mg/dL,2026-08-13,COBAS-702,R. Patel,LP-2026-08-P10,TRUE
Triglycerides,P0731,PATIENT,,PAT0731,,56,mg/dL,2026-08-14,COBAS-501,A. Deshmukh,LP-2026-08-P11,TRUE
Triglycerides,P0732,PATIENT,,PAT0732,,72,mg/dL,2026-08-15,COBAS-702,R. Patel,LP-2026-08-P12,TRUE
Triglycerides,P0733,PATIENT,,PAT0733,,44,mg/dL,2026-08-10,COBAS-501,A. Deshmukh,LP-2026-08-P01,TRUE
Triglycerides,P0734,PATIENT,,PAT0734,,79,mg/dL,2026-08-11,COBAS-702,R. Patel,LP-2026-08-P02,TRUE
Triglycerides,P0735,PATIENT,,PAT0735,,70,mg/dL,2026-08-12,COBAS-501,A. Deshmukh,LP-2026-08-P03,TRUE
Triglycerides,P0736,PATIENT,,PAT0736,,61,mg/dL,2026-08-13,COBAS-702,R. Patel,LP-2026-08-P04,TRUE
Triglycerides,P0737,PATIENT,,PAT0737,,68,mg/dL,2026-08-14,COBAS-501,A. Deshmukh,LP-2026-08-P05,TRUE
Triglycerides,P0738,PATIENT,,PAT0738,,73,mg/dL,2026-08-15,COBAS-702,R. Patel,LP-2026-08-P06,TRUE
Triglycerides,P0739,PATIENT,,PAT0739,,57,mg/dL,2026-08-10,COBAS-501,A. Deshmukh,LP-2026-08-P07,TRUE
Triglycerides,P0740,PATIENT,,PAT0740,,----,mg/dL,2026-08-11,COBAS-702,R. Patel,LP-2026-08-P08,FALSE
Triglycerides,P0741,PATIENT,,PAT0741,,70,mg/dL,2026-08-12,COBAS-501,A. Deshmukh,LP-2026-08-P09,TRUE
Triglycerides,P0742,PATIENT,,PAT0742,,57,mg/dL,2026-08-13,COBAS-702,R. Patel,LP-2026-08-P10,TRUE
Triglycerides,P0743,PATIENT,,PAT0743,,55,mg/dL,2026-08-14,COBAS-501,A. Deshmukh,LP-2026-08-P11,TRUE
Triglycerides,P0744,PATIENT,,PAT0744,,56,mg/dL,2026-08-15,COBAS-702,R. Patel,LP-2026-08-P12,TRUE
Triglycerides,P0745,PATIENT,,PAT0745,,47,mg/dL,2026-08-10,COBAS-501,A. Deshmukh,LP-2026-08-P01,TRUE
Triglycerides,P0746,PATIENT,,PAT0746,,49,mg/dL,2026-08-11,COBAS-702,R. Patel,LP-2026-08-P02,TRUE
Triglycerides,P0747,PATIENT,,PAT0747,,62,mg/dL,2026-08-12,COBAS-501,A. Deshmukh,LP-2026-08-P03,TRUE
Triglycerides,P0748,PATIENT,,PAT0748,,62,mg/dL,2026-08-13,COBAS-702,R. Patel,LP-2026-08-P04,TRUE
Triglycerides,P0749,PATIENT,,PAT0749,,130,mg/dL,2026-08-14,COBAS-501,A. Deshmukh,LP-2026-08-P05,TRUE
Triglycerides,P0750,PATIENT,,PAT0750,,79,mg/dL,2026-08-15,COBAS-702,R. Patel,LP-2026-08-P06,TRUE
Triglycerides,P0751,PATIENT,,PAT0751,,115,mg/dL,2026-08-10,COBAS-501,A. Deshmukh,LP-2026-08-P07,TRUE
Triglycerides,P0752,PATIENT,,PAT0752,,103,mg/dL,2026-08-11,COBAS-702,R. Patel,LP-2026-08-P08,TRUE
Triglycerides,P0753,PATIENT,,PAT0753,,122,mg/dL,2026-08-12,COBAS-501,A. Deshmukh,LP-2026-08-P09,TRUE
Triglycerides,P0754,PATIENT,,PAT0754,,60,mg/dL,2026-08-13,COBAS-702,R. Patel,LP-2026-08-P10,TRUE
Triglycerides,P0755,PATIENT,,PAT0755,,28,mg/dL,2026-08-14,COBAS-501,A. Deshmukh,LP-2026-08-P11,TRUE
Triglycerides,P0756,PATIENT,,PAT0756,,61,mg/dL,2026-08-15,COBAS-702,R. Patel,LP-2026-08-P12,TRUE
Triglycerides,P0757,PATIENT,,PAT0757,,68,mg/dL,2026-08-10,COBAS-501,A. Deshmukh,LP-2026-08-P01,TRUE
Triglycerides,P0758,PATIENT,,PAT0758,,66,mg/dL,2026-08-11,COBAS-702,R. Patel,LP-2026-08-P02,TRUE
Triglycerides,P0759,PATIENT,,PAT0759,,68,mg/dL,2026-08-12,COBAS-501,A. Deshmukh,LP-2026-08-P03,TRUE
Triglycerides,P0760,PATIENT,,PAT0760,,56,mg/dL,2026-08-13,COBAS-702,R. Patel,LP-2026-08-P04,TRUE
Triglycerides,P0761,PATIENT,,PAT0761,,73,mg/dL,2026-08-14,COBAS-501,A. Deshmukh,LP-2026-08-P05,TRUE
Triglycerides,P0762,PATIENT,,PAT0762,,68,mg/dL,2026-08-15,COBAS-702,R. Patel,LP-2026-08-P06,TRUE
Triglycerides,P0763,PATIENT,,PAT0763,,86,mg/dL,2026-08-10,COBAS-501,A. Deshmukh,LP-2026-08-P07,TRUE
Triglycerides,P0764,PATIENT,,PAT0764,,66,mg/dL,2026-08-11,COBAS-702,R. Patel,LP-2026-08-P08,TRUE
Triglycerides,P0765,PATIENT,,PAT0765,,57,mg/dL,2026-08-12,COBAS-501,A. Deshmukh,LP-2026-08-P09,TRUE
Triglycerides,P0766,PATIENT,,PAT0766,,48,mg/dL,2026-08-13,COBAS-702,R. Patel,LP-2026-08-P10,TRUE
Triglycerides,P0767,PATIENT,,PAT0767,,51,mg/dL,2026-08-14,COBAS-501,A. Deshmukh,LP-2026-08-P11,TRUE
Triglycerides,P0768,PATIENT,,PAT0768,,37,mg/dL,2026-08-15,COBAS-702,R. Patel,LP-2026-08-P12,TRUE
Triglycerides,P0769,PATIENT,,PAT0769,,71,mg/dL,2026-08-10,COBAS-501,A. Deshmukh,LP-2026-08-P01,TRUE
Triglycerides,P0770,PATIENT,,PAT0770,,66,mg/dL,2026-08-11,COBAS-702,R. Patel,LP-2026-08-P02,TRUE
Triglycerides,P0771,PATIENT,,PAT0771,,56,mg/dL,2026-08-12,COBAS-501,A. Deshmukh,LP-2026-08-P03,TRUE
Triglycerides,P0772,PATIENT,,PAT0772,,52,mg/dL,2026-08-13,COBAS-702,R. Patel,LP-2026-08-P04,TRUE
Triglycerides,P0773,PATIENT,,PAT0773,,81,mg/dL,2026-08-14,COBAS-501,A. Deshmukh,LP-2026-08-P05,TRUE
Triglycerides,P0774,PATIENT,,PAT0774,,51,mg/dL,2026-08-15,COBAS-702,R. Patel,LP-2026-08-P06,TRUE
Triglycerides,P0775,PATIENT,,PAT0775,,61,mg/dL,2026-08-10,COBAS-501,A. Deshmukh,LP-2026-08-P07,TRUE
Triglycerides,P0776,PATIENT,,PAT0776,,49,mg/dL,2026-08-11,COBAS-702,R. Patel,LP-2026-08-P08,TRUE
Triglycerides,P0777,PATIENT,,PAT0777,,46,mg/dL,2026-08-12,COBAS-501,A. Deshmukh,LP-2026-08-P09,FALSE
Triglycerides,P0778,PATIENT,,PAT0778,,72,mg/dL,2026-08-13,COBAS-702,R. Patel,LP-2026-08-P10,TRUE
Triglycerides,P0779,PATIENT,,PAT0779,,57,mg/dL,2026-08-14,COBAS-501,A. Deshmukh,LP-2026-08-P11,TRUE
Triglycerides,P0780,PATIENT,,PAT0780,,61,mg/dL,2026-08-15,COBAS-702,R. Patel,LP-2026-08-P12,TRUE
Triglycerides,P0781,PATIENT,,PAT0781,,77,mg/dL,2026-08-10,COBAS-501,A. Deshmukh,LP-2026-08-P01,TRUE
Triglycerides,P0782,PATIENT,,PAT0782,,115,mg/dL,2026-08-11,COBAS-702,R. Patel,LP-2026-08-P02,TRUE
Triglycerides,P0783,PATIENT,,PAT0783,,48,mg/dL,2026-08-12,COBAS-501,A. Deshmukh,LP-2026-08-P03,TRUE
Triglycerides,P0784,PATIENT,,PAT0784,,78,mg/dL,2026-08-13,COBAS-702,R. Patel,LP-2026-08-P04,TRUE
Triglycerides,P0785,PATIENT,,PAT0785,,62,mg/dL,2026-08-14,COBAS-501,A. Deshmukh,LP-2026-08-P05,TRUE
Triglycerides,P0786,PATIENT,,PAT0786,,77,mg/dL,2026-08-15,COBAS-702,R. Patel,LP-2026-08-P06,TRUE
Triglycerides,P0787,PATIENT,,PAT0787,,75,mg/dL,2026-08-10,COBAS-501,A. Deshmukh,LP-2026-08-P07,TRUE
Triglycerides,P0788,PATIENT,,PAT0788,,67,mg/dL,2026-08-11,COBAS-702,R. Patel,LP-2026-08-P08,TRUE
Triglycerides,P0789,PATIENT,,PAT0789,,51,mg/dL,2026-08-12,COBAS-501,A. Deshmukh,LP-2026-08-P09,TRUE
Triglycerides,P0790,PATIENT,,PAT0790,,25,mg/dL,2026-08-13,COBAS-702,R. Patel,LP-2026-08-P10,TRUE
Triglycerides,P0791,PATIENT,,PAT0791,,59,mg/dL,2026-08-14,COBAS-501,A. Deshmukh,LP-2026-08-P11,TRUE
Triglycerides,P0792,PATIENT,,PAT0792,,71,mg/dL,2026-08-15,COBAS-702,R. Patel,LP-2026-08-P12,TRUE
Triglycerides,P0793,PATIENT,,PAT0793,,68,mg/dL,2026-08-10,COBAS-501,A. Deshmukh,LP-2026-08-P01,TRUE
Triglycerides,P0794,PATIENT,,PAT0794,,70,mg/dL,2026-08-11,COBAS-702,R. Patel,LP-2026-08-P02,TRUE
Triglycerides,P0795,PATIENT,,PAT0795,,68,mg/dL,2026-08-12,COBAS-501,A. Deshmukh,LP-2026-08-P03,TRUE
Triglycerides,P0796,PATIENT,,PAT0796,,83,mg/dL,2026-08-13,COBAS-702,R. Patel,LP-2026-08-P04,TRUE
Triglycerides,P0797,PATIENT,,PAT0797,,37,mg/dL,2026-08-14,COBAS-501,A. Deshmukh,LP-2026-08-P05,TRUE
Triglycerides,P0798,PATIENT,,PAT0798,,81,mg/dL,2026-08-15,COBAS-702,R. Patel,LP-2026-08-P06,TRUE
Triglycerides,P0799,PATIENT,,PAT0799,,104,mg/dL,2026-08-10,COBAS-501,A. Deshmukh,LP-2026-08-P07,TRUE
Triglycerides,P0800,PATIENT,,PAT0800,,41,mg/dL,2026-08-11,COBAS-702,R. Patel,LP-2026-08-P08,TRUE
Triglycerides,P0801,PATIENT,,PAT0801,,37,mg/dL,2026-08-12,COBAS-501,A. Deshmukh,LP-2026-08-P09,TRUE
Triglycerides,P0802,PATIENT,,PAT0802,,60,mg/dL,2026-08-13,COBAS-702,R. Patel,LP-2026-08-P10,TRUE
Triglycerides,P0803,PATIENT,,PAT0803,,63,mg/dL,2026-08-14,COBAS-501,A. Deshmukh,LP-2026-08-P11,TRUE
Triglycerides,P0804,PATIENT,,PAT0804,,50,mg/dL,2026-08-15,COBAS-702,R. Patel,LP-2026-08-P12,TRUE
Triglycerides,P0805,PATIENT,,PAT0805,,50,mg/dL,2026-08-10,COBAS-501,A. Deshmukh,LP-2026-08-P01,TRUE
Triglycerides,P0806,PATIENT,,PAT0806,,58,mg/dL,2026-08-11,COBAS-702,R. Patel,LP-2026-08-P02,TRUE
Triglycerides,P0807,PATIENT,,PAT0807,,65,mg/dL,2026-08-12,COBAS-501,A. Deshmukh,LP-2026-08-P03,TRUE
Triglycerides,P0808,PATIENT,,PAT0808,,60,mg/dL,2026-08-13,COBAS-702,R. Patel,LP-2026-08-P04,TRUE
Triglycerides,P0809,PATIENT,,PAT0809,,70,mg/dL,2026-08-14,COBAS-501,A. Deshmukh,LP-2026-08-P05,TRUE
Triglycerides,P0810,PATIENT,,PAT0810,,58,mg/dL,2026-08-15,COBAS-702,R. Patel,LP-2026-08-P06,TRUE
Triglycerides,P0811,PATIENT,,PAT0811,,44,mg/dL,2026-08-10,COBAS-501,A. Deshmukh,LP-2026-08-P07,TRUE
Triglycerides,P0812,PATIENT,,PAT0812,,58,mg/dL,2026-08-11,COBAS-702,R. Patel,LP-2026-08-P08,TRUE
Triglycerides,P0813,PATIENT,,PAT0813,,62,mg/dL,2026-08-12,COBAS-501,A. Deshmukh,LP-2026-08-P09,TRUE
Triglycerides,P0814,PATIENT,,PAT0814,,74,mg/dL,2026-08-13,COBAS-702,R. Patel,LP-2026-08-P10,TRUE
Triglycerides,P0815,PATIENT,,PAT0815,,73,mg/dL,2026-08-14,COBAS-501,A. Deshmukh,LP-2026-08-P11,TRUE
Triglycerides,P0816,PATIENT,,PAT0816,,47,mg/dL,2026-08-15,COBAS-702,R. Patel,LP-2026-08-P12,TRUE
Triglycerides,P0817,PATIENT,,PAT0817,,87,mg/dL,2026-08-10,COBAS-501,A. Deshmukh,LP-2026-08-P01,TRUE
Triglycerides,P0818,PATIENT,,PAT0818,,54,mg/dL,2026-08-11,COBAS-702,R. Patel,LP-2026-08-P02,TRUE
Triglycerides,P0819,PATIENT,,PAT0819,,47,mg/dL,2026-08-12,COBAS-501,A. Deshmukh,LP-2026-08-P03,TRUE
Triglycerides,P0820,PATIENT,,PAT0820,,69,mg/dL,2026-08-13,COBAS-702,R. Patel,LP-2026-08-P04,TRUE
Triglycerides,P0821,PATIENT,,PAT0821,,52,mg/dL,2026-08-14,COBAS-501,A. Deshmukh,LP-2026-08-P05,TRUE
Triglycerides,P0822,PATIENT,,PAT0822,,50,mg/dL,2026-08-15,COBAS-702,R. Patel,LP-2026-08-P06,TRUE
Triglycerides,P0823,PATIENT,,PAT0823,,49,mg/dL,2026-08-10,COBAS-501,A. Deshmukh,LP-2026-08-P07,TRUE
Triglycerides,P0824,PATIENT,,PAT0824,,70,mg/dL,2026-08-11,COBAS-702,R. Patel,LP-2026-08-P08,TRUE
Triglycerides,P0825,PATIENT,,PAT0825,,87,mg/dL,2026-08-12,COBAS-501,A. Deshmukh,LP-2026-08-P09,TRUE
Triglycerides,P0826,PATIENT,,PAT0826,,62,mg/dL,2026-08-13,COBAS-702,R. Patel,LP-2026-08-P10,TRUE
Triglycerides,P0827,PATIENT,,PAT0827,,61,mg/dL,2026-08-14,COBAS-501,A. Deshmukh,LP-2026-08-P11,TRUE
Triglycerides,P0828,PATIENT,,PAT0828,,64,mg/dL,2026-08-15,COBAS-702,R. Patel,LP-2026-08-P12,TRUE
HDL Cholesterol,C001,CONTROL,L1,,66.0,65.5,mg/dL,2026-08-10,COBAS-501,A. Deshmukh,LP-2026-08-C01,TRUE
HDL Cholesterol,C002,CONTROL,L2,,132.0,133.4,mg/dL,2026-08-11,COBAS-702,R. Patel,LP-2026-08-C02,TRUE
HDL Cholesterol,C003,CONTROL,L1,,66.0,65.6,mg/dL,2026-08-12,COBAS-501,A. Deshmukh,LP-2026-08-C03,TRUE
HDL Cholesterol,C004,CONTROL,L2,,132.0,132.8,mg/dL,2026-08-13,COBAS-702,R. Patel,LP-2026-08-C01,TRUE
HDL Cholesterol,C005,CONTROL,L1,,66.0,66.1,mg/dL,2026-08-14,COBAS-501,A. Deshmukh,LP-2026-08-C02,TRUE
HDL Cholesterol,C006,CONTROL,L2,,132.0,131.9,mg/dL,2026-08-10,COBAS-702,R. Patel,LP-2026-08-C03,TRUE
HDL Cholesterol,C007,CONTROL,L1,,66.0,65.1,mg/dL,2026-08-11,COBAS-501,A. Deshmukh,LP-2026-08-C01,TRUE
HDL Cholesterol,C008,CONTROL,L2,,132.0,131.9,mg/dL,2026-08-12,COBAS-702,R. Patel,LP-2026-08-C02,TRUE
HDL Cholesterol,C009,CONTROL,L1,,66.0,65.7,mg/dL,2026-08-13,COBAS-501,A. Deshmukh,LP-2026-08-C03,TRUE
HDL Cholesterol,C010,CONTROL,L2,,132.0,130.7,mg/dL,2026-08-14,COBAS-702,R. Patel,LP-2026-08-C01,TRUE
HDL Cholesterol,C011,CONTROL,L1,,66.0,65.3,mg/dL,2026-08-10,COBAS-501,A. Deshmukh,LP-2026-08-C02,TRUE
HDL Cholesterol,C012,CONTROL,L2,,132.0,133.6,mg/dL,2026-08-11,COBAS-702,R. Patel,LP-2026-08-C03,TRUE
HDL Cholesterol,C013,CONTROL,L1,,66.0,65.1,mg/dL,2026-08-12,COBAS-501,A. Deshmukh,LP-2026-08-C01,TRUE
HDL Cholesterol,C014,CONTROL,L2,,132.0,131.0,mg/dL,2026-08-13,COBAS-702,R. Patel,LP-2026-08-C02,TRUE
HDL Cholesterol,C015,CONTROL,L1,,66.0,66.4,mg/dL,2026-08-14,COBAS-501,A. Deshmukh,LP-2026-08-C03,TRUE
HDL Cholesterol,C016,CONTROL,L2,,132.0,132.1,mg/dL,2026-08-10,COBAS-702,R. Patel,LP-2026-08-C01,TRUE
HDL Cholesterol,CAL001,CALIBRATION,L1,,55.0,54.5,mg/dL,2026-08-10,COBAS-501,R. Patel,LP-2026-08-K01,TRUE
HDL Cholesterol,CAL002,CALIBRATION,L2,,110.0,109.8,mg/dL,2026-08-11,COBAS-702,A. Deshmukh,LP-2026-08-K02,TRUE
HDL Cholesterol,CAL003,CALIBRATION,L3,,165.0,165.3,mg/dL,2026-08-12,COBAS-501,R. Patel,LP-2026-08-K01,TRUE
HDL Cholesterol,CAL004,CALIBRATION,L1,,55.0,55.5,mg/dL,2026-08-13,COBAS-702,A. Deshmukh,LP-2026-08-K02,TRUE
HDL Cholesterol,CAL005,CALIBRATION,L2,,110.0,110.2,mg/dL,2026-08-10,COBAS-501,R. Patel,LP-2026-08-K01,TRUE
HDL Cholesterol,CAL006,CALIBRATION,L3,,165.0,164.8,mg/dL,2026-08-11,COBAS-702,A. Deshmukh,LP-2026-08-K02,TRUE
HDL Cholesterol,CAL007,CALIBRATION,L1,,55.0,55.4,mg/dL,2026-08-12,COBAS-501,R. Patel,LP-2026-08-K01,TRUE
HDL Cholesterol,CAL008,CALIBRATION,L2,,110.0,109.4,mg/dL,2026-08-13,COBAS-702,A. Deshmukh,LP-2026-08-K02,TRUE
HDL Cholesterol,CAL009,CALIBRATION,L3,,165.0,166.8,mg/dL,2026-08-10,COBAS-501,R. Patel,LP-2026-08-K01,TRUE
HDL Cholesterol,P0001,PATIENT,,PAT0001,,119,mg/dL,2026-08-10,COBAS-501,A. Deshmukh,LP-2026-08-P01,FALSE
HDL Cholesterol,P0002,PATIENT,,PAT0002,,63,mg/dL,2026-08-11,COBAS-702,R. Patel,LP-2026-08-P02,TRUE
HDL Cholesterol,P0003,PATIENT,,PAT0003,,112,mg/dL,2026-08-12,COBAS-501,A. Deshmukh,LP-2026-08-P03,TRUE
HDL Cholesterol,P0004,PATIENT,,PAT0004,,146,mg/dL,2026-08-13,COBAS-702,R. Patel,LP-2026-08-P04,TRUE
HDL Cholesterol,P0005,PATIENT,,PAT0005,,164,mg/dL,2026-08-14,COBAS-501,A. Deshmukh,LP-2026-08-P05,TRUE
HDL Cholesterol,P0006,PATIENT,,PAT0006,,108,mg/dL,2026-08-15,COBAS-702,R. Patel,LP-2026-08-P06,TRUE
HDL Cholesterol,P0007,PATIENT,,PAT0007,,80,mg/dL,2026-08-10,COBAS-501,A. Deshmukh,LP-2026-08-P07,TRUE
HDL Cholesterol,P0008,PATIENT,,PAT0008,,118,mg/dL,2026-08-11,COBAS-702,R. Patel,LP-2026-08-P08,TRUE
HDL Cholesterol,P0009,PATIENT,,PAT0009,,99,mg/dL,2026-08-12,COBAS-501,A. Deshmukh,LP-2026-08-P09,TRUE
HDL Cholesterol,P0010,PATIENT,,PAT0010,,100,mg/dL,2026-08-13,COBAS-702,R. Patel,LP-2026-08-P10,TRUE
HDL Cholesterol,P0011,PATIENT,,PAT0011,,102,mg/dL,2026-08-14,COBAS-501,A. Deshmukh,LP-2026-08-P11,TRUE
HDL Cholesterol,P0012,PATIENT,,PAT0012,,91,mg/dL,2026-08-15,COBAS-702,R. Patel,LP-2026-08-P12,TRUE
HDL Cholesterol,P0013,PATIENT,,PAT0013,,107,mg/dL,2026-08-10,COBAS-501,A. Deshmukh,LP-2026-08-P01,TRUE
HDL Cholesterol,P0014,PATIENT,,PAT0014,,94,mg/dL,2026-08-11,COBAS-702,R. Patel,LP-2026-08-P02,TRUE
HDL Cholesterol,P0015,PATIENT,,PAT0015,,35,mg/dL,2026-08-12,COBAS-501,A. Deshmukh,LP-2026-08-P03,TRUE
HDL Cholesterol,P0016,PATIENT,,PAT0016,,110,mg/dL,2026-08-13,COBAS-702,R. Patel,LP-2026-08-P04,TRUE
HDL Cholesterol,P0017,PATIENT,,PAT0017,,86,mg/dL,2026-08-14,COBAS-501,A. Deshmukh,LP-2026-08-P05,TRUE
HDL Cholesterol,P0018,PATIENT,,PAT0018,,104,mg/dL,2026-08-15,COBAS-702,R. Patel,LP-2026-08-P06,TRUE
HDL Cholesterol,P0019,PATIENT,,PAT0019,,100,mg/dL,2026-08-10,COBAS-501,A. Deshmukh,LP-2026-08-P07,TRUE
HDL Cholesterol,P0020,PATIENT,,PAT0020,,98,mg/dL,2026-08-11,COBAS-702,R. Patel,LP-2026-08-P08,TRUE
HDL Cholesterol,P0021,PATIENT,,PAT0021,,76,mg/dL,2026-08-12,COBAS-501,A. Deshmukh,LP-2026-08-P09,TRUE
HDL Cholesterol,P0022,PATIENT,,PAT0022,,111,mg/dL,2026-08-13,COBAS-702,R. Patel,LP-2026-08-P10,TRUE
HDL Cholesterol,P0023,PATIENT,,PAT0023,,99,mg/dL,2026-08-14,COBAS-501,A. Deshmukh,LP-2026-08-P11,TRUE
HDL Cholesterol,P0024,PATIENT,,PAT0024,,136,mg/dL,2026-08-15,COBAS-702,R. Patel,LP-2026-08-P12,TRUE
HDL Cholesterol,P0025,PATIENT,,PAT0025,,100,mg/dL,2026-08-10,COBAS-501,A. Deshmukh,LP-2026-08-P01,TRUE
HDL Cholesterol,P0026,PATIENT,,PAT0026,,136,mg/dL,2026-08-11,COBAS-702,R. Patel,LP-2026-08-P02,TRUE
HDL Cholesterol,P0027,PATIENT,,PAT0027,,102,mg/dL,2026-08-12,COBAS-501,A. Deshmukh,LP-2026-08-P03,TRUE
HDL Cholesterol,P0028,PATIENT,,PAT0028,,95,mg/dL,2026-08-13,COBAS-702,R. Patel,LP-2026-08-P04,TRUE
HDL Cholesterol,P0029,PATIENT,,PAT0029,,219,mg/dL,2026-08-14,COBAS-501,A. Deshmukh,LP-2026-08-P05,TRUE
HDL Cholesterol,P0030,PATIENT,,PAT0030,,120,mg/dL,2026-08-15,COBAS-702,R. Patel,LP-2026-08-P06,TRUE
HDL Cholesterol,P0031,PATIENT,,PAT0031,,75,mg/dL,2026-08-10,COBAS-501,A. Deshmukh,LP-2026-08-P07,TRUE
HDL Cholesterol,P0032,PATIENT,,PAT0032,,93,mg/dL,2026-08-11,COBAS-702,R. Patel,LP-2026-08-P08,TRUE
HDL Cholesterol,P0033,PATIENT,,PAT0033,,107,mg/dL,2026-08-12,COBAS-501,A. Deshmukh,LP-2026-08-P09,TRUE
HDL Cholesterol,P0034,PATIENT,,PAT0034,,44,mg/dL,2026-08-13,COBAS-702,R. Patel,LP-2026-08-P10,TRUE
HDL Cholesterol,P0035,PATIENT,,PAT0035,,96,mg/dL,2026-08-14,COBAS-501,A. Deshmukh,LP-2026-08-P11,TRUE
HDL Cholesterol,P0036,PATIENT,,PAT0036,,87,mg/dL,2026-08-15,COBAS-702,R. Patel,LP-2026-08-P12,TRUE
HDL Cholesterol,P0037,PATIENT,,PAT0037,,82,mg/dL,2026-08-10,COBAS-501,A. Deshmukh,LP-2026-08-P01,TRUE
HDL Cholesterol,P0038,PATIENT,,PAT0038,,67,mg/dL,2026-08-11,COBAS-702,R. Patel,LP-2026-08-P02,TRUE
HDL Cholesterol,P0039,PATIENT,,PAT0039,,128,mg/dL,2026-08-12,COBAS-501,A. Deshmukh,LP-2026-08-P03,TRUE
HDL Cholesterol,P0040,PATIENT,,PAT0040,,94,mg/dL,2026-08-13,COBAS-702,R. Patel,LP-2026-08-P04,TRUE
HDL Cholesterol,P0041,PATIENT,,PAT0041,,109,mg/dL,2026-08-14,COBAS-501,A. Deshmukh,LP-2026-08-P05,TRUE
HDL Cholesterol,P0042,PATIENT,,PAT0042,,114,mg/dL,2026-08-15,COBAS-702,R. Patel,LP-2026-08-P06,TRUE
HDL Cholesterol,P0043,PATIENT,,PAT0043,,112,mg/dL,2026-08-10,COBAS-501,A. Deshmukh,LP-2026-08-P07,TRUE
HDL Cholesterol,P0044,PATIENT,,PAT0044,,133,mg/dL,2026-08-11,COBAS-702,R. Patel,LP-2026-08-P08,TRUE
HDL Cholesterol,P0045,PATIENT,,PAT0045,,119,mg/dL,2026-08-12,COBAS-501,A. Deshmukh,LP-2026-08-P09,TRUE
HDL Cholesterol,P0046,PATIENT,,PAT0046,,102,mg/dL,2026-08-13,COBAS-702,R. Patel,LP-2026-08-P10,TRUE
HDL Cholesterol,P0047,PATIENT,,PAT0047,,106,mg/dL,2026-08-14,COBAS-501,A. Deshmukh,LP-2026-08-P11,TRUE
HDL Cholesterol,P0048,PATIENT,,PAT0048,,94,mg/dL,2026-08-15,COBAS-702,R. Patel,LP-2026-08-P12,TRUE
HDL Cholesterol,P0049,PATIENT,,PAT0049,,103,mg/dL,2026-08-10,COBAS-501,A. Deshmukh,LP-2026-08-P01,TRUE
HDL Cholesterol,P0050,PATIENT,,PAT0050,,85,mg/dL,2026-08-11,COBAS-702,R. Patel,LP-2026-08-P02,TRUE
HDL Cholesterol,P0051,PATIENT,,PAT0051,,97,mg/dL,2026-08-12,COBAS-501,A. Deshmukh,LP-2026-08-P03,TRUE
HDL Cholesterol,P0052,PATIENT,,PAT0052,,75,mg/dL,2026-08-13,COBAS-702,R. Patel,LP-2026-08-P04,TRUE
HDL Cholesterol,P0053,PATIENT,,PAT0053,,75,mg/dL,2026-08-14,COBAS-501,A. Deshmukh,LP-2026-08-P05,TRUE
HDL Cholesterol,P0054,PATIENT,,PAT0054,,123,mg/dL,2026-08-15,COBAS-702,R. Patel,LP-2026-08-P06,TRUE
HDL Cholesterol,P0055,PATIENT,,PAT0055,,105,mg/dL,2026-08-10,COBAS-501,A. Deshmukh,LP-2026-08-P07,TRUE
HDL Cholesterol,P0056,PATIENT,,PAT0056,,87,mg/dL,2026-08-11,COBAS-702,R. Patel,LP-2026-08-P08,TRUE
HDL Cholesterol,P0057,PATIENT,,PAT0057,,88,mg/dL,2026-08-12,COBAS-501,A. Deshmukh,LP-2026-08-P09,TRUE
HDL Cholesterol,P0058,PATIENT,,PAT0058,,134,mg/dL,2026-08-13,COBAS-702,R. Patel,LP-2026-08-P10,TRUE
HDL Cholesterol,P0059,PATIENT,,PAT0059,,88,mg/dL,2026-08-14,COBAS-501,A. Deshmukh,LP-2026-08-P11,TRUE
HDL Cholesterol,P0060,PATIENT,,PAT0060,,68,mg/dL,2026-08-15,COBAS-702,R. Patel,LP-2026-08-P12,TRUE
HDL Cholesterol,P0061,PATIENT,,PAT0061,,99,mg/dL,2026-08-10,COBAS-501,A. Deshmukh,LP-2026-08-P01,TRUE
HDL Cholesterol,P0062,PATIENT,,PAT0062,,127,mg/dL,2026-08-11,COBAS-702,R. Patel,LP-2026-08-P02,TRUE
HDL Cholesterol,P0063,PATIENT,,PAT0063,,115,mg/dL,2026-08-12,COBAS-501,A. Deshmukh,LP-2026-08-P03,TRUE
HDL Cholesterol,P0064,PATIENT,,PAT0064,,89,mg/dL,2026-08-13,COBAS-702,R. Patel,LP-2026-08-P04,TRUE
HDL Cholesterol,P0065,PATIENT,,PAT0065,,118,mg/dL,2026-08-14,COBAS-501,A. Deshmukh,LP-2026-08-P05,TRUE
HDL Cholesterol,P0066,PATIENT,,PAT0066,,112,mg/dL,2026-08-15,COBAS-702,R. Patel,LP-2026-08-P06,TRUE
HDL Cholesterol,P0067,PATIENT,,PAT0067,,98,mg/dL,2026-08-10,COBAS-501,A. Deshmukh,LP-2026-08-P07,TRUE
HDL Cholesterol,P0068,PATIENT,,PAT0068,,123,mg/dL,2026-08-11,COBAS-702,R. Patel,LP-2026-08-P08,TRUE
HDL Cholesterol,P0069,PATIENT,,PAT0069,,112,mg/dL,2026-08-12,COBAS-501,A. Deshmukh,LP-2026-08-P09,TRUE
HDL Cholesterol,P0070,PATIENT,,PAT0070,,75,mg/dL,2026-08-13,COBAS-702,R. Patel,LP-2026-08-P10,TRUE
HDL Cholesterol,P0071,PATIENT,,PAT0071,,109,mg/dL,2026-08-14,COBAS-501,A. Deshmukh,LP-2026-08-P11,TRUE
HDL Cholesterol,P0072,PATIENT,,PAT0072,,212,mg/dL,2026-08-15,COBAS-702,R. Patel,LP-2026-08-P12,TRUE
HDL Cholesterol,P0073,PATIENT,,PAT0073,,87,mg/dL,2026-08-10,COBAS-501,A. Deshmukh,LP-2026-08-P01,TRUE
HDL Cholesterol,P0074,PATIENT,,PAT0074,,87,mg/dL,2026-08-11,COBAS-702,R. Patel,LP-2026-08-P02,TRUE
HDL Cholesterol,P0075,PATIENT,,PAT0075,,93,mg/dL,2026-08-12,COBAS-501,A. Deshmukh,LP-2026-08-P03,TRUE
HDL Cholesterol,P0076,PATIENT,,PAT0076,,122,mg/dL,2026-08-13,COBAS-702,R. Patel,LP-2026-08-P04,TRUE
HDL Cholesterol,P0077,PATIENT,,PAT0077,,79,mg/dL,2026-08-14,COBAS-501,A. Deshmukh,LP-2026-08-P05,TRUE
HDL Cholesterol,P0078,PATIENT,,PAT0078,,98,mg/dL,2026-08-15,COBAS-702,R. Patel,LP-2026-08-P06,TRUE
HDL Cholesterol,P0079,PATIENT,,PAT0079,,81,mg/dL,2026-08-10,COBAS-501,A. Deshmukh,LP-2026-08-P07,TRUE
HDL Cholesterol,P0080,PATIENT,,PAT0080,,120,mg/dL,2026-08-11,COBAS-702,R. Patel,LP-2026-08-P08,TRUE
HDL Cholesterol,P0081,PATIENT,,PAT0081,,76,mg/dL,2026-08-12,COBAS-501,A. Deshmukh,LP-2026-08-P09,TRUE
HDL Cholesterol,P0082,PATIENT,,PAT0082,,57,mg/dL,2026-08-13,COBAS-702,R. Patel,LP-2026-08-P10,TRUE
HDL Cholesterol,P0083,PATIENT,,PAT0083,,89,mg/dL,2026-08-14,COBAS-501,A. Deshmukh,LP-2026-08-P11,TRUE
HDL Cholesterol,P0084,PATIENT,,PAT0084,,120,mg/dL,2026-08-15,COBAS-702,R. Patel,LP-2026-08-P12,TRUE
HDL Cholesterol,P0085,PATIENT,,PAT0085,,98,mg/dL,2026-08-10,COBAS-501,A. Deshmukh,LP-2026-08-P01,TRUE
HDL Cholesterol,P0086,PATIENT,,PAT0086,,86,mg/dL,2026-08-11,COBAS-702,R. Patel,LP-2026-08-P02,TRUE
HDL Cholesterol,P0087,PATIENT,,PAT0087,,114,mg/dL,2026-08-12,COBAS-501,A. Deshmukh,LP-2026-08-P03,TRUE
HDL Cholesterol,P0088,PATIENT,,PAT0088,,111,mg/dL,2026-08-13,COBAS-702,R. Patel,LP-2026-08-P04,TRUE
HDL Cholesterol,P0089,PATIENT,,PAT0089,,107,mg/dL,2026-08-14,COBAS-501,A. Deshmukh,LP-2026-08-P05,TRUE
HDL Cholesterol,P0090,PATIENT,,PAT0090,,92,mg/dL,2026-08-15,COBAS-702,R. Patel,LP-2026-08-P06,TRUE
HDL Cholesterol,P0091,PATIENT,,PAT0091,,93,mg/dL,2026-08-10,COBAS-501,A. Deshmukh,LP-2026-08-P07,TRUE
HDL Cholesterol,P0092,PATIENT,,PAT0092,,78,mg/dL,2026-08-11,COBAS-702,R. Patel,LP-2026-08-P08,TRUE
HDL Cholesterol,P0093,PATIENT,,PAT0093,,98,mg/dL,2026-08-12,COBAS-501,A. Deshmukh,LP-2026-08-P09,TRUE
HDL Cholesterol,P0094,PATIENT,,PAT0094,,97,mg/dL,2026-08-13,COBAS-702,R. Patel,LP-2026-08-P10,TRUE
HDL Cholesterol,P0095,PATIENT,,PAT0095,,100,mg/dL,2026-08-14,COBAS-501,A. Deshmukh,LP-2026-08-P11,TRUE
HDL Cholesterol,P0096,PATIENT,,PAT0096,,109,mg/dL,2026-08-15,COBAS-702,R. Patel,LP-2026-08-P12,TRUE
HDL Cholesterol,P0097,PATIENT,,PAT0097,,100,mg/dL,2026-08-10,COBAS-501,A. Deshmukh,LP-2026-08-P01,TRUE
HDL Cholesterol,P0098,PATIENT,,PAT0098,,79,mg/dL,2026-08-11,COBAS-702,R. Patel,LP-2026-08-P02,FALSE
HDL Cholesterol,P0099,PATIENT,,PAT0099,,66,mg/dL,2026-08-12,COBAS-501,A. Deshmukh,LP-2026-08-P03,TRUE
HDL Cholesterol,P0100,PATIENT,,PAT0100,,89,mg/dL,2026-08-13,COBAS-702,R. Patel,LP-2026-08-P04,TRUE
HDL Cholesterol,P0101,PATIENT,,PAT0101,,79,mg/dL,2026-08-14,COBAS-501,A. Deshmukh,LP-2026-08-P05,TRUE
HDL Cholesterol,P0102,PATIENT,,PAT0102,,102,mg/dL,2026-08-15,COBAS-702,R. Patel,LP-2026-08-P06,TRUE
HDL Cholesterol,P0103,PATIENT,,PAT0103,,82,mg/dL,2026-08-10,COBAS-501,A. Deshmukh,LP-2026-08-P07,TRUE
HDL Cholesterol,P0104,PATIENT,,PAT0104,,91,mg/dL,2026-08-11,COBAS-702,R. Patel,LP-2026-08-P08,TRUE
HDL Cholesterol,P0105,PATIENT,,PAT0105,,112,mg/dL,2026-08-12,COBAS-501,A. Deshmukh,LP-2026-08-P09,TRUE
HDL Cholesterol,P0106,PATIENT,,PAT0106,,111,mg/dL,2026-08-13,COBAS-702,R. Patel,LP-2026-08-P10,TRUE
HDL Cholesterol,P0107,PATIENT,,PAT0107,,95,mg/dL,2026-08-14,COBAS-501,A. Deshmukh,LP-2026-08-P11,TRUE
HDL Cholesterol,P0108,PATIENT,,PAT0108,,86,mg/dL,2026-08-15,COBAS-702,R. Patel,LP-2026-08-P12,TRUE
HDL Cholesterol,P0109,PATIENT,,PAT0109,,88,mg/dL,2026-08-10,COBAS-501,A. Deshmukh,LP-2026-08-P01,TRUE
HDL Cholesterol,P0110,PATIENT,,PAT0110,,76,mg/dL,2026-08-11,COBAS-702,R. Patel,LP-2026-08-P02,TRUE
HDL Cholesterol,P0111,PATIENT,,PAT0111,,191,mg/dL,2026-08-12,COBAS-501,A. Deshmukh,LP-2026-08-P03,TRUE
HDL Cholesterol,P0112,PATIENT,,PAT0112,,189,mg/dL,2026-08-13,COBAS-702,R. Patel,LP-2026-08-P04,TRUE
HDL Cholesterol,P0113,PATIENT,,PAT0113,,99,mg/dL,2026-08-14,COBAS-501,A. Deshmukh,LP-2026-08-P05,TRUE
HDL Cholesterol,P0114,PATIENT,,PAT0114,,126,mg/dL,2026-08-15,COBAS-702,R. Patel,LP-2026-08-P06,TRUE
HDL Cholesterol,P0115,PATIENT,,PAT0115,,97,mg/dL,2026-08-10,COBAS-501,A. Deshmukh,LP-2026-08-P07,TRUE
HDL Cholesterol,P0116,PATIENT,,PAT0116,,121,mg/dL,2026-08-11,COBAS-702,R. Patel,LP-2026-08-P08,TRUE
HDL Cholesterol,P0117,PATIENT,,PAT0117,,92,mg/dL,2026-08-12,COBAS-501,A. Deshmukh,LP-2026-08-P09,TRUE
HDL Cholesterol,P0118,PATIENT,,PAT0118,,132,mg/dL,2026-08-13,COBAS-702,R. Patel,LP-2026-08-P10,TRUE
HDL Cholesterol,P0119,PATIENT,,PAT0119,,64,mg/dL,2026-08-14,COBAS-501,A. Deshmukh,LP-2026-08-P11,TRUE
HDL Cholesterol,P0120,PATIENT,,PAT0120,,121,mg/dL,2026-08-15,COBAS-702,R. Patel,LP-2026-08-P12,TRUE
HDL Cholesterol,P0121,PATIENT,,PAT0121,,124,mg/dL,2026-08-10,COBAS-501,A. Deshmukh,LP-2026-08-P01,TRUE
HDL Cholesterol,P0122,PATIENT,,PAT0122,,108,mg/dL,2026-08-11,COBAS-702,R. Patel,LP-2026-08-P02,TRUE
HDL Cholesterol,P0123,PATIENT,,PAT0123,,87,mg/dL,2026-08-12,COBAS-501,A. Deshmukh,LP-2026-08-P03,TRUE
HDL Cholesterol,P0124,PATIENT,,PAT0124,,118,mg/dL,2026-08-13,COBAS-702,R. Patel,LP-2026-08-P04,TRUE
HDL Cholesterol,P0125,PATIENT,,PAT0125,,100,mg/dL,2026-08-14,COBAS-501,A. Deshmukh,LP-2026-08-P05,TRUE
HDL Cholesterol,P0126,PATIENT,,PAT0126,,79,mg/dL,2026-08-15,COBAS-702,R. Patel,LP-2026-08-P06,TRUE
HDL Cholesterol,P0127,PATIENT,,PAT0127,,45,mg/dL,2026-08-10,COBAS-501,A. Deshmukh,LP-2026-08-P07,TRUE
HDL Cholesterol,P0128,PATIENT,,PAT0128,,121,mg/dL,2026-08-11,COBAS-702,R. Patel,LP-2026-08-P08,TRUE
HDL Cholesterol,P0129,PATIENT,,PAT0129,,79,mg/dL,2026-08-12,COBAS-501,A. Deshmukh,LP-2026-08-P09,TRUE
HDL Cholesterol,P0130,PATIENT,,PAT0130,,115,mg/dL,2026-08-13,COBAS-702,R. Patel,LP-2026-08-P10,TRUE
HDL Cholesterol,P0131,PATIENT,,PAT0131,,125,mg/dL,2026-08-14,COBAS-501,A. Deshmukh,LP-2026-08-P11,TRUE
HDL Cholesterol,P0132,PATIENT,,PAT0132,,40,mg/dL,2026-08-15,COBAS-702,R. Patel,LP-2026-08-P12,TRUE
HDL Cholesterol,P0133,PATIENT,,PAT0133,,98,mg/dL,2026-08-10,COBAS-501,A. Deshmukh,LP-2026-08-P01,TRUE
HDL Cholesterol,P0134,PATIENT,,PAT0134,,100,mg/dL,2026-08-11,COBAS-702,R. Patel,LP-2026-08-P02,TRUE
HDL Cholesterol,P0135,PATIENT,,PAT0135,,108,mg/dL,2026-08-12,COBAS-501,A. Deshmukh,LP-2026-08-P03,TRUE
HDL Cholesterol,P0136,PATIENT,,PAT0136,,95,mg/dL,2026-08-13,COBAS-702,R. Patel,LP-2026-08-P04,TRUE
HDL Cholesterol,P0137,PATIENT,,PAT0137,,131,mg/dL,2026-08-14,COBAS-501,A. Deshmukh,LP-2026-08-P05,TRUE
HDL Cholesterol,P0138,PATIENT,,PAT0138,,104,mg/dL,2026-08-15,COBAS-702,R. Patel,LP-2026-08-P06,TRUE
HDL Cholesterol,P0139,PATIENT,,PAT0139,,159,mg/dL,2026-08-10,COBAS-501,A. Deshmukh,LP-2026-08-P07,TRUE
HDL Cholesterol,P0140,PATIENT,,PAT0140,,105,mg/dL,2026-08-11,COBAS-702,R. Patel,LP-2026-08-P08,TRUE
HDL Cholesterol,P0141,PATIENT,,PAT0141,,119,mg/dL,2026-08-12,COBAS-501,A. Deshmukh,LP-2026-08-P09,TRUE
HDL Cholesterol,P0142,PATIENT,,PAT0142,,57,mg/dL,2026-08-13,COBAS-702,R. Patel,LP-2026-08-P10,TRUE
HDL Cholesterol,P0143,PATIENT,,PAT0143,,137,mg/dL,2026-08-14,COBAS-501,A. Deshmukh,LP-2026-08-P11,TRUE
HDL Cholesterol,P0144,PATIENT,,PAT0144,,104,mg/dL,2026-08-15,COBAS-702,R. Patel,LP-2026-08-P12,TRUE
HDL Cholesterol,P0145,PATIENT,,PAT0145,,139,mg/dL,2026-08-10,COBAS-501,A. Deshmukh,LP-2026-08-P01,TRUE
HDL Cholesterol,P0146,PATIENT,,PAT0146,,96,mg/dL,2026-08-11,COBAS-702,R. Patel,LP-2026-08-P02,TRUE
HDL Cholesterol,P0147,PATIENT,,PAT0147,,96,mg/dL,2026-08-12,COBAS-501,A. Deshmukh,LP-2026-08-P03,TRUE
HDL Cholesterol,P0148,PATIENT,,PAT0148,,99,mg/dL,2026-08-13,COBAS-702,R. Patel,LP-2026-08-P04,TRUE
HDL Cholesterol,P0149,PATIENT,,PAT0149,,105,mg/dL,2026-08-14,COBAS-501,A. Deshmukh,LP-2026-08-P05,TRUE
HDL Cholesterol,P0150,PATIENT,,PAT0150,,79,mg/dL,2026-08-15,COBAS-702,R. Patel,LP-2026-08-P06,TRUE
HDL Cholesterol,P0151,PATIENT,,PAT0151,,106,mg/dL,2026-08-10,COBAS-501,A. Deshmukh,LP-2026-08-P07,TRUE
HDL Cholesterol,P0152,PATIENT,,PAT0152,,112,mg/dL,2026-08-11,COBAS-702,R. Patel,LP-2026-08-P08,TRUE
HDL Cholesterol,P0153,PATIENT,,PAT0153,,211,mg/dL,2026-08-12,COBAS-501,A. Deshmukh,LP-2026-08-P09,TRUE
HDL Cholesterol,P0154,PATIENT,,PAT0154,,95,mg/dL,2026-08-13,COBAS-702,R. Patel,LP-2026-08-P10,TRUE
HDL Cholesterol,P0155,PATIENT,,PAT0155,,100,mg/dL,2026-08-14,COBAS-501,A. Deshmukh,LP-2026-08-P11,TRUE
HDL Cholesterol,P0156,PATIENT,,PAT0156,,112,mg/dL,2026-08-15,COBAS-702,R. Patel,LP-2026-08-P12,TRUE
HDL Cholesterol,P0157,PATIENT,,PAT0157,,63,mg/dL,2026-08-10,COBAS-501,A. Deshmukh,LP-2026-08-P01,TRUE
HDL Cholesterol,P0158,PATIENT,,PAT0158,,97,mg/dL,2026-08-11,COBAS-702,R. Patel,LP-2026-08-P02,TRUE
HDL Cholesterol,P0159,PATIENT,,PAT0159,,115,mg/dL,2026-08-12,COBAS-501,A. Deshmukh,LP-2026-08-P03,TRUE
HDL Cholesterol,P0160,PATIENT,,PAT0160,,85,mg/dL,2026-08-13,COBAS-702,R. Patel,LP-2026-08-P04,TRUE
HDL Cholesterol,P0161,PATIENT,,PAT0161,,85,mg/dL,2026-08-14,COBAS-501,A. Deshmukh,LP-2026-08-P05,TRUE
HDL Cholesterol,P0162,PATIENT,,PAT0162,,107,mg/dL,2026-08-15,COBAS-702,R. Patel,LP-2026-08-P06,TRUE
HDL Cholesterol,P0163,PATIENT,,PAT0163,,82,mg/dL,2026-08-10,COBAS-501,A. Deshmukh,LP-2026-08-P07,TRUE
HDL Cholesterol,P0164,PATIENT,,PAT0164,,38,mg/dL,2026-08-11,COBAS-702,R. Patel,LP-2026-08-P08,TRUE
HDL Cholesterol,P0165,PATIENT,,PAT0165,,97,mg/dL,2026-08-12,COBAS-501,A. Deshmukh,LP-2026-08-P09,TRUE
HDL Cholesterol,P0166,PATIENT,,PAT0166,,116,mg/dL,2026-08-13,COBAS-702,R. Patel,LP-2026-08-P10,TRUE
HDL Cholesterol,P0167,PATIENT,,PAT0167,,124,mg/dL,2026-08-14,COBAS-501,A. Deshmukh,LP-2026-08-P11,TRUE
HDL Cholesterol,P0168,PATIENT,,PAT0168,,89,mg/dL,2026-08-15,COBAS-702,R. Patel,LP-2026-08-P12,TRUE
HDL Cholesterol,P0169,PATIENT,,PAT0169,,204,mg/dL,2026-08-10,COBAS-501,A. Deshmukh,LP-2026-08-P01,TRUE
HDL Cholesterol,P0170,PATIENT,,PAT0170,,105,mg/dL,2026-08-11,COBAS-702,R. Patel,LP-2026-08-P02,TRUE
HDL Cholesterol,P0171,PATIENT,,PAT0171,,114,mg/dL,2026-08-12,COBAS-501,A. Deshmukh,LP-2026-08-P03,TRUE
HDL Cholesterol,P0172,PATIENT,,PAT0172,,133,mg/dL,2026-08-13,COBAS-702,R. Patel,LP-2026-08-P04,TRUE
HDL Cholesterol,P0173,PATIENT,,PAT0173,,185,mg/dL,2026-08-14,COBAS-501,A. Deshmukh,LP-2026-08-P05,TRUE
HDL Cholesterol,P0174,PATIENT,,PAT0174,,124,mg/dL,2026-08-15,COBAS-702,R. Patel,LP-2026-08-P06,TRUE
HDL Cholesterol,P0175,PATIENT,,PAT0175,,121,mg/dL,2026-08-10,COBAS-501,A. Deshmukh,LP-2026-08-P07,TRUE
HDL Cholesterol,P0176,PATIENT,,PAT0176,,77,mg/dL,2026-08-11,COBAS-702,R. Patel,LP-2026-08-P08,TRUE
HDL Cholesterol,P0177,PATIENT,,PAT0177,,83,mg/dL,2026-08-12,COBAS-501,A. Deshmukh,LP-2026-08-P09,TRUE
HDL Cholesterol,P0178,PATIENT,,PAT0178,,104,mg/dL,2026-08-13,COBAS-702,R. Patel,LP-2026-08-P10,TRUE
HDL Cholesterol,P0179,PATIENT,,PAT0179,,113,mg/dL,2026-08-14,COBAS-501,A. Deshmukh,LP-2026-08-P11,TRUE
HDL Cholesterol,P0180,PATIENT,,PAT0180,,116,mg/dL,2026-08-15,COBAS-702,R. Patel,LP-2026-08-P12,TRUE
HDL Cholesterol,P0181,PATIENT,,PAT0181,,107,mg/dL,2026-08-10,COBAS-501,A. Deshmukh,LP-2026-08-P01,TRUE
HDL Cholesterol,P0182,PATIENT,,PAT0182,,121,mg/dL,2026-08-11,COBAS-702,R. Patel,LP-2026-08-P02,TRUE
HDL Cholesterol,P0183,PATIENT,,PAT0183,,94,mg/dL,2026-08-12,COBAS-501,A. Deshmukh,LP-2026-08-P03,TRUE
HDL Cholesterol,P0184,PATIENT,,PAT0184,,77,mg/dL,2026-08-13,COBAS-702,R. Patel,LP-2026-08-P04,TRUE
HDL Cholesterol,P0185,PATIENT,,PAT0185,,216,mg/dL,2026-08-14,COBAS-501,A. Deshmukh,LP-2026-08-P05,TRUE
HDL Cholesterol,P0186,PATIENT,,PAT0186,,115,mg/dL,2026-08-15,COBAS-702,R. Patel,LP-2026-08-P06,TRUE
HDL Cholesterol,P0187,PATIENT,,PAT0187,,119,mg/dL,2026-08-10,COBAS-501,A. Deshmukh,LP-2026-08-P07,TRUE
HDL Cholesterol,P0188,PATIENT,,PAT0188,,138,mg/dL,2026-08-11,COBAS-702,R. Patel,LP-2026-08-P08,TRUE
HDL Cholesterol,P0189,PATIENT,,PAT0189,,99,mg/dL,2026-08-12,COBAS-501,A. Deshmukh,LP-2026-08-P09,TRUE
HDL Cholesterol,P0190,PATIENT,,PAT0190,,110,mg/dL,2026-08-13,COBAS-702,R. Patel,LP-2026-08-P10,TRUE
HDL Cholesterol,P0191,PATIENT,,PAT0191,,76,mg/dL,2026-08-14,COBAS-501,A. Deshmukh,LP-2026-08-P11,TRUE
HDL Cholesterol,P0192,PATIENT,,PAT0192,,102,mg/dL,2026-08-15,COBAS-702,R. Patel,LP-2026-08-P12,TRUE
HDL Cholesterol,P0193,PATIENT,,PAT0193,,91,mg/dL,2026-08-10,COBAS-501,A. Deshmukh,LP-2026-08-P01,TRUE
HDL Cholesterol,P0194,PATIENT,,PAT0194,,120,mg/dL,2026-08-11,COBAS-702,R. Patel,LP-2026-08-P02,TRUE
HDL Cholesterol,P0195,PATIENT,,PAT0195,,60,mg/dL,2026-08-12,COBAS-501,A. Deshmukh,LP-2026-08-P03,FALSE
HDL Cholesterol,P0196,PATIENT,,PAT0196,,79,mg/dL,2026-08-13,COBAS-702,R. Patel,LP-2026-08-P04,TRUE
HDL Cholesterol,P0197,PATIENT,,PAT0197,,123,mg/dL,2026-08-14,COBAS-501,A. Deshmukh,LP-2026-08-P05,TRUE
HDL Cholesterol,P0198,PATIENT,,PAT0198,,90,mg/dL,2026-08-15,COBAS-702,R. Patel,LP-2026-08-P06,TRUE
HDL Cholesterol,P0199,PATIENT,,PAT0199,,103,mg/dL,2026-08-10,COBAS-501,A. Deshmukh,LP-2026-08-P07,TRUE
HDL Cholesterol,P0200,PATIENT,,PAT0200,,85,mg/dL,2026-08-11,COBAS-702,R. Patel,LP-2026-08-P08,TRUE
HDL Cholesterol,P0201,PATIENT,,PAT0201,,96,mg/dL,2026-08-12,COBAS-501,A. Deshmukh,LP-2026-08-P09,TRUE
HDL Cholesterol,P0202,PATIENT,,PAT0202,,116,mg/dL,2026-08-13,COBAS-702,R. Patel,LP-2026-08-P10,TRUE
HDL Cholesterol,P0203,PATIENT,,PAT0203,,127,mg/dL,2026-08-14,COBAS-501,A. Deshmukh,LP-2026-08-P11,TRUE
HDL Cholesterol,P0204,PATIENT,,PAT0204,,123,mg/dL,2026-08-15,COBAS-702,R. Patel,LP-2026-08-P12,TRUE
HDL Cholesterol,P0205,PATIENT,,PAT0205,,95,mg/dL,2026-08-10,COBAS-501,A. Deshmukh,LP-2026-08-P01,TRUE
HDL Cholesterol,P0206,PATIENT,,PAT0206,,120,mg/dL,2026-08-11,COBAS-702,R. Patel,LP-2026-08-P02,TRUE
HDL Cholesterol,P0207,PATIENT,,PAT0207,,114,mg/dL,2026-08-12,COBAS-501,A. Deshmukh,LP-2026-08-P03,TRUE
HDL Cholesterol,P0208,PATIENT,,PAT0208,,89,mg/dL,2026-08-13,COBAS-702,R. Patel,LP-2026-08-P04,TRUE
HDL Cholesterol,P0209,PATIENT,,PAT0209,,126,mg/dL,2026-08-14,COBAS-501,A. Deshmukh,LP-2026-08-P05,TRUE
HDL Cholesterol,P0210,PATIENT,,PAT0210,,100,mg/dL,2026-08-15,COBAS-702,R. Patel,LP-2026-08-P06,TRUE
HDL Cholesterol,P0211,PATIENT,,PAT0211,,72,mg/dL,2026-08-10,COBAS-501,A. Deshmukh,LP-2026-08-P07,TRUE
HDL Cholesterol,P0212,PATIENT,,PAT0212,,124,mg/dL,2026-08-11,COBAS-702,R. Patel,LP-2026-08-P08,TRUE
HDL Cholesterol,P0213,PATIENT,,PAT0213,,76,mg/dL,2026-08-12,COBAS-501,A. Deshmukh,LP-2026-08-P09,TRUE
HDL Cholesterol,P0214,PATIENT,,PAT0214,,93,mg/dL,2026-08-13,COBAS-702,R. Patel,LP-2026-08-P10,TRUE
HDL Cholesterol,P0215,PATIENT,,PAT0215,,100,mg/dL,2026-08-14,COBAS-501,A. Deshmukh,LP-2026-08-P11,TRUE
HDL Cholesterol,P0216,PATIENT,,PAT0216,,119,mg/dL,2026-08-15,COBAS-702,R. Patel,LP-2026-08-P12,TRUE
HDL Cholesterol,P0217,PATIENT,,PAT0217,,135,mg/dL,2026-08-10,COBAS-501,A. Deshmukh,LP-2026-08-P01,TRUE
HDL Cholesterol,P0218,PATIENT,,PAT0218,,104,mg/dL,2026-08-11,COBAS-702,R. Patel,LP-2026-08-P02,TRUE
HDL Cholesterol,P0219,PATIENT,,PAT0219,,65,mg/dL,2026-08-12,COBAS-501,A. Deshmukh,LP-2026-08-P03,TRUE
HDL Cholesterol,P0220,PATIENT,,PAT0220,,84,mg/dL,2026-08-13,COBAS-702,R. Patel,LP-2026-08-P04,TRUE
HDL Cholesterol,P0221,PATIENT,,PAT0221,,97,mg/dL,2026-08-14,COBAS-501,A. Deshmukh,LP-2026-08-P05,TRUE
HDL Cholesterol,P0222,PATIENT,,PAT0222,,81,mg/dL,2026-08-15,COBAS-702,R. Patel,LP-2026-08-P06,TRUE
HDL Cholesterol,P0223,PATIENT,,PAT0223,,103,mg/dL,2026-08-10,COBAS-501,A. Deshmukh,LP-2026-08-P07,TRUE
HDL Cholesterol,P0224,PATIENT,,PAT0224,,97,mg/dL,2026-08-11,COBAS-702,R. Patel,LP-2026-08-P08,TRUE
HDL Cholesterol,P0225,PATIENT,,PAT0225,,88,mg/dL,2026-08-12,COBAS-501,A. Deshmukh,LP-2026-08-P09,TRUE
HDL Cholesterol,P0226,PATIENT,,PAT0226,,105,mg/dL,2026-08-13,COBAS-702,R. Patel,LP-2026-08-P10,TRUE
HDL Cholesterol,P0227,PATIENT,,PAT0227,,123,mg/dL,2026-08-14,COBAS-501,A. Deshmukh,LP-2026-08-P11,TRUE
HDL Cholesterol,P0228,PATIENT,,PAT0228,,118,mg/dL,2026-08-15,COBAS-702,R. Patel,LP-2026-08-P12,TRUE
HDL Cholesterol,P0229,PATIENT,,PAT0229,,91,mg/dL,2026-08-10,COBAS-501,A. Deshmukh,LP-2026-08-P01,TRUE
HDL Cholesterol,P0230,PATIENT,,PAT0230,,78,mg/dL,2026-08-11,COBAS-702,R. Patel,LP-2026-08-P02,TRUE
HDL Cholesterol,P0231,PATIENT,,PAT0231,,131,mg/dL,2026-08-12,COBAS-501,A. Deshmukh,LP-2026-08-P03,TRUE
HDL Cholesterol,P0232,PATIENT,,PAT0232,,83,mg/dL,2026-08-13,COBAS-702,R. Patel,LP-2026-08-P04,TRUE
HDL Cholesterol,P0233,PATIENT,,PAT0233,,87,mg/dL,2026-08-14,COBAS-501,A. Deshmukh,LP-2026-08-P05,TRUE
HDL Cholesterol,P0234,PATIENT,,PAT0234,,107,mg/dL,2026-08-15,COBAS-702,R. Patel,LP-2026-08-P06,TRUE
HDL Cholesterol,P0235,PATIENT,,PAT0235,,113,mg/dL,2026-08-10,COBAS-501,A. Deshmukh,LP-2026-08-P07,TRUE
HDL Cholesterol,P0236,PATIENT,,PAT0236,,113,mg/dL,2026-08-11,COBAS-702,R. Patel,LP-2026-08-P08,TRUE
HDL Cholesterol,P0237,PATIENT,,PAT0237,,210,mg/dL,2026-08-12,COBAS-501,A. Deshmukh,LP-2026-08-P09,TRUE
HDL Cholesterol,P0238,PATIENT,,PAT0238,,93,mg/dL,2026-08-13,COBAS-702,R. Patel,LP-2026-08-P10,TRUE
HDL Cholesterol,P0239,PATIENT,,PAT0239,,115,mg/dL,2026-08-14,COBAS-501,A. Deshmukh,LP-2026-08-P11,TRUE
HDL Cholesterol,P0240,PATIENT,,PAT0240,,127,mg/dL,2026-08-15,COBAS-702,R. Patel,LP-2026-08-P12,TRUE
HDL Cholesterol,P0241,PATIENT,,PAT0241,,43,mg/dL,2026-08-10,COBAS-501,A. Deshmukh,LP-2026-08-P01,TRUE
HDL Cholesterol,P0242,PATIENT,,PAT0242,,116,mg/dL,2026-08-11,COBAS-702,R. Patel,LP-2026-08-P02,TRUE
HDL Cholesterol,P0243,PATIENT,,PAT0243,,197,mg/dL,2026-08-12,COBAS-501,A. Deshmukh,LP-2026-08-P03,TRUE
HDL Cholesterol,P0244,PATIENT,,PAT0244,,44,mg/dL,2026-08-13,COBAS-702,R. Patel,LP-2026-08-P04,TRUE
HDL Cholesterol,P0245,PATIENT,,PAT0245,,110,mg/dL,2026-08-14,COBAS-501,A. Deshmukh,LP-2026-08-P05,TRUE
HDL Cholesterol,P0246,PATIENT,,PAT0246,,86,mg/dL,2026-08-15,COBAS-702,R. Patel,LP-2026-08-P06,TRUE
HDL Cholesterol,P0247,PATIENT,,PAT0247,,118,mg/dL,2026-08-10,COBAS-501,A. Deshmukh,LP-2026-08-P07,TRUE
HDL Cholesterol,P0248,PATIENT,,PAT0248,,108,mg/dL,2026-08-11,COBAS-702,R. Patel,LP-2026-08-P08,TRUE
HDL Cholesterol,P0249,PATIENT,,PAT0249,,87,mg/dL,2026-08-12,COBAS-501,A. Deshmukh,LP-2026-08-P09,TRUE
HDL Cholesterol,P0250,PATIENT,,PAT0250,,125,mg/dL,2026-08-13,COBAS-702,R. Patel,LP-2026-08-P10,TRUE
HDL Cholesterol,P0251,PATIENT,,PAT0251,,105,mg/dL,2026-08-14,COBAS-501,A. Deshmukh,LP-2026-08-P11,TRUE
HDL Cholesterol,P0252,PATIENT,,PAT0252,,118,mg/dL,2026-08-15,COBAS-702,R. Patel,LP-2026-08-P12,TRUE
HDL Cholesterol,P0253,PATIENT,,PAT0253,,126,mg/dL,2026-08-10,COBAS-501,A. Deshmukh,LP-2026-08-P01,TRUE
HDL Cholesterol,P0254,PATIENT,,PAT0254,,128,mg/dL,2026-08-11,COBAS-702,R. Patel,LP-2026-08-P02,TRUE
HDL Cholesterol,P0255,PATIENT,,PAT0255,,110,mg/dL,2026-08-12,COBAS-501,A. Deshmukh,LP-2026-08-P03,TRUE
HDL Cholesterol,P0256,PATIENT,,PAT0256,,100,mg/dL,2026-08-13,COBAS-702,R. Patel,LP-2026-08-P04,TRUE
HDL Cholesterol,P0257,PATIENT,,PAT0257,,111,mg/dL,2026-08-14,COBAS-501,A. Deshmukh,LP-2026-08-P05,TRUE
HDL Cholesterol,P0258,PATIENT,,PAT0258,,88,mg/dL,2026-08-15,COBAS-702,R. Patel,LP-2026-08-P06,TRUE
HDL Cholesterol,P0259,PATIENT,,PAT0259,,186,mg/dL,2026-08-10,COBAS-501,A. Deshmukh,LP-2026-08-P07,TRUE
HDL Cholesterol,P0260,PATIENT,,PAT0260,,99,mg/dL,2026-08-11,COBAS-702,R. Patel,LP-2026-08-P08,TRUE
HDL Cholesterol,P0261,PATIENT,,PAT0261,,123,mg/dL,2026-08-12,COBAS-501,A. Deshmukh,LP-2026-08-P09,TRUE
HDL Cholesterol,P0262,PATIENT,,PAT0262,,112,mg/dL,2026-08-13,COBAS-702,R. Patel,LP-2026-08-P10,TRUE
HDL Cholesterol,P0263,PATIENT,,PAT0263,,79,mg/dL,2026-08-14,COBAS-501,A. Deshmukh,LP-2026-08-P11,TRUE
HDL Cholesterol,P0264,PATIENT,,PAT0264,,130,mg/dL,2026-08-15,COBAS-702,R. Patel,LP-2026-08-P12,TRUE
HDL Cholesterol,P0265,PATIENT,,PAT0265,,107,mg/dL,2026-08-10,COBAS-501,A. Deshmukh,LP-2026-08-P01,TRUE
HDL Cholesterol,P0266,PATIENT,,PAT0266,,111,mg/dL,2026-08-11,COBAS-702,R. Patel,LP-2026-08-P02,TRUE
HDL Cholesterol,P0267,PATIENT,,PAT0267,,104,mg/dL,2026-08-12,COBAS-501,A. Deshmukh,LP-2026-08-P03,TRUE
HDL Cholesterol,P0268,PATIENT,,PAT0268,,180,mg/dL,2026-08-13,COBAS-702,R. Patel,LP-2026-08-P04,TRUE
HDL Cholesterol,P0269,PATIENT,,PAT0269,,65,mg/dL,2026-08-14,COBAS-501,A. Deshmukh,LP-2026-08-P05,TRUE
HDL Cholesterol,P0270,PATIENT,,PAT0270,,89,mg/dL,2026-08-15,COBAS-702,R. Patel,LP-2026-08-P06,TRUE
HDL Cholesterol,P0271,PATIENT,,PAT0271,,95,mg/dL,2026-08-10,COBAS-501,A. Deshmukh,LP-2026-08-P07,TRUE
HDL Cholesterol,P0272,PATIENT,,PAT0272,,160,mg/dL,2026-08-11,COBAS-702,R. Patel,LP-2026-08-P08,TRUE
HDL Cholesterol,P0273,PATIENT,,PAT0273,,100,mg/dL,2026-08-12,COBAS-501,A. Deshmukh,LP-2026-08-P09,TRUE
HDL Cholesterol,P0274,PATIENT,,PAT0274,,115,mg/dL,2026-08-13,COBAS-702,R. Patel,LP-2026-08-P10,TRUE
HDL Cholesterol,P0275,PATIENT,,PAT0275,,105,mg/dL,2026-08-14,COBAS-501,A. Deshmukh,LP-2026-08-P11,TRUE
HDL Cholesterol,P0276,PATIENT,,PAT0276,,101,mg/dL,2026-08-15,COBAS-702,R. Patel,LP-2026-08-P12,TRUE
HDL Cholesterol,P0277,PATIENT,,PAT0277,,170,mg/dL,2026-08-10,COBAS-501,A. Deshmukh,LP-2026-08-P01,TRUE
HDL Cholesterol,P0278,PATIENT,,PAT0278,,82,mg/dL,2026-08-11,COBAS-702,R. Patel,LP-2026-08-P02,TRUE
HDL Cholesterol,P0279,PATIENT,,PAT0279,,104,mg/dL,2026-08-12,COBAS-501,A. Deshmukh,LP-2026-08-P03,TRUE
HDL Cholesterol,P0280,PATIENT,,PAT0280,,117,mg/dL,2026-08-13,COBAS-702,R. Patel,LP-2026-08-P04,TRUE
HDL Cholesterol,P0281,PATIENT,,PAT0281,,80,mg/dL,2026-08-14,COBAS-501,A. Deshmukh,LP-2026-08-P05,TRUE
HDL Cholesterol,P0282,PATIENT,,PAT0282,,121,mg/dL,2026-08-15,COBAS-702,R. Patel,LP-2026-08-P06,TRUE
HDL Cholesterol,P0283,PATIENT,,PAT0283,,99,mg/dL,2026-08-10,COBAS-501,A. Deshmukh,LP-2026-08-P07,TRUE
HDL Cholesterol,P0284,PATIENT,,PAT0284,,97,mg/dL,2026-08-11,COBAS-702,R. Patel,LP-2026-08-P08,TRUE
HDL Cholesterol,P0285,PATIENT,,PAT0285,,106,mg/dL,2026-08-12,COBAS-501,A. Deshmukh,LP-2026-08-P09,TRUE
HDL Cholesterol,P0286,PATIENT,,PAT0286,,87,mg/dL,2026-08-13,COBAS-702,R. Patel,LP-2026-08-P10,TRUE
HDL Cholesterol,P0287,PATIENT,,PAT0287,,104,mg/dL,2026-08-14,COBAS-501,A. Deshmukh,LP-2026-08-P11,TRUE
HDL Cholesterol,P0288,PATIENT,,PAT0288,,128,mg/dL,2026-08-15,COBAS-702,R. Patel,LP-2026-08-P12,TRUE
HDL Cholesterol,P0289,PATIENT,,PAT0289,,71,mg/dL,2026-08-10,COBAS-501,A. Deshmukh,LP-2026-08-P01,TRUE
HDL Cholesterol,P0290,PATIENT,,PAT0290,,79,mg/dL,2026-08-11,COBAS-702,R. Patel,LP-2026-08-P02,TRUE
HDL Cholesterol,P0291,PATIENT,,PAT0291,,99,mg/dL,2026-08-12,COBAS-501,A. Deshmukh,LP-2026-08-P03,TRUE
HDL Cholesterol,P0292,PATIENT,,PAT0292,,81,mg/dL,2026-08-13,COBAS-702,R. Patel,LP-2026-08-P04,FALSE
HDL Cholesterol,P0293,PATIENT,,PAT0293,,57,mg/dL,2026-08-14,COBAS-501,A. Deshmukh,LP-2026-08-P05,TRUE
HDL Cholesterol,P0294,PATIENT,,PAT0294,,226,mg/dL,2026-08-15,COBAS-702,R. Patel,LP-2026-08-P06,TRUE
HDL Cholesterol,P0295,PATIENT,,PAT0295,,108,mg/dL,2026-08-10,COBAS-501,A. Deshmukh,LP-2026-08-P07,TRUE
HDL Cholesterol,P0296,PATIENT,,PAT0296,,105,mg/dL,2026-08-11,COBAS-702,R. Patel,LP-2026-08-P08,TRUE
HDL Cholesterol,P0297,PATIENT,,PAT0297,,109,mg/dL,2026-08-12,COBAS-501,A. Deshmukh,LP-2026-08-P09,TRUE
HDL Cholesterol,P0298,PATIENT,,PAT0298,,119,mg/dL,2026-08-13,COBAS-702,R. Patel,LP-2026-08-P10,TRUE
HDL Cholesterol,P0299,PATIENT,,PAT0299,,163,mg/dL,2026-08-14,COBAS-501,A. Deshmukh,LP-2026-08-P11,TRUE
HDL Cholesterol,P0300,PATIENT,,PAT0300,,97,mg/dL,2026-08-15,COBAS-702,R. Patel,LP-2026-08-P12,TRUE
HDL Cholesterol,P0301,PATIENT,,PAT0301,,116,mg/dL,2026-08-10,COBAS-501,A. Deshmukh,LP-2026-08-P01,TRUE
HDL Cholesterol,P0302,PATIENT,,PAT0302,,95,mg/dL,2026-08-11,COBAS-702,R. Patel,LP-2026-08-P02,TRUE
HDL Cholesterol,P0303,PATIENT,,PAT0303,,164,mg/dL,2026-08-12,COBAS-501,A. Deshmukh,LP-2026-08-P03,TRUE
HDL Cholesterol,P0304,PATIENT,,PAT0304,,99,mg/dL,2026-08-13,COBAS-702,R. Patel,LP-2026-08-P04,TRUE
HDL Cholesterol,P0305,PATIENT,,PAT0305,,120,mg/dL,2026-08-14,COBAS-501,A. Deshmukh,LP-2026-08-P05,TRUE
HDL Cholesterol,P0306,PATIENT,,PAT0306,,116,mg/dL,2026-08-15,COBAS-702,R. Patel,LP-2026-08-P06,TRUE
HDL Cholesterol,P0307,PATIENT,,PAT0307,,108,mg/dL,2026-08-10,COBAS-501,A. Deshmukh,LP-2026-08-P07,TRUE
HDL Cholesterol,P0308,PATIENT,,PAT0308,,98,mg/dL,2026-08-11,COBAS-702,R. Patel,LP-2026-08-P08,TRUE
HDL Cholesterol,P0309,PATIENT,,PAT0309,,81,mg/dL,2026-08-12,COBAS-501,A. Deshmukh,LP-2026-08-P09,TRUE
HDL Cholesterol,P0310,PATIENT,,PAT0310,,110,mg/dL,2026-08-13,COBAS-702,R. Patel,LP-2026-08-P10,TRUE
HDL Cholesterol,P0311,PATIENT,,PAT0311,,68,mg/dL,2026-08-14,COBAS-501,A. Deshmukh,LP-2026-08-P11,TRUE
HDL Cholesterol,P0312,PATIENT,,PAT0312,,74,mg/dL,2026-08-15,COBAS-702,R. Patel,LP-2026-08-P12,TRUE
HDL Cholesterol,P0313,PATIENT,,PAT0313,,97,mg/dL,2026-08-10,COBAS-501,A. Deshmukh,LP-2026-08-P01,TRUE
HDL Cholesterol,P0314,PATIENT,,PAT0314,,121,mg/dL,2026-08-11,COBAS-702,R. Patel,LP-2026-08-P02,TRUE
HDL Cholesterol,P0315,PATIENT,,PAT0315,,94,mg/dL,2026-08-12,COBAS-501,A. Deshmukh,LP-2026-08-P03,TRUE
HDL Cholesterol,P0316,PATIENT,,PAT0316,,96,mg/dL,2026-08-13,COBAS-702,R. Patel,LP-2026-08-P04,TRUE
HDL Cholesterol,P0317,PATIENT,,PAT0317,,101,mg/dL,2026-08-14,COBAS-501,A. Deshmukh,LP-2026-08-P05,TRUE
HDL Cholesterol,P0318,PATIENT,,PAT0318,,162,mg/dL,2026-08-15,COBAS-702,R. Patel,LP-2026-08-P06,TRUE
HDL Cholesterol,P0319,PATIENT,,PAT0319,,74,mg/dL,2026-08-10,COBAS-501,A. Deshmukh,LP-2026-08-P07,TRUE
HDL Cholesterol,P0320,PATIENT,,PAT0320,,112,mg/dL,2026-08-11,COBAS-702,R. Patel,LP-2026-08-P08,TRUE
HDL Cholesterol,P0321,PATIENT,,PAT0321,,107,mg/dL,2026-08-12,COBAS-501,A. Deshmukh,LP-2026-08-P09,TRUE
HDL Cholesterol,P0322,PATIENT,,PAT0322,,88,mg/dL,2026-08-13,COBAS-702,R. Patel,LP-2026-08-P10,TRUE
HDL Cholesterol,P0323,PATIENT,,PAT0323,,76,mg/dL,2026-08-14,COBAS-501,A. Deshmukh,LP-2026-08-P11,TRUE
HDL Cholesterol,P0324,PATIENT,,PAT0324,,59,mg/dL,2026-08-15,COBAS-702,R. Patel,LP-2026-08-P12,TRUE
HDL Cholesterol,P0325,PATIENT,,PAT0325,,114,mg/dL,2026-08-10,COBAS-501,A. Deshmukh,LP-2026-08-P01,TRUE
HDL Cholesterol,P0326,PATIENT,,PAT0326,,94,mg/dL,2026-08-11,COBAS-702,R. Patel,LP-2026-08-P02,TRUE
HDL Cholesterol,P0327,PATIENT,,PAT0327,,108,mg/dL,2026-08-12,COBAS-501,A. Deshmukh,LP-2026-08-P03,TRUE
HDL Cholesterol,P0328,PATIENT,,PAT0328,,114,mg/dL,2026-08-13,COBAS-702,R. Patel,LP-2026-08-P04,TRUE
HDL Cholesterol,P0329,PATIENT,,PAT0329,,134,mg/dL,2026-08-14,COBAS-501,A. Deshmukh,LP-2026-08-P05,TRUE
HDL Cholesterol,P0330,PATIENT,,PAT0330,,147,mg/dL,2026-08-15,COBAS-702,R. Patel,LP-2026-08-P06,TRUE
HDL Cholesterol,P0331,PATIENT,,PAT0331,,115,mg/dL,2026-08-10,COBAS-501,A. Deshmukh,LP-2026-08-P07,TRUE
HDL Cholesterol,P0332,PATIENT,,PAT0332,,101,mg/dL,2026-08-11,COBAS-702,R. Patel,LP-2026-08-P08,TRUE
HDL Cholesterol,P0333,PATIENT,,PAT0333,,84,mg/dL,2026-08-12,COBAS-501,A. Deshmukh,LP-2026-08-P09,TRUE
HDL Cholesterol,P0334,PATIENT,,PAT0334,,116,mg/dL,2026-08-13,COBAS-702,R. Patel,LP-2026-08-P10,TRUE
HDL Cholesterol,P0335,PATIENT,,PAT0335,,100,mg/dL,2026-08-14,COBAS-501,A. Deshmukh,LP-2026-08-P11,TRUE
HDL Cholesterol,P0336,PATIENT,,PAT0336,,106,mg/dL,2026-08-15,COBAS-702,R. Patel,LP-2026-08-P12,TRUE
HDL Cholesterol,P0337,PATIENT,,PAT0337,,121,mg/dL,2026-08-10,COBAS-501,A. Deshmukh,LP-2026-08-P01,TRUE
HDL Cholesterol,P0338,PATIENT,,PAT0338,,118,mg/dL,2026-08-11,COBAS-702,R. Patel,LP-2026-08-P02,TRUE
HDL Cholesterol,P0339,PATIENT,,PAT0339,,108,mg/dL,2026-08-12,COBAS-501,A. Deshmukh,LP-2026-08-P03,TRUE
HDL Cholesterol,P0340,PATIENT,,PAT0340,,106,mg/dL,2026-08-13,COBAS-702,R. Patel,LP-2026-08-P04,TRUE
HDL Cholesterol,P0341,PATIENT,,PAT0341,,126,mg/dL,2026-08-14,COBAS-501,A. Deshmukh,LP-2026-08-P05,TRUE
HDL Cholesterol,P0342,PATIENT,,PAT0342,,112,mg/dL,2026-08-15,COBAS-702,R. Patel,LP-2026-08-P06,TRUE
HDL Cholesterol,P0343,PATIENT,,PAT0343,,113,mg/dL,2026-08-10,COBAS-501,A. Deshmukh,LP-2026-08-P07,TRUE
HDL Cholesterol,P0344,PATIENT,,PAT0344,,117,mg/dL,2026-08-11,COBAS-702,R. Patel,LP-2026-08-P08,TRUE
HDL Cholesterol,P0345,PATIENT,,PAT0345,,114,mg/dL,2026-08-12,COBAS-501,A. Deshmukh,LP-2026-08-P09,TRUE
HDL Cholesterol,P0346,PATIENT,,PAT0346,,96,mg/dL,2026-08-13,COBAS-702,R. Patel,LP-2026-08-P10,TRUE
HDL Cholesterol,P0347,PATIENT,,PAT0347,,106,mg/dL,2026-08-14,COBAS-501,A. Deshmukh,LP-2026-08-P11,TRUE
HDL Cholesterol,P0348,PATIENT,,PAT0348,,118,mg/dL,2026-08-15,COBAS-702,R. Patel,LP-2026-08-P12,TRUE
HDL Cholesterol,P0349,PATIENT,,PAT0349,,128,mg/dL,2026-08-10,COBAS-501,A. Deshmukh,LP-2026-08-P01,TRUE
HDL Cholesterol,P0350,PATIENT,,PAT0350,,67,mg/dL,2026-08-11,COBAS-702,R. Patel,LP-2026-08-P02,TRUE
HDL Cholesterol,P0351,PATIENT,,PAT0351,,107,mg/dL,2026-08-12,COBAS-501,A. Deshmukh,LP-2026-08-P03,TRUE
HDL Cholesterol,P0352,PATIENT,,PAT0352,,97,mg/dL,2026-08-13,COBAS-702,R. Patel,LP-2026-08-P04,TRUE
HDL Cholesterol,P0353,PATIENT,,PAT0353,,104,mg/dL,2026-08-14,COBAS-501,A. Deshmukh,LP-2026-08-P05,TRUE
HDL Cholesterol,P0354,PATIENT,,PAT0354,,90,mg/dL,2026-08-15,COBAS-702,R. Patel,LP-2026-08-P06,TRUE
HDL Cholesterol,P0355,PATIENT,,PAT0355,,134,mg/dL,2026-08-10,COBAS-501,A. Deshmukh,LP-2026-08-P07,TRUE
HDL Cholesterol,P0356,PATIENT,,PAT0356,,226,mg/dL,2026-08-11,COBAS-702,R. Patel,LP-2026-08-P08,TRUE
HDL Cholesterol,P0357,PATIENT,,PAT0357,,94,mg/dL,2026-08-12,COBAS-501,A. Deshmukh,LP-2026-08-P09,TRUE
HDL Cholesterol,P0358,PATIENT,,PAT0358,,140,mg/dL,2026-08-13,COBAS-702,R. Patel,LP-2026-08-P10,TRUE
HDL Cholesterol,P0359,PATIENT,,PAT0359,,99,mg/dL,2026-08-14,COBAS-501,A. Deshmukh,LP-2026-08-P11,TRUE
HDL Cholesterol,P0360,PATIENT,,PAT0360,,111,mg/dL,2026-08-15,COBAS-702,R. Patel,LP-2026-08-P12,TRUE
HDL Cholesterol,P0361,PATIENT,,PAT0361,,122,mg/dL,2026-08-10,COBAS-501,A. Deshmukh,LP-2026-08-P01,TRUE
HDL Cholesterol,P0362,PATIENT,,PAT0362,,122,mg/dL,2026-08-11,COBAS-702,R. Patel,LP-2026-08-P02,TRUE
HDL Cholesterol,P0363,PATIENT,,PAT0363,,57,mg/dL,2026-08-12,COBAS-501,A. Deshmukh,LP-2026-08-P03,TRUE
HDL Cholesterol,P0364,PATIENT,,PAT0364,,117,mg/dL,2026-08-13,COBAS-702,R. Patel,LP-2026-08-P04,TRUE
HDL Cholesterol,P0365,PATIENT,,PAT0365,,130,mg/dL,2026-08-14,COBAS-501,A. Deshmukh,LP-2026-08-P05,TRUE
HDL Cholesterol,P0366,PATIENT,,PAT0366,,88,mg/dL,2026-08-15,COBAS-702,R. Patel,LP-2026-08-P06,TRUE
HDL Cholesterol,P0367,PATIENT,,PAT0367,,102,mg/dL,2026-08-10,COBAS-501,A. Deshmukh,LP-2026-08-P07,TRUE
HDL Cholesterol,P0368,PATIENT,,PAT0368,,108,mg/dL,2026-08-11,COBAS-702,R. Patel,LP-2026-08-P08,TRUE
HDL Cholesterol,P0369,PATIENT,,PAT0369,,57,mg/dL,2026-08-12,COBAS-501,A. Deshmukh,LP-2026-08-P09,TRUE
HDL Cholesterol,P0370,PATIENT,,PAT0370,,----,mg/dL,2026-08-13,COBAS-702,R. Patel,LP-2026-08-P10,FALSE
HDL Cholesterol,P0371,PATIENT,,PAT0371,,102,mg/dL,2026-08-14,COBAS-501,A. Deshmukh,LP-2026-08-P11,TRUE
HDL Cholesterol,P0372,PATIENT,,PAT0372,,134,mg/dL,2026-08-15,COBAS-702,R. Patel,LP-2026-08-P12,TRUE
HDL Cholesterol,P0373,PATIENT,,PAT0373,,97,mg/dL,2026-08-10,COBAS-501,A. Deshmukh,LP-2026-08-P01,TRUE
HDL Cholesterol,P0374,PATIENT,,PAT0374,,96,mg/dL,2026-08-11,COBAS-702,R. Patel,LP-2026-08-P02,TRUE
HDL Cholesterol,P0375,PATIENT,,PAT0375,,133,mg/dL,2026-08-12,COBAS-501,A. Deshmukh,LP-2026-08-P03,TRUE
HDL Cholesterol,P0376,PATIENT,,PAT0376,,113,mg/dL,2026-08-13,COBAS-702,R. Patel,LP-2026-08-P04,TRUE
HDL Cholesterol,P0377,PATIENT,,PAT0377,,84,mg/dL,2026-08-14,COBAS-501,A. Deshmukh,LP-2026-08-P05,TRUE
HDL Cholesterol,P0378,PATIENT,,PAT0378,,126,mg/dL,2026-08-15,COBAS-702,R. Patel,LP-2026-08-P06,TRUE
HDL Cholesterol,P0379,PATIENT,,PAT0379,,98,mg/dL,2026-08-10,COBAS-501,A. Deshmukh,LP-2026-08-P07,TRUE
HDL Cholesterol,P0380,PATIENT,,PAT0380,,125,mg/dL,2026-08-11,COBAS-702,R. Patel,LP-2026-08-P08,TRUE
HDL Cholesterol,P0381,PATIENT,,PAT0381,,102,mg/dL,2026-08-12,COBAS-501,A. Deshmukh,LP-2026-08-P09,TRUE
HDL Cholesterol,P0382,PATIENT,,PAT0382,,126,mg/dL,2026-08-13,COBAS-702,R. Patel,LP-2026-08-P10,TRUE
HDL Cholesterol,P0383,PATIENT,,PAT0383,,116,mg/dL,2026-08-14,COBAS-501,A. Deshmukh,LP-2026-08-P11,TRUE
HDL Cholesterol,P0384,PATIENT,,PAT0384,,96,mg/dL,2026-08-15,COBAS-702,R. Patel,LP-2026-08-P12,TRUE
HDL Cholesterol,P0385,PATIENT,,PAT0385,,104,mg/dL,2026-08-10,COBAS-501,A. Deshmukh,LP-2026-08-P01,TRUE
HDL Cholesterol,P0386,PATIENT,,PAT0386,,47,mg/dL,2026-08-11,COBAS-702,R. Patel,LP-2026-08-P02,TRUE
HDL Cholesterol,P0387,PATIENT,,PAT0387,,126,mg/dL,2026-08-12,COBAS-501,A. Deshmukh,LP-2026-08-P03,TRUE
HDL Cholesterol,P0388,PATIENT,,PAT0388,,89,mg/dL,2026-08-13,COBAS-702,R. Patel,LP-2026-08-P04,TRUE
HDL Cholesterol,P0389,PATIENT,,PAT0389,,109,mg/dL,2026-08-14,COBAS-501,A. Deshmukh,LP-2026-08-P05,FALSE
HDL Cholesterol,P0390,PATIENT,,PAT0390,,95,mg/dL,2026-08-15,COBAS-702,R. Patel,LP-2026-08-P06,TRUE
HDL Cholesterol,P0391,PATIENT,,PAT0391,,92,mg/dL,2026-08-10,COBAS-501,A. Deshmukh,LP-2026-08-P07,TRUE
HDL Cholesterol,P0392,PATIENT,,PAT0392,,102,mg/dL,2026-08-11,COBAS-702,R. Patel,LP-2026-08-P08,TRUE
HDL Cholesterol,P0393,PATIENT,,PAT0393,,60,mg/dL,2026-08-12,COBAS-501,A. Deshmukh,LP-2026-08-P09,TRUE
HDL Cholesterol,P0394,PATIENT,,PAT0394,,138,mg/dL,2026-08-13,COBAS-702,R. Patel,LP-2026-08-P10,TRUE
HDL Cholesterol,P0395,PATIENT,,PAT0395,,123,mg/dL,2026-08-14,COBAS-501,A. Deshmukh,LP-2026-08-P11,TRUE
HDL Cholesterol,P0396,PATIENT,,PAT0396,,40,mg/dL,2026-08-15,COBAS-702,R. Patel,LP-2026-08-P12,TRUE
HDL Cholesterol,P0397,PATIENT,,PAT0397,,66,mg/dL,2026-08-10,COBAS-501,A. Deshmukh,LP-2026-08-P01,TRUE
HDL Cholesterol,P0398,PATIENT,,PAT0398,,92,mg/dL,2026-08-11,COBAS-702,R. Patel,LP-2026-08-P02,TRUE
HDL Cholesterol,P0399,PATIENT,,PAT0399,,78,mg/dL,2026-08-12,COBAS-501,A. Deshmukh,LP-2026-08-P03,TRUE
HDL Cholesterol,P0400,PATIENT,,PAT0400,,88,mg/dL,2026-08-13,COBAS-702,R. Patel,LP-2026-08-P04,TRUE
HDL Cholesterol,P0401,PATIENT,,PAT0401,,66,mg/dL,2026-08-14,COBAS-501,A. Deshmukh,LP-2026-08-P05,TRUE
HDL Cholesterol,P0402,PATIENT,,PAT0402,,83,mg/dL,2026-08-15,COBAS-702,R. Patel,LP-2026-08-P06,TRUE
HDL Cholesterol,P0403,PATIENT,,PAT0403,,82,mg/dL,2026-08-10,COBAS-501,A. Deshmukh,LP-2026-08-P07,TRUE
HDL Cholesterol,P0404,PATIENT,,PAT0404,,88,mg/dL,2026-08-11,COBAS-702,R. Patel,LP-2026-08-P08,TRUE
HDL Cholesterol,P0405,PATIENT,,PAT0405,,84,mg/dL,2026-08-12,COBAS-501,A. Deshmukh,LP-2026-08-P09,TRUE
HDL Cholesterol,P0406,PATIENT,,PAT0406,,115,mg/dL,2026-08-13,COBAS-702,R. Patel,LP-2026-08-P10,TRUE
HDL Cholesterol,P0407,PATIENT,,PAT0407,,117,mg/dL,2026-08-14,COBAS-501,A. Deshmukh,LP-2026-08-P11,TRUE
HDL Cholesterol,P0408,PATIENT,,PAT0408,,77,mg/dL,2026-08-15,COBAS-702,R. Patel,LP-2026-08-P12,TRUE
HDL Cholesterol,P0409,PATIENT,,PAT0409,,82,mg/dL,2026-08-10,COBAS-501,A. Deshmukh,LP-2026-08-P01,TRUE
HDL Cholesterol,P0410,PATIENT,,PAT0410,,121,mg/dL,2026-08-11,COBAS-702,R. Patel,LP-2026-08-P02,TRUE
HDL Cholesterol,P0411,PATIENT,,PAT0411,,96,mg/dL,2026-08-12,COBAS-501,A. Deshmukh,LP-2026-08-P03,TRUE
HDL Cholesterol,P0412,PATIENT,,PAT0412,,93,mg/dL,2026-08-13,COBAS-702,R. Patel,LP-2026-08-P04,TRUE
HDL Cholesterol,P0413,PATIENT,,PAT0413,,107,mg/dL,2026-08-14,COBAS-501,A. Deshmukh,LP-2026-08-P05,TRUE
HDL Cholesterol,P0414,PATIENT,,PAT0414,,118,mg/dL,2026-08-15,COBAS-702,R. Patel,LP-2026-08-P06,TRUE
HDL Cholesterol,P0415,PATIENT,,PAT0415,,83,mg/dL,2026-08-10,COBAS-501,A. Deshmukh,LP-2026-08-P07,TRUE
HDL Cholesterol,P0416,PATIENT,,PAT0416,,84,mg/dL,2026-08-11,COBAS-702,R. Patel,LP-2026-08-P08,TRUE
HDL Cholesterol,P0417,PATIENT,,PAT0417,,146,mg/dL,2026-08-12,COBAS-501,A. Deshmukh,LP-2026-08-P09,TRUE
HDL Cholesterol,P0418,PATIENT,,PAT0418,,84,mg/dL,2026-08-13,COBAS-702,R. Patel,LP-2026-08-P10,TRUE
HDL Cholesterol,P0419,PATIENT,,PAT0419,,118,mg/dL,2026-08-14,COBAS-501,A. Deshmukh,LP-2026-08-P11,TRUE
HDL Cholesterol,P0420,PATIENT,,PAT0420,,136,mg/dL,2026-08-15,COBAS-702,R. Patel,LP-2026-08-P12,TRUE
HDL Cholesterol,P0421,PATIENT,,PAT0421,,202,mg/dL,2026-08-10,COBAS-501,A. Deshmukh,LP-2026-08-P01,TRUE
HDL Cholesterol,P0422,PATIENT,,PAT0422,,39,mg/dL,2026-08-11,COBAS-702,R. Patel,LP-2026-08-P02,TRUE
HDL Cholesterol,P0423,PATIENT,,PAT0423,,122,mg/dL,2026-08-12,COBAS-501,A. Deshmukh,LP-2026-08-P03,TRUE
HDL Cholesterol,P0424,PATIENT,,PAT0424,,128,mg/dL,2026-08-13,COBAS-702,R. Patel,LP-2026-08-P04,TRUE
HDL Cholesterol,P0425,PATIENT,,PAT0425,,69,mg/dL,2026-08-14,COBAS-501,A. Deshmukh,LP-2026-08-P05,TRUE
HDL Cholesterol,P0426,PATIENT,,PAT0426,,97,mg/dL,2026-08-15,COBAS-702,R. Patel,LP-2026-08-P06,TRUE
HDL Cholesterol,P0427,PATIENT,,PAT0427,,97,mg/dL,2026-08-10,COBAS-501,A. Deshmukh,LP-2026-08-P07,TRUE
HDL Cholesterol,P0428,PATIENT,,PAT0428,,93,mg/dL,2026-08-11,COBAS-702,R. Patel,LP-2026-08-P08,TRUE
HDL Cholesterol,P0429,PATIENT,,PAT0429,,108,mg/dL,2026-08-12,COBAS-501,A. Deshmukh,LP-2026-08-P09,TRUE
HDL Cholesterol,P0430,PATIENT,,PAT0430,,101,mg/dL,2026-08-13,COBAS-702,R. Patel,LP-2026-08-P10,TRUE
HDL Cholesterol,P0431,PATIENT,,PAT0431,,147,mg/dL,2026-08-14,COBAS-501,A. Deshmukh,LP-2026-08-P11,TRUE
HDL Cholesterol,P0432,PATIENT,,PAT0432,,140,mg/dL,2026-08-15,COBAS-702,R. Patel,LP-2026-08-P12,TRUE
HDL Cholesterol,P0433,PATIENT,,PAT0433,,79,mg/dL,2026-08-10,COBAS-501,A. Deshmukh,LP-2026-08-P01,TRUE
HDL Cholesterol,P0434,PATIENT,,PAT0434,,93,mg/dL,2026-08-11,COBAS-702,R. Patel,LP-2026-08-P02,TRUE
HDL Cholesterol,P0435,PATIENT,,PAT0435,,129,mg/dL,2026-08-12,COBAS-501,A. Deshmukh,LP-2026-08-P03,TRUE
HDL Cholesterol,P0436,PATIENT,,PAT0436,,112,mg/dL,2026-08-13,COBAS-702,R. Patel,LP-2026-08-P04,TRUE
HDL Cholesterol,P0437,PATIENT,,PAT0437,,124,mg/dL,2026-08-14,COBAS-501,A. Deshmukh,LP-2026-08-P05,TRUE
HDL Cholesterol,P0438,PATIENT,,PAT0438,,103,mg/dL,2026-08-15,COBAS-702,R. Patel,LP-2026-08-P06,TRUE
HDL Cholesterol,P0439,PATIENT,,PAT0439,,76,mg/dL,2026-08-10,COBAS-501,A. Deshmukh,LP-2026-08-P07,TRUE
HDL Cholesterol,P0440,PATIENT,,PAT0440,,88,mg/dL,2026-08-11,COBAS-702,R. Patel,LP-2026-08-P08,TRUE
HDL Cholesterol,P0441,PATIENT,,PAT0441,,138,mg/dL,2026-08-12,COBAS-501,A. Deshmukh,LP-2026-08-P09,TRUE
HDL Cholesterol,P0442,PATIENT,,PAT0442,,128,mg/dL,2026-08-13,COBAS-702,R. Patel,LP-2026-08-P10,TRUE
HDL Cholesterol,P0443,PATIENT,,PAT0443,,92,mg/dL,2026-08-14,COBAS-501,A. Deshmukh,LP-2026-08-P11,TRUE
HDL Cholesterol,P0444,PATIENT,,PAT0444,,101,mg/dL,2026-08-15,COBAS-702,R. Patel,LP-2026-08-P12,TRUE
HDL Cholesterol,P0445,PATIENT,,PAT0445,,115,mg/dL,2026-08-10,COBAS-501,A. Deshmukh,LP-2026-08-P01,TRUE
HDL Cholesterol,P0446,PATIENT,,PAT0446,,102,mg/dL,2026-08-11,COBAS-702,R. Patel,LP-2026-08-P02,TRUE
HDL Cholesterol,P0447,PATIENT,,PAT0447,,121,mg/dL,2026-08-12,COBAS-501,A. Deshmukh,LP-2026-08-P03,TRUE
HDL Cholesterol,P0448,PATIENT,,PAT0448,,99,mg/dL,2026-08-13,COBAS-702,R. Patel,LP-2026-08-P04,TRUE
HDL Cholesterol,P0449,PATIENT,,PAT0449,,92,mg/dL,2026-08-14,COBAS-501,A. Deshmukh,LP-2026-08-P05,TRUE
HDL Cholesterol,P0450,PATIENT,,PAT0450,,132,mg/dL,2026-08-15,COBAS-702,R. Patel,LP-2026-08-P06,TRUE
HDL Cholesterol,P0451,PATIENT,,PAT0451,,100,mg/dL,2026-08-10,COBAS-501,A. Deshmukh,LP-2026-08-P07,TRUE
HDL Cholesterol,P0452,PATIENT,,PAT0452,,124,mg/dL,2026-08-11,COBAS-702,R. Patel,LP-2026-08-P08,TRUE
HDL Cholesterol,P0453,PATIENT,,PAT0453,,78,mg/dL,2026-08-12,COBAS-501,A. Deshmukh,LP-2026-08-P09,TRUE
HDL Cholesterol,P0454,PATIENT,,PAT0454,,94,mg/dL,2026-08-13,COBAS-702,R. Patel,LP-2026-08-P10,TRUE
HDL Cholesterol,P0455,PATIENT,,PAT0455,,110,mg/dL,2026-08-14,COBAS-501,A. Deshmukh,LP-2026-08-P11,TRUE
HDL Cholesterol,P0456,PATIENT,,PAT0456,,84,mg/dL,2026-08-15,COBAS-702,R. Patel,LP-2026-08-P12,TRUE
HDL Cholesterol,P0457,PATIENT,,PAT0457,,44,mg/dL,2026-08-10,COBAS-501,A. Deshmukh,LP-2026-08-P01,TRUE
HDL Cholesterol,P0458,PATIENT,,PAT0458,,133,mg/dL,2026-08-11,COBAS-702,R. Patel,LP-2026-08-P02,TRUE
HDL Cholesterol,P0459,PATIENT,,PAT0459,,127,mg/dL,2026-08-12,COBAS-501,A. Deshmukh,LP-2026-08-P03,TRUE
HDL Cholesterol,P0460,PATIENT,,PAT0460,,99,mg/dL,2026-08-13,COBAS-702,R. Patel,LP-2026-08-P04,TRUE
HDL Cholesterol,P0461,PATIENT,,PAT0461,,65,mg/dL,2026-08-14,COBAS-501,A. Deshmukh,LP-2026-08-P05,TRUE
HDL Cholesterol,P0462,PATIENT,,PAT0462,,223,mg/dL,2026-08-15,COBAS-702,R. Patel,LP-2026-08-P06,TRUE
HDL Cholesterol,P0463,PATIENT,,PAT0463,,143,mg/dL,2026-08-10,COBAS-501,A. Deshmukh,LP-2026-08-P07,TRUE
HDL Cholesterol,P0464,PATIENT,,PAT0464,,95,mg/dL,2026-08-11,COBAS-702,R. Patel,LP-2026-08-P08,TRUE
HDL Cholesterol,P0465,PATIENT,,PAT0465,,80,mg/dL,2026-08-12,COBAS-501,A. Deshmukh,LP-2026-08-P09,TRUE
HDL Cholesterol,P0466,PATIENT,,PAT0466,,126,mg/dL,2026-08-13,COBAS-702,R. Patel,LP-2026-08-P10,TRUE
HDL Cholesterol,P0467,PATIENT,,PAT0467,,89,mg/dL,2026-08-14,COBAS-501,A. Deshmukh,LP-2026-08-P11,TRUE
HDL Cholesterol,P0468,PATIENT,,PAT0468,,112,mg/dL,2026-08-15,COBAS-702,R. Patel,LP-2026-08-P12,TRUE
HDL Cholesterol,P0469,PATIENT,,PAT0469,,96,mg/dL,2026-08-10,COBAS-501,A. Deshmukh,LP-2026-08-P01,TRUE
HDL Cholesterol,P0470,PATIENT,,PAT0470,,117,mg/dL,2026-08-11,COBAS-702,R. Patel,LP-2026-08-P02,TRUE
HDL Cholesterol,P0471,PATIENT,,PAT0471,,187,mg/dL,2026-08-12,COBAS-501,A. Deshmukh,LP-2026-08-P03,TRUE
HDL Cholesterol,P0472,PATIENT,,PAT0472,,107,mg/dL,2026-08-13,COBAS-702,R. Patel,LP-2026-08-P04,TRUE
HDL Cholesterol,P0473,PATIENT,,PAT0473,,85,mg/dL,2026-08-14,COBAS-501,A. Deshmukh,LP-2026-08-P05,TRUE
HDL Cholesterol,P0474,PATIENT,,PAT0474,,57,mg/dL,2026-08-15,COBAS-702,R. Patel,LP-2026-08-P06,TRUE
HDL Cholesterol,P0475,PATIENT,,PAT0475,,83,mg/dL,2026-08-10,COBAS-501,A. Deshmukh,LP-2026-08-P07,TRUE
HDL Cholesterol,P0476,PATIENT,,PAT0476,,78,mg/dL,2026-08-11,COBAS-702,R. Patel,LP-2026-08-P08,TRUE
HDL Cholesterol,P0477,PATIENT,,PAT0477,,66,mg/dL,2026-08-12,COBAS-501,A. Deshmukh,LP-2026-08-P09,TRUE
HDL Cholesterol,P0478,PATIENT,,PAT0478,,135,mg/dL,2026-08-13,COBAS-702,R. Patel,LP-2026-08-P10,TRUE
HDL Cholesterol,P0479,PATIENT,,PAT0479,,100,mg/dL,2026-08-14,COBAS-501,A. Deshmukh,LP-2026-08-P11,TRUE
HDL Cholesterol,P0480,PATIENT,,PAT0480,,79,mg/dL,2026-08-15,COBAS-702,R. Patel,LP-2026-08-P12,TRUE
HDL Cholesterol,P0481,PATIENT,,PAT0481,,156,mg/dL,2026-08-10,COBAS-501,A. Deshmukh,LP-2026-08-P01,TRUE
HDL Cholesterol,P0482,PATIENT,,PAT0482,,98,mg/dL,2026-08-11,COBAS-702,R. Patel,LP-2026-08-P02,TRUE
HDL Cholesterol,P0483,PATIENT,,PAT0483,,98,mg/dL,2026-08-12,COBAS-501,A. Deshmukh,LP-2026-08-P03,TRUE
HDL Cholesterol,P0484,PATIENT,,PAT0484,,101,mg/dL,2026-08-13,COBAS-702,R. Patel,LP-2026-08-P04,TRUE
HDL Cholesterol,P0485,PATIENT,,PAT0485,,101,mg/dL,2026-08-14,COBAS-501,A. Deshmukh,LP-2026-08-P05,TRUE
HDL Cholesterol,P0486,PATIENT,,PAT0486,,99,mg/dL,2026-08-15,COBAS-702,R. Patel,LP-2026-08-P06,FALSE
HDL Cholesterol,P0487,PATIENT,,PAT0487,,134,mg/dL,2026-08-10,COBAS-501,A. Deshmukh,LP-2026-08-P07,TRUE
HDL Cholesterol,P0488,PATIENT,,PAT0488,,107,mg/dL,2026-08-11,COBAS-702,R. Patel,LP-2026-08-P08,TRUE
HDL Cholesterol,P0489,PATIENT,,PAT0489,,75,mg/dL,2026-08-12,COBAS-501,A. Deshmukh,LP-2026-08-P09,TRUE
HDL Cholesterol,P0490,PATIENT,,PAT0490,,125,mg/dL,2026-08-13,COBAS-702,R. Patel,LP-2026-08-P10,TRUE
HDL Cholesterol,P0491,PATIENT,,PAT0491,,109,mg/dL,2026-08-14,COBAS-501,A. Deshmukh,LP-2026-08-P11,TRUE
HDL Cholesterol,P0492,PATIENT,,PAT0492,,113,mg/dL,2026-08-15,COBAS-702,R. Patel,LP-2026-08-P12,TRUE
HDL Cholesterol,P0493,PATIENT,,PAT0493,,96,mg/dL,2026-08-10,COBAS-501,A. Deshmukh,LP-2026-08-P01,TRUE
HDL Cholesterol,P0494,PATIENT,,PAT0494,,86,mg/dL,2026-08-11,COBAS-702,R. Patel,LP-2026-08-P02,TRUE
HDL Cholesterol,P0495,PATIENT,,PAT0495,,90,mg/dL,2026-08-12,COBAS-501,A. Deshmukh,LP-2026-08-P03,TRUE
HDL Cholesterol,P0496,PATIENT,,PAT0496,,72,mg/dL,2026-08-13,COBAS-702,R. Patel,LP-2026-08-P04,TRUE
HDL Cholesterol,P0497,PATIENT,,PAT0497,,113,mg/dL,2026-08-14,COBAS-501,A. Deshmukh,LP-2026-08-P05,TRUE
HDL Cholesterol,P0498,PATIENT,,PAT0498,,122,mg/dL,2026-08-15,COBAS-702,R. Patel,LP-2026-08-P06,TRUE
HDL Cholesterol,P0499,PATIENT,,PAT0499,,74,mg/dL,2026-08-10,COBAS-501,A. Deshmukh,LP-2026-08-P07,TRUE
HDL Cholesterol,P0500,PATIENT,,PAT0500,,181,mg/dL,2026-08-11,COBAS-702,R. Patel,LP-2026-08-P08,TRUE
HDL Cholesterol,P0501,PATIENT,,PAT0501,,80,mg/dL,2026-08-12,COBAS-501,A. Deshmukh,LP-2026-08-P09,TRUE
HDL Cholesterol,P0502,PATIENT,,PAT0502,,93,mg/dL,2026-08-13,COBAS-702,R. Patel,LP-2026-08-P10,TRUE
HDL Cholesterol,P0503,PATIENT,,PAT0503,,112,mg/dL,2026-08-14,COBAS-501,A. Deshmukh,LP-2026-08-P11,TRUE
HDL Cholesterol,P0504,PATIENT,,PAT0504,,204,mg/dL,2026-08-15,COBAS-702,R. Patel,LP-2026-08-P12,TRUE
HDL Cholesterol,P0505,PATIENT,,PAT0505,,95,mg/dL,2026-08-10,COBAS-501,A. Deshmukh,LP-2026-08-P01,TRUE
HDL Cholesterol,P0506,PATIENT,,PAT0506,,100,mg/dL,2026-08-11,COBAS-702,R. Patel,LP-2026-08-P02,TRUE
HDL Cholesterol,P0507,PATIENT,,PAT0507,,117,mg/dL,2026-08-12,COBAS-501,A. Deshmukh,LP-2026-08-P03,TRUE
HDL Cholesterol,P0508,PATIENT,,PAT0508,,124,mg/dL,2026-08-13,COBAS-702,R. Patel,LP-2026-08-P04,TRUE
HDL Cholesterol,P0509,PATIENT,,PAT0509,,33,mg/dL,2026-08-14,COBAS-501,A. Deshmukh,LP-2026-08-P05,TRUE
HDL Cholesterol,P0510,PATIENT,,PAT0510,,107,mg/dL,2026-08-15,COBAS-702,R. Patel,LP-2026-08-P06,TRUE
HDL Cholesterol,P0511,PATIENT,,PAT0511,,103,mg/dL,2026-08-10,COBAS-501,A. Deshmukh,LP-2026-08-P07,TRUE
HDL Cholesterol,P0512,PATIENT,,PAT0512,,122,mg/dL,2026-08-11,COBAS-702,R. Patel,LP-2026-08-P08,TRUE
HDL Cholesterol,P0513,PATIENT,,PAT0513,,124,mg/dL,2026-08-12,COBAS-501,A. Deshmukh,LP-2026-08-P09,TRUE
HDL Cholesterol,P0514,PATIENT,,PAT0514,,119,mg/dL,2026-08-13,COBAS-702,R. Patel,LP-2026-08-P10,TRUE
HDL Cholesterol,P0515,PATIENT,,PAT0515,,138,mg/dL,2026-08-14,COBAS-501,A. Deshmukh,LP-2026-08-P11,TRUE
HDL Cholesterol,P0516,PATIENT,,PAT0516,,41,mg/dL,2026-08-15,COBAS-702,R. Patel,LP-2026-08-P12,TRUE
HDL Cholesterol,P0517,PATIENT,,PAT0517,,106,mg/dL,2026-08-10,COBAS-501,A. Deshmukh,LP-2026-08-P01,TRUE
HDL Cholesterol,P0518,PATIENT,,PAT0518,,91,mg/dL,2026-08-11,COBAS-702,R. Patel,LP-2026-08-P02,TRUE
HDL Cholesterol,P0519,PATIENT,,PAT0519,,114,mg/dL,2026-08-12,COBAS-501,A. Deshmukh,LP-2026-08-P03,TRUE
HDL Cholesterol,P0520,PATIENT,,PAT0520,,114,mg/dL,2026-08-13,COBAS-702,R. Patel,LP-2026-08-P04,TRUE
HDL Cholesterol,P0521,PATIENT,,PAT0521,,133,mg/dL,2026-08-14,COBAS-501,A. Deshmukh,LP-2026-08-P05,TRUE
HDL Cholesterol,P0522,PATIENT,,PAT0522,,95,mg/dL,2026-08-15,COBAS-702,R. Patel,LP-2026-08-P06,TRUE
HDL Cholesterol,P0523,PATIENT,,PAT0523,,68,mg/dL,2026-08-10,COBAS-501,A. Deshmukh,LP-2026-08-P07,TRUE
HDL Cholesterol,P0524,PATIENT,,PAT0524,,106,mg/dL,2026-08-11,COBAS-702,R. Patel,LP-2026-08-P08,TRUE
HDL Cholesterol,P0525,PATIENT,,PAT0525,,135,mg/dL,2026-08-12,COBAS-501,A. Deshmukh,LP-2026-08-P09,TRUE
HDL Cholesterol,P0526,PATIENT,,PAT0526,,88,mg/dL,2026-08-13,COBAS-702,R. Patel,LP-2026-08-P10,TRUE
HDL Cholesterol,P0527,PATIENT,,PAT0527,,81,mg/dL,2026-08-14,COBAS-501,A. Deshmukh,LP-2026-08-P11,TRUE
HDL Cholesterol,P0528,PATIENT,,PAT0528,,80,mg/dL,2026-08-15,COBAS-702,R. Patel,LP-2026-08-P12,TRUE
HDL Cholesterol,P0529,PATIENT,,PAT0529,,88,mg/dL,2026-08-10,COBAS-501,A. Deshmukh,LP-2026-08-P01,TRUE
HDL Cholesterol,P0530,PATIENT,,PAT0530,,126,mg/dL,2026-08-11,COBAS-702,R. Patel,LP-2026-08-P02,TRUE
HDL Cholesterol,P0531,PATIENT,,PAT0531,,94,mg/dL,2026-08-12,COBAS-501,A. Deshmukh,LP-2026-08-P03,TRUE
HDL Cholesterol,P0532,PATIENT,,PAT0532,,101,mg/dL,2026-08-13,COBAS-702,R. Patel,LP-2026-08-P04,TRUE
HDL Cholesterol,P0533,PATIENT,,PAT0533,,93,mg/dL,2026-08-14,COBAS-501,A. Deshmukh,LP-2026-08-P05,TRUE
HDL Cholesterol,P0534,PATIENT,,PAT0534,,70,mg/dL,2026-08-15,COBAS-702,R. Patel,LP-2026-08-P06,TRUE
HDL Cholesterol,P0535,PATIENT,,PAT0535,,163,mg/dL,2026-08-10,COBAS-501,A. Deshmukh,LP-2026-08-P07,TRUE
HDL Cholesterol,P0536,PATIENT,,PAT0536,,103,mg/dL,2026-08-11,COBAS-702,R. Patel,LP-2026-08-P08,TRUE
HDL Cholesterol,P0537,PATIENT,,PAT0537,,111,mg/dL,2026-08-12,COBAS-501,A. Deshmukh,LP-2026-08-P09,TRUE
HDL Cholesterol,P0538,PATIENT,,PAT0538,,113,mg/dL,2026-08-13,COBAS-702,R. Patel,LP-2026-08-P10,TRUE
HDL Cholesterol,P0539,PATIENT,,PAT0539,,124,mg/dL,2026-08-14,COBAS-501,A. Deshmukh,LP-2026-08-P11,TRUE
HDL Cholesterol,P0540,PATIENT,,PAT0540,,95,mg/dL,2026-08-15,COBAS-702,R. Patel,LP-2026-08-P12,TRUE
HDL Cholesterol,P0541,PATIENT,,PAT0541,,107,mg/dL,2026-08-10,COBAS-501,A. Deshmukh,LP-2026-08-P01,TRUE
HDL Cholesterol,P0542,PATIENT,,PAT0542,,70,mg/dL,2026-08-11,COBAS-702,R. Patel,LP-2026-08-P02,TRUE
HDL Cholesterol,P0543,PATIENT,,PAT0543,,87,mg/dL,2026-08-12,COBAS-501,A. Deshmukh,LP-2026-08-P03,TRUE
HDL Cholesterol,P0544,PATIENT,,PAT0544,,93,mg/dL,2026-08-13,COBAS-702,R. Patel,LP-2026-08-P04,TRUE
HDL Cholesterol,P0545,PATIENT,,PAT0545,,134,mg/dL,2026-08-14,COBAS-501,A. Deshmukh,LP-2026-08-P05,TRUE
HDL Cholesterol,P0546,PATIENT,,PAT0546,,110,mg/dL,2026-08-15,COBAS-702,R. Patel,LP-2026-08-P06,TRUE
HDL Cholesterol,P0547,PATIENT,,PAT0547,,147,mg/dL,2026-08-10,COBAS-501,A. Deshmukh,LP-2026-08-P07,TRUE
HDL Cholesterol,P0548,PATIENT,,PAT0548,,60,mg/dL,2026-08-11,COBAS-702,R. Patel,LP-2026-08-P08,TRUE
HDL Cholesterol,P0549,PATIENT,,PAT0549,,99,mg/dL,2026-08-12,COBAS-501,A. Deshmukh,LP-2026-08-P09,TRUE
HDL Cholesterol,P0550,PATIENT,,PAT0550,,87,mg/dL,2026-08-13,COBAS-702,R. Patel,LP-2026-08-P10,TRUE
HDL Cholesterol,P0551,PATIENT,,PAT0551,,47,mg/dL,2026-08-14,COBAS-501,A. Deshmukh,LP-2026-08-P11,TRUE
HDL Cholesterol,P0552,PATIENT,,PAT0552,,115,mg/dL,2026-08-15,COBAS-702,R. Patel,LP-2026-08-P12,TRUE
HDL Cholesterol,P0553,PATIENT,,PAT0553,,143,mg/dL,2026-08-10,COBAS-501,A. Deshmukh,LP-2026-08-P01,TRUE
HDL Cholesterol,P0554,PATIENT,,PAT0554,,121,mg/dL,2026-08-11,COBAS-702,R. Patel,LP-2026-08-P02,TRUE
HDL Cholesterol,P0555,PATIENT,,PAT0555,,128,mg/dL,2026-08-12,COBAS-501,A. Deshmukh,LP-2026-08-P03,TRUE
HDL Cholesterol,P0556,PATIENT,,PAT0556,,67,mg/dL,2026-08-13,COBAS-702,R. Patel,LP-2026-08-P04,TRUE
HDL Cholesterol,P0557,PATIENT,,PAT0557,,121,mg/dL,2026-08-14,COBAS-501,A. Deshmukh,LP-2026-08-P05,TRUE
HDL Cholesterol,P0558,PATIENT,,PAT0558,,137,mg/dL,2026-08-15,COBAS-702,R. Patel,LP-2026-08-P06,TRUE
HDL Cholesterol,P0559,PATIENT,,PAT0559,,105,mg/dL,2026-08-10,COBAS-501,A. Deshmukh,LP-2026-08-P07,TRUE
HDL Cholesterol,P0560,PATIENT,,PAT0560,,98,mg/dL,2026-08-11,COBAS-702,R. Patel,LP-2026-08-P08,TRUE
HDL Cholesterol,P0561,PATIENT,,PAT0561,,99,mg/dL,2026-08-12,COBAS-501,A. Deshmukh,LP-2026-08-P09,TRUE
HDL Cholesterol,P0562,PATIENT,,PAT0562,,87,mg/dL,2026-08-13,COBAS-702,R. Patel,LP-2026-08-P10,TRUE
HDL Cholesterol,P0563,PATIENT,,PAT0563,,163,mg/dL,2026-08-14,COBAS-501,A. Deshmukh,LP-2026-08-P11,TRUE
HDL Cholesterol,P0564,PATIENT,,PAT0564,,102,mg/dL,2026-08-15,COBAS-702,R. Patel,LP-2026-08-P12,TRUE
HDL Cholesterol,P0565,PATIENT,,PAT0565,,107,mg/dL,2026-08-10,COBAS-501,A. Deshmukh,LP-2026-08-P01,TRUE
HDL Cholesterol,P0566,PATIENT,,PAT0566,,93,mg/dL,2026-08-11,COBAS-702,R. Patel,LP-2026-08-P02,TRUE
HDL Cholesterol,P0567,PATIENT,,PAT0567,,122,mg/dL,2026-08-12,COBAS-501,A. Deshmukh,LP-2026-08-P03,TRUE
HDL Cholesterol,P0568,PATIENT,,PAT0568,,99,mg/dL,2026-08-13,COBAS-702,R. Patel,LP-2026-08-P04,TRUE
HDL Cholesterol,P0569,PATIENT,,PAT0569,,91,mg/dL,2026-08-14,COBAS-501,A. Deshmukh,LP-2026-08-P05,TRUE
HDL Cholesterol,P0570,PATIENT,,PAT0570,,98,mg/dL,2026-08-15,COBAS-702,R. Patel,LP-2026-08-P06,TRUE
HDL Cholesterol,P0571,PATIENT,,PAT0571,,103,mg/dL,2026-08-10,COBAS-501,A. Deshmukh,LP-2026-08-P07,TRUE
HDL Cholesterol,P0572,PATIENT,,PAT0572,,81,mg/dL,2026-08-11,COBAS-702,R. Patel,LP-2026-08-P08,TRUE
HDL Cholesterol,P0573,PATIENT,,PAT0573,,95,mg/dL,2026-08-12,COBAS-501,A. Deshmukh,LP-2026-08-P09,TRUE
HDL Cholesterol,P0574,PATIENT,,PAT0574,,98,mg/dL,2026-08-13,COBAS-702,R. Patel,LP-2026-08-P10,TRUE
HDL Cholesterol,P0575,PATIENT,,PAT0575,,111,mg/dL,2026-08-14,COBAS-501,A. Deshmukh,LP-2026-08-P11,TRUE
HDL Cholesterol,P0576,PATIENT,,PAT0576,,122,mg/dL,2026-08-15,COBAS-702,R. Patel,LP-2026-08-P12,TRUE
HDL Cholesterol,P0577,PATIENT,,PAT0577,,99,mg/dL,2026-08-10,COBAS-501,A. Deshmukh,LP-2026-08-P01,TRUE
HDL Cholesterol,P0578,PATIENT,,PAT0578,,114,mg/dL,2026-08-11,COBAS-702,R. Patel,LP-2026-08-P02,TRUE
HDL Cholesterol,P0579,PATIENT,,PAT0579,,105,mg/dL,2026-08-12,COBAS-501,A. Deshmukh,LP-2026-08-P03,TRUE
HDL Cholesterol,P0580,PATIENT,,PAT0580,,77,mg/dL,2026-08-13,COBAS-702,R. Patel,LP-2026-08-P04,TRUE
HDL Cholesterol,P0581,PATIENT,,PAT0581,,88,mg/dL,2026-08-14,COBAS-501,A. Deshmukh,LP-2026-08-P05,TRUE
HDL Cholesterol,P0582,PATIENT,,PAT0582,,105,mg/dL,2026-08-15,COBAS-702,R. Patel,LP-2026-08-P06,TRUE
HDL Cholesterol,P0583,PATIENT,,PAT0583,,48,mg/dL,2026-08-10,COBAS-501,A. Deshmukh,LP-2026-08-P07,FALSE
HDL Cholesterol,P0584,PATIENT,,PAT0584,,107,mg/dL,2026-08-11,COBAS-702,R. Patel,LP-2026-08-P08,TRUE
HDL Cholesterol,P0585,PATIENT,,PAT0585,,114,mg/dL,2026-08-12,COBAS-501,A. Deshmukh,LP-2026-08-P09,TRUE
HDL Cholesterol,P0586,PATIENT,,PAT0586,,163,mg/dL,2026-08-13,COBAS-702,R. Patel,LP-2026-08-P10,TRUE
HDL Cholesterol,P0587,PATIENT,,PAT0587,,106,mg/dL,2026-08-14,COBAS-501,A. Deshmukh,LP-2026-08-P11,TRUE
HDL Cholesterol,P0588,PATIENT,,PAT0588,,177,mg/dL,2026-08-15,COBAS-702,R. Patel,LP-2026-08-P12,TRUE
HDL Cholesterol,P0589,PATIENT,,PAT0589,,187,mg/dL,2026-08-10,COBAS-501,A. Deshmukh,LP-2026-08-P01,TRUE
HDL Cholesterol,P0590,PATIENT,,PAT0590,,115,mg/dL,2026-08-11,COBAS-702,R. Patel,LP-2026-08-P02,TRUE
HDL Cholesterol,P0591,PATIENT,,PAT0591,,99,mg/dL,2026-08-12,COBAS-501,A. Deshmukh,LP-2026-08-P03,TRUE
HDL Cholesterol,P0592,PATIENT,,PAT0592,,91,mg/dL,2026-08-13,COBAS-702,R. Patel,LP-2026-08-P04,TRUE
HDL Cholesterol,P0593,PATIENT,,PAT0593,,62,mg/dL,2026-08-14,COBAS-501,A. Deshmukh,LP-2026-08-P05,TRUE
HDL Cholesterol,P0594,PATIENT,,PAT0594,,125,mg/dL,2026-08-15,COBAS-702,R. Patel,LP-2026-08-P06,TRUE
HDL Cholesterol,P0595,PATIENT,,PAT0595,,113,mg/dL,2026-08-10,COBAS-501,A. Deshmukh,LP-2026-08-P07,TRUE
HDL Cholesterol,P0596,PATIENT,,PAT0596,,117,mg/dL,2026-08-11,COBAS-702,R. Patel,LP-2026-08-P08,TRUE
HDL Cholesterol,P0597,PATIENT,,PAT0597,,122,mg/dL,2026-08-12,COBAS-501,A. Deshmukh,LP-2026-08-P09,TRUE
HDL Cholesterol,P0598,PATIENT,,PAT0598,,83,mg/dL,2026-08-13,COBAS-702,R. Patel,LP-2026-08-P10,TRUE
HDL Cholesterol,P0599,PATIENT,,PAT0599,,126,mg/dL,2026-08-14,COBAS-501,A. Deshmukh,LP-2026-08-P11,TRUE
HDL Cholesterol,P0600,PATIENT,,PAT0600,,92,mg/dL,2026-08-15,COBAS-702,R. Patel,LP-2026-08-P12,TRUE
HDL Cholesterol,P0601,PATIENT,,PAT0601,,90,mg/dL,2026-08-10,COBAS-501,A. Deshmukh,LP-2026-08-P01,TRUE
HDL Cholesterol,P0602,PATIENT,,PAT0602,,115,mg/dL,2026-08-11,COBAS-702,R. Patel,LP-2026-08-P02,TRUE
HDL Cholesterol,P0603,PATIENT,,PAT0603,,77,mg/dL,2026-08-12,COBAS-501,A. Deshmukh,LP-2026-08-P03,TRUE
HDL Cholesterol,P0604,PATIENT,,PAT0604,,129,mg/dL,2026-08-13,COBAS-702,R. Patel,LP-2026-08-P04,TRUE
HDL Cholesterol,P0605,PATIENT,,PAT0605,,111,mg/dL,2026-08-14,COBAS-501,A. Deshmukh,LP-2026-08-P05,TRUE
HDL Cholesterol,P0606,PATIENT,,PAT0606,,120,mg/dL,2026-08-15,COBAS-702,R. Patel,LP-2026-08-P06,TRUE
HDL Cholesterol,P0607,PATIENT,,PAT0607,,83,mg/dL,2026-08-10,COBAS-501,A. Deshmukh,LP-2026-08-P07,TRUE
HDL Cholesterol,P0608,PATIENT,,PAT0608,,113,mg/dL,2026-08-11,COBAS-702,R. Patel,LP-2026-08-P08,TRUE
HDL Cholesterol,P0609,PATIENT,,PAT0609,,99,mg/dL,2026-08-12,COBAS-501,A. Deshmukh,LP-2026-08-P09,TRUE
HDL Cholesterol,P0610,PATIENT,,PAT0610,,143,mg/dL,2026-08-13,COBAS-702,R. Patel,LP-2026-08-P10,TRUE
HDL Cholesterol,P0611,PATIENT,,PAT0611,,96,mg/dL,2026-08-14,COBAS-501,A. Deshmukh,LP-2026-08-P11,TRUE
HDL Cholesterol,P0612,PATIENT,,PAT0612,,102,mg/dL,2026-08-15,COBAS-702,R. Patel,LP-2026-08-P12,TRUE
HDL Cholesterol,P0613,PATIENT,,PAT0613,,95,mg/dL,2026-08-10,COBAS-501,A. Deshmukh,LP-2026-08-P01,TRUE
HDL Cholesterol,P0614,PATIENT,,PAT0614,,100,mg/dL,2026-08-11,COBAS-702,R. Patel,LP-2026-08-P02,TRUE
HDL Cholesterol,P0615,PATIENT,,PAT0615,,105,mg/dL,2026-08-12,COBAS-501,A. Deshmukh,LP-2026-08-P03,TRUE
HDL Cholesterol,P0616,PATIENT,,PAT0616,,----,mg/dL,2026-08-13,COBAS-702,R. Patel,LP-2026-08-P04,FALSE
HDL Cholesterol,P0617,PATIENT,,PAT0617,,107,mg/dL,2026-08-14,COBAS-501,A. Deshmukh,LP-2026-08-P05,TRUE
HDL Cholesterol,P0618,PATIENT,,PAT0618,,89,mg/dL,2026-08-15,COBAS-702,R. Patel,LP-2026-08-P06,TRUE
HDL Cholesterol,P0619,PATIENT,,PAT0619,,64,mg/dL,2026-08-10,COBAS-501,A. Deshmukh,LP-2026-08-P07,TRUE
HDL Cholesterol,P0620,PATIENT,,PAT0620,,102,mg/dL,2026-08-11,COBAS-702,R. Patel,LP-2026-08-P08,TRUE
HDL Cholesterol,P0621,PATIENT,,PAT0621,,86,mg/dL,2026-08-12,COBAS-501,A. Deshmukh,LP-2026-08-P09,TRUE
HDL Cholesterol,P0622,PATIENT,,PAT0622,,66,mg/dL,2026-08-13,COBAS-702,R. Patel,LP-2026-08-P10,TRUE
HDL Cholesterol,P0623,PATIENT,,PAT0623,,102,mg/dL,2026-08-14,COBAS-501,A. Deshmukh,LP-2026-08-P11,TRUE
HDL Cholesterol,P0624,PATIENT,,PAT0624,,92,mg/dL,2026-08-15,COBAS-702,R. Patel,LP-2026-08-P12,TRUE
HDL Cholesterol,P0625,PATIENT,,PAT0625,,96,mg/dL,2026-08-10,COBAS-501,A. Deshmukh,LP-2026-08-P01,TRUE
HDL Cholesterol,P0626,PATIENT,,PAT0626,,145,mg/dL,2026-08-11,COBAS-702,R. Patel,LP-2026-08-P02,TRUE
HDL Cholesterol,P0627,PATIENT,,PAT0627,,102,mg/dL,2026-08-12,COBAS-501,A. Deshmukh,LP-2026-08-P03,TRUE
HDL Cholesterol,P0628,PATIENT,,PAT0628,,107,mg/dL,2026-08-13,COBAS-702,R. Patel,LP-2026-08-P04,TRUE
HDL Cholesterol,P0629,PATIENT,,PAT0629,,125,mg/dL,2026-08-14,COBAS-501,A. Deshmukh,LP-2026-08-P05,TRUE
HDL Cholesterol,P0630,PATIENT,,PAT0630,,108,mg/dL,2026-08-15,COBAS-702,R. Patel,LP-2026-08-P06,TRUE
HDL Cholesterol,P0631,PATIENT,,PAT0631,,124,mg/dL,2026-08-10,COBAS-501,A. Deshmukh,LP-2026-08-P07,TRUE
HDL Cholesterol,P0632,PATIENT,,PAT0632,,90,mg/dL,2026-08-11,COBAS-702,R. Patel,LP-2026-08-P08,TRUE
HDL Cholesterol,P0633,PATIENT,,PAT0633,,107,mg/dL,2026-08-12,COBAS-501,A. Deshmukh,LP-2026-08-P09,TRUE
HDL Cholesterol,P0634,PATIENT,,PAT0634,,91,mg/dL,2026-08-13,COBAS-702,R. Patel,LP-2026-08-P10,TRUE
HDL Cholesterol,P0635,PATIENT,,PAT0635,,123,mg/dL,2026-08-14,COBAS-501,A. Deshmukh,LP-2026-08-P11,TRUE
HDL Cholesterol,P0636,PATIENT,,PAT0636,,96,mg/dL,2026-08-15,COBAS-702,R. Patel,LP-2026-08-P12,TRUE
HDL Cholesterol,P0637,PATIENT,,PAT0637,,43,mg/dL,2026-08-10,COBAS-501,A. Deshmukh,LP-2026-08-P01,TRUE
HDL Cholesterol,P0638,PATIENT,,PAT0638,,114,mg/dL,2026-08-11,COBAS-702,R. Patel,LP-2026-08-P02,TRUE
HDL Cholesterol,P0639,PATIENT,,PAT0639,,90,mg/dL,2026-08-12,COBAS-501,A. Deshmukh,LP-2026-08-P03,TRUE
HDL Cholesterol,P0640,PATIENT,,PAT0640,,100,mg/dL,2026-08-13,COBAS-702,R. Patel,LP-2026-08-P04,TRUE
HDL Cholesterol,P0641,PATIENT,,PAT0641,,118,mg/dL,2026-08-14,COBAS-501,A. Deshmukh,LP-2026-08-P05,TRUE
HDL Cholesterol,P0642,PATIENT,,PAT0642,,130,mg/dL,2026-08-15,COBAS-702,R. Patel,LP-2026-08-P06,TRUE
HDL Cholesterol,P0643,PATIENT,,PAT0643,,98,mg/dL,2026-08-10,COBAS-501,A. Deshmukh,LP-2026-08-P07,TRUE
HDL Cholesterol,P0644,PATIENT,,PAT0644,,91,mg/dL,2026-08-11,COBAS-702,R. Patel,LP-2026-08-P08,TRUE
HDL Cholesterol,P0645,PATIENT,,PAT0645,,90,mg/dL,2026-08-12,COBAS-501,A. Deshmukh,LP-2026-08-P09,TRUE
HDL Cholesterol,P0646,PATIENT,,PAT0646,,101,mg/dL,2026-08-13,COBAS-702,R. Patel,LP-2026-08-P10,TRUE
HDL Cholesterol,P0647,PATIENT,,PAT0647,,111,mg/dL,2026-08-14,COBAS-501,A. Deshmukh,LP-2026-08-P11,TRUE
HDL Cholesterol,P0648,PATIENT,,PAT0648,,113,mg/dL,2026-08-15,COBAS-702,R. Patel,LP-2026-08-P12,TRUE
HDL Cholesterol,P0649,PATIENT,,PAT0649,,81,mg/dL,2026-08-10,COBAS-501,A. Deshmukh,LP-2026-08-P01,TRUE
HDL Cholesterol,P0650,PATIENT,,PAT0650,,86,mg/dL,2026-08-11,COBAS-702,R. Patel,LP-2026-08-P02,TRUE
HDL Cholesterol,P0651,PATIENT,,PAT0651,,102,mg/dL,2026-08-12,COBAS-501,A. Deshmukh,LP-2026-08-P03,TRUE
HDL Cholesterol,P0652,PATIENT,,PAT0652,,62,mg/dL,2026-08-13,COBAS-702,R. Patel,LP-2026-08-P04,TRUE
HDL Cholesterol,P0653,PATIENT,,PAT0653,,85,mg/dL,2026-08-14,COBAS-501,A. Deshmukh,LP-2026-08-P05,TRUE
HDL Cholesterol,P0654,PATIENT,,PAT0654,,111,mg/dL,2026-08-15,COBAS-702,R. Patel,LP-2026-08-P06,TRUE
HDL Cholesterol,P0655,PATIENT,,PAT0655,,144,mg/dL,2026-08-10,COBAS-501,A. Deshmukh,LP-2026-08-P07,TRUE
HDL Cholesterol,P0656,PATIENT,,PAT0656,,110,mg/dL,2026-08-11,COBAS-702,R. Patel,LP-2026-08-P08,TRUE
HDL Cholesterol,P0657,PATIENT,,PAT0657,,133,mg/dL,2026-08-12,COBAS-501,A. Deshmukh,LP-2026-08-P09,TRUE
HDL Cholesterol,P0658,PATIENT,,PAT0658,,206,mg/dL,2026-08-13,COBAS-702,R. Patel,LP-2026-08-P10,TRUE
HDL Cholesterol,P0659,PATIENT,,PAT0659,,101,mg/dL,2026-08-14,COBAS-501,A. Deshmukh,LP-2026-08-P11,TRUE
HDL Cholesterol,P0660,PATIENT,,PAT0660,,110,mg/dL,2026-08-15,COBAS-702,R. Patel,LP-2026-08-P12,TRUE
HDL Cholesterol,P0661,PATIENT,,PAT0661,,126,mg/dL,2026-08-10,COBAS-501,A. Deshmukh,LP-2026-08-P01,TRUE
HDL Cholesterol,P0662,PATIENT,,PAT0662,,118,mg/dL,2026-08-11,COBAS-702,R. Patel,LP-2026-08-P02,TRUE
HDL Cholesterol,P0663,PATIENT,,PAT0663,,102,mg/dL,2026-08-12,COBAS-501,A. Deshmukh,LP-2026-08-P03,TRUE
HDL Cholesterol,P0664,PATIENT,,PAT0664,,90,mg/dL,2026-08-13,COBAS-702,R. Patel,LP-2026-08-P04,TRUE
HDL Cholesterol,P0665,PATIENT,,PAT0665,,96,mg/dL,2026-08-14,COBAS-501,A. Deshmukh,LP-2026-08-P05,TRUE
HDL Cholesterol,P0666,PATIENT,,PAT0666,,68,mg/dL,2026-08-15,COBAS-702,R. Patel,LP-2026-08-P06,TRUE
HDL Cholesterol,P0667,PATIENT,,PAT0667,,119,mg/dL,2026-08-10,COBAS-501,A. Deshmukh,LP-2026-08-P07,TRUE
HDL Cholesterol,P0668,PATIENT,,PAT0668,,104,mg/dL,2026-08-11,COBAS-702,R. Patel,LP-2026-08-P08,TRUE
HDL Cholesterol,P0669,PATIENT,,PAT0669,,95,mg/dL,2026-08-12,COBAS-501,A. Deshmukh,LP-2026-08-P09,TRUE
HDL Cholesterol,P0670,PATIENT,,PAT0670,,114,mg/dL,2026-08-13,COBAS-702,R. Patel,LP-2026-08-P10,TRUE
HDL Cholesterol,P0671,PATIENT,,PAT0671,,60,mg/dL,2026-08-14,COBAS-501,A. Deshmukh,LP-2026-08-P11,TRUE
HDL Cholesterol,P0672,PATIENT,,PAT0672,,92,mg/dL,2026-08-15,COBAS-702,R. Patel,LP-2026-08-P12,TRUE
HDL Cholesterol,P0673,PATIENT,,PAT0673,,102,mg/dL,2026-08-10,COBAS-501,A. Deshmukh,LP-2026-08-P01,TRUE
HDL Cholesterol,P0674,PATIENT,,PAT0674,,58,mg/dL,2026-08-11,COBAS-702,R. Patel,LP-2026-08-P02,TRUE
HDL Cholesterol,P0675,PATIENT,,PAT0675,,117,mg/dL,2026-08-12,COBAS-501,A. Deshmukh,LP-2026-08-P03,TRUE
HDL Cholesterol,P0676,PATIENT,,PAT0676,,142,mg/dL,2026-08-13,COBAS-702,R. Patel,LP-2026-08-P04,TRUE
HDL Cholesterol,P0677,PATIENT,,PAT0677,,102,mg/dL,2026-08-14,COBAS-501,A. Deshmukh,LP-2026-08-P05,TRUE
HDL Cholesterol,P0678,PATIENT,,PAT0678,,112,mg/dL,2026-08-15,COBAS-702,R. Patel,LP-2026-08-P06,TRUE
HDL Cholesterol,P0679,PATIENT,,PAT0679,,92,mg/dL,2026-08-10,COBAS-501,A. Deshmukh,LP-2026-08-P07,TRUE
HDL Cholesterol,P0680,PATIENT,,PAT0680,,117,mg/dL,2026-08-11,COBAS-702,R. Patel,LP-2026-08-P08,FALSE
HDL Cholesterol,P0681,PATIENT,,PAT0681,,109,mg/dL,2026-08-12,COBAS-501,A. Deshmukh,LP-2026-08-P09,TRUE
HDL Cholesterol,P0682,PATIENT,,PAT0682,,118,mg/dL,2026-08-13,COBAS-702,R. Patel,LP-2026-08-P10,TRUE
HDL Cholesterol,P0683,PATIENT,,PAT0683,,87,mg/dL,2026-08-14,COBAS-501,A. Deshmukh,LP-2026-08-P11,TRUE
HDL Cholesterol,P0684,PATIENT,,PAT0684,,75,mg/dL,2026-08-15,COBAS-702,R. Patel,LP-2026-08-P12,TRUE
HDL Cholesterol,P0685,PATIENT,,PAT0685,,101,mg/dL,2026-08-10,COBAS-501,A. Deshmukh,LP-2026-08-P01,TRUE
HDL Cholesterol,P0686,PATIENT,,PAT0686,,101,mg/dL,2026-08-11,COBAS-702,R. Patel,LP-2026-08-P02,TRUE
HDL Cholesterol,P0687,PATIENT,,PAT0687,,113,mg/dL,2026-08-12,COBAS-501,A. Deshmukh,LP-2026-08-P03,TRUE
HDL Cholesterol,P0688,PATIENT,,PAT0688,,100,mg/dL,2026-08-13,COBAS-702,R. Patel,LP-2026-08-P04,TRUE
HDL Cholesterol,P0689,PATIENT,,PAT0689,,85,mg/dL,2026-08-14,COBAS-501,A. Deshmukh,LP-2026-08-P05,TRUE
HDL Cholesterol,P0690,PATIENT,,PAT0690,,88,mg/dL,2026-08-15,COBAS-702,R. Patel,LP-2026-08-P06,TRUE
HDL Cholesterol,P0691,PATIENT,,PAT0691,,66,mg/dL,2026-08-10,COBAS-501,A. Deshmukh,LP-2026-08-P07,TRUE
HDL Cholesterol,P0692,PATIENT,,PAT0692,,114,mg/dL,2026-08-11,COBAS-702,R. Patel,LP-2026-08-P08,TRUE
HDL Cholesterol,P0693,PATIENT,,PAT0693,,147,mg/dL,2026-08-12,COBAS-501,A. Deshmukh,LP-2026-08-P09,TRUE
HDL Cholesterol,P0694,PATIENT,,PAT0694,,119,mg/dL,2026-08-13,COBAS-702,R. Patel,LP-2026-08-P10,TRUE
HDL Cholesterol,P0695,PATIENT,,PAT0695,,57,mg/dL,2026-08-14,COBAS-501,A. Deshmukh,LP-2026-08-P11,TRUE
HDL Cholesterol,P0696,PATIENT,,PAT0696,,118,mg/dL,2026-08-15,COBAS-702,R. Patel,LP-2026-08-P12,TRUE
HDL Cholesterol,P0697,PATIENT,,PAT0697,,100,mg/dL,2026-08-10,COBAS-501,A. Deshmukh,LP-2026-08-P01,TRUE
HDL Cholesterol,P0698,PATIENT,,PAT0698,,82,mg/dL,2026-08-11,COBAS-702,R. Patel,LP-2026-08-P02,TRUE
HDL Cholesterol,P0699,PATIENT,,PAT0699,,116,mg/dL,2026-08-12,COBAS-501,A. Deshmukh,LP-2026-08-P03,TRUE
HDL Cholesterol,P0700,PATIENT,,PAT0700,,94,mg/dL,2026-08-13,COBAS-702,R. Patel,LP-2026-08-P04,TRUE
HDL Cholesterol,P0701,PATIENT,,PAT0701,,88,mg/dL,2026-08-14,COBAS-501,A. Deshmukh,LP-2026-08-P05,TRUE
HDL Cholesterol,P0702,PATIENT,,PAT0702,,76,mg/dL,2026-08-15,COBAS-702,R. Patel,LP-2026-08-P06,TRUE
HDL Cholesterol,P0703,PATIENT,,PAT0703,,106,mg/dL,2026-08-10,COBAS-501,A. Deshmukh,LP-2026-08-P07,TRUE
HDL Cholesterol,P0704,PATIENT,,PAT0704,,97,mg/dL,2026-08-11,COBAS-702,R. Patel,LP-2026-08-P08,TRUE
HDL Cholesterol,P0705,PATIENT,,PAT0705,,102,mg/dL,2026-08-12,COBAS-501,A. Deshmukh,LP-2026-08-P09,TRUE
HDL Cholesterol,P0706,PATIENT,,PAT0706,,85,mg/dL,2026-08-13,COBAS-702,R. Patel,LP-2026-08-P10,TRUE
HDL Cholesterol,P0707,PATIENT,,PAT0707,,101,mg/dL,2026-08-14,COBAS-501,A. Deshmukh,LP-2026-08-P11,TRUE
HDL Cholesterol,P0708,PATIENT,,PAT0708,,81,mg/dL,2026-08-15,COBAS-702,R. Patel,LP-2026-08-P12,TRUE
HDL Cholesterol,P0709,PATIENT,,PAT0709,,190,mg/dL,2026-08-10,COBAS-501,A. Deshmukh,LP-2026-08-P01,TRUE
HDL Cholesterol,P0710,PATIENT,,PAT0710,,121,mg/dL,2026-08-11,COBAS-702,R. Patel,LP-2026-08-P02,TRUE
HDL Cholesterol,P0711,PATIENT,,PAT0711,,94,mg/dL,2026-08-12,COBAS-501,A. Deshmukh,LP-2026-08-P03,TRUE
HDL Cholesterol,P0712,PATIENT,,PAT0712,,113,mg/dL,2026-08-13,COBAS-702,R. Patel,LP-2026-08-P04,TRUE
HDL Cholesterol,P0713,PATIENT,,PAT0713,,109,mg/dL,2026-08-14,COBAS-501,A. Deshmukh,LP-2026-08-P05,TRUE
HDL Cholesterol,P0714,PATIENT,,PAT0714,,86,mg/dL,2026-08-15,COBAS-702,R. Patel,LP-2026-08-P06,TRUE
HDL Cholesterol,P0715,PATIENT,,PAT0715,,82,mg/dL,2026-08-10,COBAS-501,A. Deshmukh,LP-2026-08-P07,TRUE
HDL Cholesterol,P0716,PATIENT,,PAT0716,,42,mg/dL,2026-08-11,COBAS-702,R. Patel,LP-2026-08-P08,TRUE
HDL Cholesterol,P0717,PATIENT,,PAT0717,,120,mg/dL,2026-08-12,COBAS-501,A. Deshmukh,LP-2026-08-P09,TRUE
HDL Cholesterol,P0718,PATIENT,,PAT0718,,121,mg/dL,2026-08-13,COBAS-702,R. Patel,LP-2026-08-P10,TRUE
HDL Cholesterol,P0719,PATIENT,,PAT0719,,81,mg/dL,2026-08-14,COBAS-501,A. Deshmukh,LP-2026-08-P11,TRUE
HDL Cholesterol,P0720,PATIENT,,PAT0720,,113,mg/dL,2026-08-15,COBAS-702,R. Patel,LP-2026-08-P12,TRUE
HDL Cholesterol,P0721,PATIENT,,PAT0721,,78,mg/dL,2026-08-10,COBAS-501,A. Deshmukh,LP-2026-08-P01,TRUE
HDL Cholesterol,P0722,PATIENT,,PAT0722,,33,mg/dL,2026-08-11,COBAS-702,R. Patel,LP-2026-08-P02,TRUE
HDL Cholesterol,P0723,PATIENT,,PAT0723,,114,mg/dL,2026-08-12,COBAS-501,A. Deshmukh,LP-2026-08-P03,TRUE
HDL Cholesterol,P0724,PATIENT,,PAT0724,,103,mg/dL,2026-08-13,COBAS-702,R. Patel,LP-2026-08-P04,TRUE
HDL Cholesterol,P0725,PATIENT,,PAT0725,,109,mg/dL,2026-08-14,COBAS-501,A. Deshmukh,LP-2026-08-P05,TRUE
HDL Cholesterol,P0726,PATIENT,,PAT0726,,87,mg/dL,2026-08-15,COBAS-702,R. Patel,LP-2026-08-P06,TRUE
HDL Cholesterol,P0727,PATIENT,,PAT0727,,116,mg/dL,2026-08-10,COBAS-501,A. Deshmukh,LP-2026-08-P07,TRUE
HDL Cholesterol,P0728,PATIENT,,PAT0728,,118,mg/dL,2026-08-11,COBAS-702,R. Patel,LP-2026-08-P08,TRUE
HDL Cholesterol,P0729,PATIENT,,PAT0729,,113,mg/dL,2026-08-12,COBAS-501,A. Deshmukh,LP-2026-08-P09,TRUE
HDL Cholesterol,P0730,PATIENT,,PAT0730,,108,mg/dL,2026-08-13,COBAS-702,R. Patel,LP-2026-08-P10,TRUE
HDL Cholesterol,P0731,PATIENT,,PAT0731,,138,mg/dL,2026-08-14,COBAS-501,A. Deshmukh,LP-2026-08-P11,TRUE
HDL Cholesterol,P0732,PATIENT,,PAT0732,,97,mg/dL,2026-08-15,COBAS-702,R. Patel,LP-2026-08-P12,TRUE
HDL Cholesterol,P0733,PATIENT,,PAT0733,,89,mg/dL,2026-08-10,COBAS-501,A. Deshmukh,LP-2026-08-P01,TRUE
HDL Cholesterol,P0734,PATIENT,,PAT0734,,75,mg/dL,2026-08-11,COBAS-702,R. Patel,LP-2026-08-P02,TRUE
HDL Cholesterol,P0735,PATIENT,,PAT0735,,100,mg/dL,2026-08-12,COBAS-501,A. Deshmukh,LP-2026-08-P03,TRUE
HDL Cholesterol,P0736,PATIENT,,PAT0736,,76,mg/dL,2026-08-13,COBAS-702,R. Patel,LP-2026-08-P04,TRUE
HDL Cholesterol,P0737,PATIENT,,PAT0737,,124,mg/dL,2026-08-14,COBAS-501,A. Deshmukh,LP-2026-08-P05,TRUE
HDL Cholesterol,P0738,PATIENT,,PAT0738,,123,mg/dL,2026-08-15,COBAS-702,R. Patel,LP-2026-08-P06,TRUE
HDL Cholesterol,P0739,PATIENT,,PAT0739,,89,mg/dL,2026-08-10,COBAS-501,A. Deshmukh,LP-2026-08-P07,TRUE
HDL Cholesterol,P0740,PATIENT,,PAT0740,,107,mg/dL,2026-08-11,COBAS-702,R. Patel,LP-2026-08-P08,TRUE
HDL Cholesterol,P0741,PATIENT,,PAT0741,,85,mg/dL,2026-08-12,COBAS-501,A. Deshmukh,LP-2026-08-P09,TRUE
HDL Cholesterol,P0742,PATIENT,,PAT0742,,136,mg/dL,2026-08-13,COBAS-702,R. Patel,LP-2026-08-P10,TRUE
HDL Cholesterol,P0743,PATIENT,,PAT0743,,118,mg/dL,2026-08-14,COBAS-501,A. Deshmukh,LP-2026-08-P11,TRUE
HDL Cholesterol,P0744,PATIENT,,PAT0744,,124,mg/dL,2026-08-15,COBAS-702,R. Patel,LP-2026-08-P12,TRUE
HDL Cholesterol,P0745,PATIENT,,PAT0745,,126,mg/dL,2026-08-10,COBAS-501,A. Deshmukh,LP-2026-08-P01,TRUE
HDL Cholesterol,P0746,PATIENT,,PAT0746,,81,mg/dL,2026-08-11,COBAS-702,R. Patel,LP-2026-08-P02,TRUE
HDL Cholesterol,P0747,PATIENT,,PAT0747,,96,mg/dL,2026-08-12,COBAS-501,A. Deshmukh,LP-2026-08-P03,TRUE
HDL Cholesterol,P0748,PATIENT,,PAT0748,,87,mg/dL,2026-08-13,COBAS-702,R. Patel,LP-2026-08-P04,TRUE
HDL Cholesterol,P0749,PATIENT,,PAT0749,,131,mg/dL,2026-08-14,COBAS-501,A. Deshmukh,LP-2026-08-P05,TRUE
HDL Cholesterol,P0750,PATIENT,,PAT0750,,162,mg/dL,2026-08-15,COBAS-702,R. Patel,LP-2026-08-P06,TRUE
HDL Cholesterol,P0751,PATIENT,,PAT0751,,102,mg/dL,2026-08-10,COBAS-501,A. Deshmukh,LP-2026-08-P07,TRUE
HDL Cholesterol,P0752,PATIENT,,PAT0752,,129,mg/dL,2026-08-11,COBAS-702,R. Patel,LP-2026-08-P08,TRUE
HDL Cholesterol,P0753,PATIENT,,PAT0753,,116,mg/dL,2026-08-12,COBAS-501,A. Deshmukh,LP-2026-08-P09,TRUE
HDL Cholesterol,P0754,PATIENT,,PAT0754,,142,mg/dL,2026-08-13,COBAS-702,R. Patel,LP-2026-08-P10,TRUE
HDL Cholesterol,P0755,PATIENT,,PAT0755,,121,mg/dL,2026-08-14,COBAS-501,A. Deshmukh,LP-2026-08-P11,TRUE
HDL Cholesterol,P0756,PATIENT,,PAT0756,,89,mg/dL,2026-08-15,COBAS-702,R. Patel,LP-2026-08-P12,TRUE
HDL Cholesterol,P0757,PATIENT,,PAT0757,,100,mg/dL,2026-08-10,COBAS-501,A. Deshmukh,LP-2026-08-P01,TRUE
HDL Cholesterol,P0758,PATIENT,,PAT0758,,161,mg/dL,2026-08-11,COBAS-702,R. Patel,LP-2026-08-P02,TRUE
HDL Cholesterol,P0759,PATIENT,,PAT0759,,88,mg/dL,2026-08-12,COBAS-501,A. Deshmukh,LP-2026-08-P03,TRUE
HDL Cholesterol,P0760,PATIENT,,PAT0760,,110,mg/dL,2026-08-13,COBAS-702,R. Patel,LP-2026-08-P04,TRUE
HDL Cholesterol,P0761,PATIENT,,PAT0761,,93,mg/dL,2026-08-14,COBAS-501,A. Deshmukh,LP-2026-08-P05,TRUE
HDL Cholesterol,P0762,PATIENT,,PAT0762,,126,mg/dL,2026-08-15,COBAS-702,R. Patel,LP-2026-08-P06,TRUE
HDL Cholesterol,P0763,PATIENT,,PAT0763,,99,mg/dL,2026-08-10,COBAS-501,A. Deshmukh,LP-2026-08-P07,TRUE
HDL Cholesterol,P0764,PATIENT,,PAT0764,,57,mg/dL,2026-08-11,COBAS-702,R. Patel,LP-2026-08-P08,TRUE
HDL Cholesterol,P0765,PATIENT,,PAT0765,,68,mg/dL,2026-08-12,COBAS-501,A. Deshmukh,LP-2026-08-P09,TRUE
HDL Cholesterol,P0766,PATIENT,,PAT0766,,80,mg/dL,2026-08-13,COBAS-702,R. Patel,LP-2026-08-P10,TRUE
HDL Cholesterol,P0767,PATIENT,,PAT0767,,112,mg/dL,2026-08-14,COBAS-501,A. Deshmukh,LP-2026-08-P11,TRUE
HDL Cholesterol,P0768,PATIENT,,PAT0768,,86,mg/dL,2026-08-15,COBAS-702,R. Patel,LP-2026-08-P12,TRUE
HDL Cholesterol,P0769,PATIENT,,PAT0769,,125,mg/dL,2026-08-10,COBAS-501,A. Deshmukh,LP-2026-08-P01,TRUE
HDL Cholesterol,P0770,PATIENT,,PAT0770,,85,mg/dL,2026-08-11,COBAS-702,R. Patel,LP-2026-08-P02,TRUE
HDL Cholesterol,P0771,PATIENT,,PAT0771,,94,mg/dL,2026-08-12,COBAS-501,A. Deshmukh,LP-2026-08-P03,TRUE
HDL Cholesterol,P0772,PATIENT,,PAT0772,,108,mg/dL,2026-08-13,COBAS-702,R. Patel,LP-2026-08-P04,TRUE
HDL Cholesterol,P0773,PATIENT,,PAT0773,,102,mg/dL,2026-08-14,COBAS-501,A. Deshmukh,LP-2026-08-P05,TRUE
HDL Cholesterol,P0774,PATIENT,,PAT0774,,104,mg/dL,2026-08-15,COBAS-702,R. Patel,LP-2026-08-P06,TRUE
HDL Cholesterol,P0775,PATIENT,,PAT0775,,122,mg/dL,2026-08-10,COBAS-501,A. Deshmukh,LP-2026-08-P07,TRUE
HDL Cholesterol,P0776,PATIENT,,PAT0776,,88,mg/dL,2026-08-11,COBAS-702,R. Patel,LP-2026-08-P08,TRUE
HDL Cholesterol,P0777,PATIENT,,PAT0777,,101,mg/dL,2026-08-12,COBAS-501,A. Deshmukh,LP-2026-08-P09,FALSE
HDL Cholesterol,P0778,PATIENT,,PAT0778,,117,mg/dL,2026-08-13,COBAS-702,R. Patel,LP-2026-08-P10,TRUE
HDL Cholesterol,P0779,PATIENT,,PAT0779,,113,mg/dL,2026-08-14,COBAS-501,A. Deshmukh,LP-2026-08-P11,TRUE
HDL Cholesterol,P0780,PATIENT,,PAT0780,,117,mg/dL,2026-08-15,COBAS-702,R. Patel,LP-2026-08-P12,TRUE
HDL Cholesterol,P0781,PATIENT,,PAT0781,,147,mg/dL,2026-08-10,COBAS-501,A. Deshmukh,LP-2026-08-P01,TRUE
HDL Cholesterol,P0782,PATIENT,,PAT0782,,86,mg/dL,2026-08-11,COBAS-702,R. Patel,LP-2026-08-P02,TRUE
HDL Cholesterol,P0783,PATIENT,,PAT0783,,126,mg/dL,2026-08-12,COBAS-501,A. Deshmukh,LP-2026-08-P03,TRUE
HDL Cholesterol,P0784,PATIENT,,PAT0784,,76,mg/dL,2026-08-13,COBAS-702,R. Patel,LP-2026-08-P04,TRUE
HDL Cholesterol,P0785,PATIENT,,PAT0785,,93,mg/dL,2026-08-14,COBAS-501,A. Deshmukh,LP-2026-08-P05,TRUE
HDL Cholesterol,P0786,PATIENT,,PAT0786,,120,mg/dL,2026-08-15,COBAS-702,R. Patel,LP-2026-08-P06,TRUE
HDL Cholesterol,P0787,PATIENT,,PAT0787,,137,mg/dL,2026-08-10,COBAS-501,A. Deshmukh,LP-2026-08-P07,TRUE
HDL Cholesterol,P0788,PATIENT,,PAT0788,,107,mg/dL,2026-08-11,COBAS-702,R. Patel,LP-2026-08-P08,TRUE
HDL Cholesterol,P0789,PATIENT,,PAT0789,,107,mg/dL,2026-08-12,COBAS-501,A. Deshmukh,LP-2026-08-P09,TRUE
HDL Cholesterol,P0790,PATIENT,,PAT0790,,78,mg/dL,2026-08-13,COBAS-702,R. Patel,LP-2026-08-P10,TRUE
HDL Cholesterol,P0791,PATIENT,,PAT0791,,104,mg/dL,2026-08-14,COBAS-501,A. Deshmukh,LP-2026-08-P11,TRUE
HDL Cholesterol,P0792,PATIENT,,PAT0792,,141,mg/dL,2026-08-15,COBAS-702,R. Patel,LP-2026-08-P12,TRUE
HDL Cholesterol,P0793,PATIENT,,PAT0793,,90,mg/dL,2026-08-10,COBAS-501,A. Deshmukh,LP-2026-08-P01,TRUE
HDL Cholesterol,P0794,PATIENT,,PAT0794,,215,mg/dL,2026-08-11,COBAS-702,R. Patel,LP-2026-08-P02,TRUE
HDL Cholesterol,P0795,PATIENT,,PAT0795,,91,mg/dL,2026-08-12,COBAS-501,A. Deshmukh,LP-2026-08-P03,TRUE
HDL Cholesterol,P0796,PATIENT,,PAT0796,,98,mg/dL,2026-08-13,COBAS-702,R. Patel,LP-2026-08-P04,TRUE
HDL Cholesterol,P0797,PATIENT,,PAT0797,,72,mg/dL,2026-08-14,COBAS-501,A. Deshmukh,LP-2026-08-P05,TRUE
HDL Cholesterol,P0798,PATIENT,,PAT0798,,71,mg/dL,2026-08-15,COBAS-702,R. Patel,LP-2026-08-P06,TRUE
HDL Cholesterol,P0799,PATIENT,,PAT0799,,102,mg/dL,2026-08-10,COBAS-501,A. Deshmukh,LP-2026-08-P07,TRUE
HDL Cholesterol,P0800,PATIENT,,PAT0800,,109,mg/dL,2026-08-11,COBAS-702,R. Patel,LP-2026-08-P08,TRUE
HDL Cholesterol,P0801,PATIENT,,PAT0801,,106,mg/dL,2026-08-12,COBAS-501,A. Deshmukh,LP-2026-08-P09,TRUE
HDL Cholesterol,P0802,PATIENT,,PAT0802,,79,mg/dL,2026-08-13,COBAS-702,R. Patel,LP-2026-08-P10,TRUE
HDL Cholesterol,P0803,PATIENT,,PAT0803,,102,mg/dL,2026-08-14,COBAS-501,A. Deshmukh,LP-2026-08-P11,TRUE
HDL Cholesterol,P0804,PATIENT,,PAT0804,,108,mg/dL,2026-08-15,COBAS-702,R. Patel,LP-2026-08-P12,TRUE
HDL Cholesterol,P0805,PATIENT,,PAT0805,,93,mg/dL,2026-08-10,COBAS-501,A. Deshmukh,LP-2026-08-P01,TRUE
HDL Cholesterol,P0806,PATIENT,,PAT0806,,80,mg/dL,2026-08-11,COBAS-702,R. Patel,LP-2026-08-P02,TRUE
HDL Cholesterol,P0807,PATIENT,,PAT0807,,98,mg/dL,2026-08-12,COBAS-501,A. Deshmukh,LP-2026-08-P03,TRUE
HDL Cholesterol,P0808,PATIENT,,PAT0808,,117,mg/dL,2026-08-13,COBAS-702,R. Patel,LP-2026-08-P04,TRUE
HDL Cholesterol,P0809,PATIENT,,PAT0809,,123,mg/dL,2026-08-14,COBAS-501,A. Deshmukh,LP-2026-08-P05,TRUE
HDL Cholesterol,P0810,PATIENT,,PAT0810,,89,mg/dL,2026-08-15,COBAS-702,R. Patel,LP-2026-08-P06,TRUE
HDL Cholesterol,P0811,PATIENT,,PAT0811,,98,mg/dL,2026-08-10,COBAS-501,A. Deshmukh,LP-2026-08-P07,TRUE
HDL Cholesterol,P0812,PATIENT,,PAT0812,,110,mg/dL,2026-08-11,COBAS-702,R. Patel,LP-2026-08-P08,TRUE
HDL Cholesterol,P0813,PATIENT,,PAT0813,,78,mg/dL,2026-08-12,COBAS-501,A. Deshmukh,LP-2026-08-P09,TRUE
HDL Cholesterol,P0814,PATIENT,,PAT0814,,117,mg/dL,2026-08-13,COBAS-702,R. Patel,LP-2026-08-P10,TRUE
HDL Cholesterol,P0815,PATIENT,,PAT0815,,162,mg/dL,2026-08-14,COBAS-501,A. Deshmukh,LP-2026-08-P11,TRUE
HDL Cholesterol,P0816,PATIENT,,PAT0816,,111,mg/dL,2026-08-15,COBAS-702,R. Patel,LP-2026-08-P12,TRUE
HDL Cholesterol,P0817,PATIENT,,PAT0817,,140,mg/dL,2026-08-10,COBAS-501,A. Deshmukh,LP-2026-08-P01,TRUE
HDL Cholesterol,P0818,PATIENT,,PAT0818,,160,mg/dL,2026-08-11,COBAS-702,R. Patel,LP-2026-08-P02,TRUE
HDL Cholesterol,P0819,PATIENT,,PAT0819,,103,mg/dL,2026-08-12,COBAS-501,A. Deshmukh,LP-2026-08-P03,TRUE
HDL Cholesterol,P0820,PATIENT,,PAT0820,,86,mg/dL,2026-08-13,COBAS-702,R. Patel,LP-2026-08-P04,TRUE
HDL Cholesterol,P0821,PATIENT,,PAT0821,,92,mg/dL,2026-08-14,COBAS-501,A. Deshmukh,LP-2026-08-P05,TRUE
HDL Cholesterol,P0822,PATIENT,,PAT0822,,101,mg/dL,2026-08-15,COBAS-702,R. Patel,LP-2026-08-P06,TRUE
HDL Cholesterol,P0823,PATIENT,,PAT0823,,94,mg/dL,2026-08-10,COBAS-501,A. Deshmukh,LP-2026-08-P07,TRUE
HDL Cholesterol,P0824,PATIENT,,PAT0824,,99,mg/dL,2026-08-11,COBAS-702,R. Patel,LP-2026-08-P08,TRUE
HDL Cholesterol,P0825,PATIENT,,PAT0825,,87,mg/dL,2026-08-12,COBAS-501,A. Deshmukh,LP-2026-08-P09,TRUE
HDL Cholesterol,P0826,PATIENT,,PAT0826,,60,mg/dL,2026-08-13,COBAS-702,R. Patel,LP-2026-08-P10,TRUE
HDL Cholesterol,P0827,PATIENT,,PAT0827,,120,mg/dL,2026-08-14,COBAS-501,A. Deshmukh,LP-2026-08-P11,TRUE
HDL Cholesterol,P0828,PATIENT,,PAT0828,,96,mg/dL,2026-08-15,COBAS-702,R. Patel,LP-2026-08-P12,TRUE